#C data file for lobster (wales)
#C file created using an r4ss function
#C file write time: 2026-06-11  17:24:15
#
1950 #_styr
2074 #_endyr
1 #_nseas
12 #_months_per_seas
2 #_Nsubseasons
1 #_spawn_month
2 #_Nsexes
20 #_Nages
1 #_N_areas
9 #_Nfleets
#_fleetinfo
#_type	surveytiming	area	units	need_catch_mult	fleetname
3	 1	1	1	0	Observer_inshore_u10        	#_1
1	-1	1	1	1	Pot_fisheries_historical    	#_2
1	-1	1	1	0	Pot_fisheries_u10           	#_3
1	-1	1	1	0	Pot_fisheries_10to12        	#_4
1	-1	1	1	0	Pot_fisheries_o12           	#_5
1	-1	1	1	1	Bycatch_fisheries_historical	#_6
1	-1	1	1	0	Bycatch_fisheries_gillnet   	#_7
1	-1	1	1	0	Bycatch_fisheries_trawl     	#_8
3	 1	1	2	0	Observer_prerecruit_u10     	#_9
#_Catch data
#_year	season	fleet	catch	catch_se
 -999	1	2	     50	 0.3	#_1         
 1950	1	2	   9.87	 0.1	#_2         
 1951	1	2	   5.64	 0.1	#_3         
 1952	1	2	   3.76	 0.1	#_4         
 1953	1	2	    4.7	 0.1	#_5         
 1954	1	2	   5.64	 0.1	#_6         
 1955	1	2	   2.82	 0.1	#_7         
 1956	1	2	   6.11	 0.1	#_8         
 1957	1	2	   6.58	 0.1	#_9         
 1958	1	2	    4.7	 0.1	#_10        
 1959	1	2	  39.01	 0.1	#_11        
 1960	1	2	   4.23	 0.1	#_12        
 1961	1	2	   5.17	 0.1	#_13        
 1962	1	2	 40.414	 0.1	#_14        
 1963	1	2	 61.364	 0.1	#_15        
 1964	1	2	 67.618	 0.1	#_16        
 1965	1	2	 60.694	 0.1	#_17        
 1966	1	2	 76.374	 0.1	#_18        
 1967	1	2	 70.338	 0.1	#_19        
 1968	1	2	 68.904	 0.1	#_20        
 1969	1	2	 84.314	 0.1	#_21        
 1970	1	2	 96.016	 0.1	#_22        
 1971	1	2	104.026	 0.1	#_23        
 1972	1	2	 86.318	 0.1	#_24        
 1973	1	2	 99.974	 0.1	#_25        
 1974	1	2	 73.582	 0.1	#_26        
 1975	1	2	  51.84	 0.1	#_27        
 1976	1	2	 54.778	 0.1	#_28        
 1977	1	2	 38.064	 0.1	#_29        
 1978	1	2	 29.212	 0.1	#_30        
 1979	1	2	 46.832	 0.1	#_31        
 1980	1	2	 23.076	 0.1	#_32        
 1981	1	2	  39.99	 0.1	#_33        
 1982	1	2	 35.096	 0.1	#_34        
 1983	1	2	 51.096	 0.1	#_35        
 1984	1	2	 54.954	 0.1	#_36        
 1985	1	2	 41.176	 0.1	#_37        
 1986	1	2	 46.246	 0.1	#_38        
 1987	1	2	 62.148	 0.1	#_39        
 1988	1	2	   57.4	 0.1	#_40        
 1989	1	2	101.762	 0.1	#_41        
 1990	1	2	  94.38	 0.1	#_42        
 1991	1	2	 76.102	 0.1	#_43        
 1992	1	2	 82.116	 0.1	#_44        
 1993	1	2	 97.564	 0.1	#_45        
 1994	1	2	 44.842	 0.1	#_46        
 1995	1	2	 46.574	 0.1	#_47        
 1996	1	2	 33.388	 0.1	#_48        
 1997	1	2	 90.784	 0.1	#_49        
 1998	1	2	100.136	 0.1	#_50        
 1999	1	2	 88.914	 0.1	#_51        
 2000	1	2	 98.278	 0.1	#_52        
 2001	1	2	 103.36	 0.1	#_53        
 2002	1	2	110.884	 0.1	#_54        
 2003	1	2	 95.914	 0.1	#_55        
 2004	1	2	 58.728	 0.1	#_56        
 2005	1	2	 54.058	 0.1	#_57        
 2006	1	2	      0	0.01	#_58        
 2007	1	2	      0	0.01	#_59        
 2008	1	2	      0	0.01	#_60        
 2009	1	2	      0	0.01	#_61        
 2010	1	2	      0	0.01	#_62        
 2011	1	2	      0	0.01	#_63        
 2012	1	2	      0	0.01	#_64        
 2013	1	2	      0	0.01	#_65        
 2014	1	2	      0	0.01	#_66        
 2015	1	2	      0	0.01	#_67        
 2016	1	2	      0	0.01	#_68        
 2017	1	2	      0	0.01	#_69        
 2018	1	2	      0	0.01	#_70        
 2019	1	2	      0	0.01	#_71        
 2020	1	2	      0	0.01	#_72        
 2021	1	2	      0	0.01	#_73        
 2022	1	2	      0	0.01	#_74        
 2023	1	2	      0	0.01	#_75        
 2024	1	2	      0	0.01	#_76        
 -999	1	3	      0	0.01	#_77        
 1950	1	3	      0	0.01	#_78        
 1951	1	3	      0	0.01	#_79        
 1952	1	3	      0	0.01	#_80        
 1953	1	3	      0	0.01	#_81        
 1954	1	3	      0	0.01	#_82        
 1955	1	3	      0	0.01	#_83        
 1956	1	3	      0	0.01	#_84        
 1957	1	3	      0	0.01	#_85        
 1958	1	3	      0	0.01	#_86        
 1959	1	3	      0	0.01	#_87        
 1960	1	3	      0	0.01	#_88        
 1961	1	3	      0	0.01	#_89        
 1962	1	3	      0	0.01	#_90        
 1963	1	3	      0	0.01	#_91        
 1964	1	3	      0	0.01	#_92        
 1965	1	3	      0	0.01	#_93        
 1966	1	3	      0	0.01	#_94        
 1967	1	3	      0	0.01	#_95        
 1968	1	3	      0	0.01	#_96        
 1969	1	3	      0	0.01	#_97        
 1970	1	3	      0	0.01	#_98        
 1971	1	3	      0	0.01	#_99        
 1972	1	3	      0	0.01	#_100       
 1973	1	3	      0	0.01	#_101       
 1974	1	3	      0	0.01	#_102       
 1975	1	3	      0	0.01	#_103       
 1976	1	3	      0	0.01	#_104       
 1977	1	3	      0	0.01	#_105       
 1978	1	3	      0	0.01	#_106       
 1979	1	3	      0	0.01	#_107       
 1980	1	3	      0	0.01	#_108       
 1981	1	3	      0	0.01	#_109       
 1982	1	3	      0	0.01	#_110       
 1983	1	3	      0	0.01	#_111       
 1984	1	3	      0	0.01	#_112       
 1985	1	3	      0	0.01	#_113       
 1986	1	3	      0	0.01	#_114       
 1987	1	3	      0	0.01	#_115       
 1988	1	3	      0	0.01	#_116       
 1989	1	3	      0	0.01	#_117       
 1990	1	3	      0	0.01	#_118       
 1991	1	3	      0	0.01	#_119       
 1992	1	3	      0	0.01	#_120       
 1993	1	3	      0	0.01	#_121       
 1994	1	3	      0	0.01	#_122       
 1995	1	3	      0	0.01	#_123       
 1996	1	3	      0	0.01	#_124       
 1997	1	3	      0	0.01	#_125       
 1998	1	3	      0	0.01	#_126       
 1999	1	3	      0	0.01	#_127       
 2000	1	3	      0	0.01	#_128       
 2001	1	3	      0	0.01	#_129       
 2002	1	3	      0	0.01	#_130       
 2003	1	3	      0	0.01	#_131       
 2004	1	3	      0	0.01	#_132       
 2005	1	3	      0	0.01	#_133       
 2006	1	3	 194.09	0.01	#_134       
 2007	1	3	 208.47	0.01	#_135       
 2008	1	3	 214.93	0.01	#_136       
 2009	1	3	 176.65	0.01	#_137       
 2010	1	3	 184.43	0.01	#_138       
 2011	1	3	 207.57	0.01	#_139       
 2012	1	3	 196.85	0.01	#_140       
 2013	1	3	 143.11	0.01	#_141       
 2014	1	3	 176.15	0.01	#_142       
 2015	1	3	 170.28	0.01	#_143       
 2016	1	3	 168.34	0.01	#_144       
 2017	1	3	 179.61	0.01	#_145       
 2018	1	3	 193.74	0.01	#_146       
 2019	1	3	 224.52	0.01	#_147       
 2020	1	3	 141.24	0.01	#_148       
 2021	1	3	 138.83	0.01	#_149       
 2022	1	3	 141.59	0.01	#_150       
 2023	1	3	 142.57	0.01	#_151       
 2024	1	3	 147.18	0.01	#_152       
 2025	1	3	      1	0.01	#_153       
 2026	1	3	      1	0.01	#_154       
 2027	1	3	      1	0.01	#_155       
 2028	1	3	      1	0.01	#_156       
 2029	1	3	      1	0.01	#_157       
 2030	1	3	      1	0.01	#_158       
 2031	1	3	      1	0.01	#_159       
 2032	1	3	      1	0.01	#_160       
 2033	1	3	      1	0.01	#_161       
 2034	1	3	      1	0.01	#_162       
 2035	1	3	      1	0.01	#_163       
 2036	1	3	      1	0.01	#_164       
 2037	1	3	      1	0.01	#_165       
 2038	1	3	      1	0.01	#_166       
 2039	1	3	      1	0.01	#_167       
 2040	1	3	      1	0.01	#_168       
 2041	1	3	      1	0.01	#_169       
 2042	1	3	      1	0.01	#_170       
 2043	1	3	      1	0.01	#_171       
 2044	1	3	      1	0.01	#_172       
 2045	1	3	      1	0.01	#_173       
 2046	1	3	      1	0.01	#_174       
 2047	1	3	      1	0.01	#_175       
 2048	1	3	      1	0.01	#_176       
 2049	1	3	      1	0.01	#_177       
 2050	1	3	      1	0.01	#_178       
 2051	1	3	      1	0.01	#_179       
 2052	1	3	      1	0.01	#_180       
 2053	1	3	      1	0.01	#_181       
 2054	1	3	      1	0.01	#_182       
 2055	1	3	      1	0.01	#_183       
 2056	1	3	      1	0.01	#_184       
 2057	1	3	      1	0.01	#_185       
 2058	1	3	      1	0.01	#_186       
 2059	1	3	      1	0.01	#_187       
 2060	1	3	      1	0.01	#_188       
 2061	1	3	      1	0.01	#_189       
 2062	1	3	      1	0.01	#_190       
 2063	1	3	      1	0.01	#_191       
 2064	1	3	      1	0.01	#_192       
 2065	1	3	      1	0.01	#_193       
 2066	1	3	      1	0.01	#_194       
 2067	1	3	      1	0.01	#_195       
 2068	1	3	      1	0.01	#_196       
 2069	1	3	      1	0.01	#_197       
 2070	1	3	      1	0.01	#_198       
 2071	1	3	      1	0.01	#_199       
 2072	1	3	      1	0.01	#_200       
 2073	1	3	      1	0.01	#_201       
 2074	1	3	      1	0.01	#_202       
 -999	1	4	      0	0.01	#_203       
 1950	1	4	      0	0.01	#_204       
 1951	1	4	      0	0.01	#_205       
 1952	1	4	      0	0.01	#_206       
 1953	1	4	      0	0.01	#_207       
 1954	1	4	      0	0.01	#_208       
 1955	1	4	      0	0.01	#_209       
 1956	1	4	      0	0.01	#_210       
 1957	1	4	      0	0.01	#_211       
 1958	1	4	      0	0.01	#_212       
 1959	1	4	      0	0.01	#_213       
 1960	1	4	      0	0.01	#_214       
 1961	1	4	      0	0.01	#_215       
 1962	1	4	      0	0.01	#_216       
 1963	1	4	      0	0.01	#_217       
 1964	1	4	      0	0.01	#_218       
 1965	1	4	      0	0.01	#_219       
 1966	1	4	      0	0.01	#_220       
 1967	1	4	      0	0.01	#_221       
 1968	1	4	      0	0.01	#_222       
 1969	1	4	      0	0.01	#_223       
 1970	1	4	      0	0.01	#_224       
 1971	1	4	      0	0.01	#_225       
 1972	1	4	      0	0.01	#_226       
 1973	1	4	      0	0.01	#_227       
 1974	1	4	      0	0.01	#_228       
 1975	1	4	      0	0.01	#_229       
 1976	1	4	      0	0.01	#_230       
 1977	1	4	      0	0.01	#_231       
 1978	1	4	      0	0.01	#_232       
 1979	1	4	      0	0.01	#_233       
 1980	1	4	      0	0.01	#_234       
 1981	1	4	      0	0.01	#_235       
 1982	1	4	      0	0.01	#_236       
 1983	1	4	      0	0.01	#_237       
 1984	1	4	      0	0.01	#_238       
 1985	1	4	      0	0.01	#_239       
 1986	1	4	      0	0.01	#_240       
 1987	1	4	      0	0.01	#_241       
 1988	1	4	      0	0.01	#_242       
 1989	1	4	      0	0.01	#_243       
 1990	1	4	      0	0.01	#_244       
 1991	1	4	      0	0.01	#_245       
 1992	1	4	      0	0.01	#_246       
 1993	1	4	      0	0.01	#_247       
 1994	1	4	      0	0.01	#_248       
 1995	1	4	      0	0.01	#_249       
 1996	1	4	      0	0.01	#_250       
 1997	1	4	      0	0.01	#_251       
 1998	1	4	      0	0.01	#_252       
 1999	1	4	      0	0.01	#_253       
 2000	1	4	      0	0.01	#_254       
 2001	1	4	      0	0.01	#_255       
 2002	1	4	      0	0.01	#_256       
 2003	1	4	      0	0.01	#_257       
 2004	1	4	      0	0.01	#_258       
 2005	1	4	      0	0.01	#_259       
 2006	1	4	   19.6	0.01	#_260       
 2007	1	4	   9.45	0.01	#_261       
 2008	1	4	   8.95	0.01	#_262       
 2009	1	4	  36.31	0.01	#_263       
 2010	1	4	  50.12	0.01	#_264       
 2011	1	4	  49.72	0.01	#_265       
 2012	1	4	  66.15	0.01	#_266       
 2013	1	4	  56.63	0.01	#_267       
 2014	1	4	  52.18	0.01	#_268       
 2015	1	4	  50.06	0.01	#_269       
 2016	1	4	  42.14	0.01	#_270       
 2017	1	4	  29.42	0.01	#_271       
 2018	1	4	  49.37	0.01	#_272       
 2019	1	4	   62.4	0.01	#_273       
 2020	1	4	  48.29	0.01	#_274       
 2021	1	4	  43.39	0.01	#_275       
 2022	1	4	  42.65	0.01	#_276       
 2023	1	4	  42.49	0.01	#_277       
 2024	1	4	   30.5	0.01	#_278       
 2025	1	4	      1	0.01	#_279       
 2026	1	4	      1	0.01	#_280       
 2027	1	4	      1	0.01	#_281       
 2028	1	4	      1	0.01	#_282       
 2029	1	4	      1	0.01	#_283       
 2030	1	4	      1	0.01	#_284       
 2031	1	4	      1	0.01	#_285       
 2032	1	4	      1	0.01	#_286       
 2033	1	4	      1	0.01	#_287       
 2034	1	4	      1	0.01	#_288       
 2035	1	4	      1	0.01	#_289       
 2036	1	4	      1	0.01	#_290       
 2037	1	4	      1	0.01	#_291       
 2038	1	4	      1	0.01	#_292       
 2039	1	4	      1	0.01	#_293       
 2040	1	4	      1	0.01	#_294       
 2041	1	4	      1	0.01	#_295       
 2042	1	4	      1	0.01	#_296       
 2043	1	4	      1	0.01	#_297       
 2044	1	4	      1	0.01	#_298       
 2045	1	4	      1	0.01	#_299       
 2046	1	4	      1	0.01	#_300       
 2047	1	4	      1	0.01	#_301       
 2048	1	4	      1	0.01	#_302       
 2049	1	4	      1	0.01	#_303       
 2050	1	4	      1	0.01	#_304       
 2051	1	4	      1	0.01	#_305       
 2052	1	4	      1	0.01	#_306       
 2053	1	4	      1	0.01	#_307       
 2054	1	4	      1	0.01	#_308       
 2055	1	4	      1	0.01	#_309       
 2056	1	4	      1	0.01	#_310       
 2057	1	4	      1	0.01	#_311       
 2058	1	4	      1	0.01	#_312       
 2059	1	4	      1	0.01	#_313       
 2060	1	4	      1	0.01	#_314       
 2061	1	4	      1	0.01	#_315       
 2062	1	4	      1	0.01	#_316       
 2063	1	4	      1	0.01	#_317       
 2064	1	4	      1	0.01	#_318       
 2065	1	4	      1	0.01	#_319       
 2066	1	4	      1	0.01	#_320       
 2067	1	4	      1	0.01	#_321       
 2068	1	4	      1	0.01	#_322       
 2069	1	4	      1	0.01	#_323       
 2070	1	4	      1	0.01	#_324       
 2071	1	4	      1	0.01	#_325       
 2072	1	4	      1	0.01	#_326       
 2073	1	4	      1	0.01	#_327       
 2074	1	4	      1	0.01	#_328       
 -999	1	5	      0	0.01	#_329       
 1950	1	5	      0	0.01	#_330       
 1951	1	5	      0	0.01	#_331       
 1952	1	5	      0	0.01	#_332       
 1953	1	5	      0	0.01	#_333       
 1954	1	5	      0	0.01	#_334       
 1955	1	5	      0	0.01	#_335       
 1956	1	5	      0	0.01	#_336       
 1957	1	5	      0	0.01	#_337       
 1958	1	5	      0	0.01	#_338       
 1959	1	5	      0	0.01	#_339       
 1960	1	5	      0	0.01	#_340       
 1961	1	5	      0	0.01	#_341       
 1962	1	5	      0	0.01	#_342       
 1963	1	5	      0	0.01	#_343       
 1964	1	5	      0	0.01	#_344       
 1965	1	5	      0	0.01	#_345       
 1966	1	5	      0	0.01	#_346       
 1967	1	5	      0	0.01	#_347       
 1968	1	5	      0	0.01	#_348       
 1969	1	5	      0	0.01	#_349       
 1970	1	5	      0	0.01	#_350       
 1971	1	5	      0	0.01	#_351       
 1972	1	5	      0	0.01	#_352       
 1973	1	5	      0	0.01	#_353       
 1974	1	5	      0	0.01	#_354       
 1975	1	5	      0	0.01	#_355       
 1976	1	5	      0	0.01	#_356       
 1977	1	5	      0	0.01	#_357       
 1978	1	5	      0	0.01	#_358       
 1979	1	5	      0	0.01	#_359       
 1980	1	5	      0	0.01	#_360       
 1981	1	5	      0	0.01	#_361       
 1982	1	5	      0	0.01	#_362       
 1983	1	5	      0	0.01	#_363       
 1984	1	5	      0	0.01	#_364       
 1985	1	5	      0	0.01	#_365       
 1986	1	5	      0	0.01	#_366       
 1987	1	5	      0	0.01	#_367       
 1988	1	5	      0	0.01	#_368       
 1989	1	5	      0	0.01	#_369       
 1990	1	5	      0	0.01	#_370       
 1991	1	5	      0	0.01	#_371       
 1992	1	5	      0	0.01	#_372       
 1993	1	5	      0	0.01	#_373       
 1994	1	5	      0	0.01	#_374       
 1995	1	5	      0	0.01	#_375       
 1996	1	5	      0	0.01	#_376       
 1997	1	5	      0	0.01	#_377       
 1998	1	5	      0	0.01	#_378       
 1999	1	5	      0	0.01	#_379       
 2000	1	5	      0	0.01	#_380       
 2001	1	5	      0	0.01	#_381       
 2002	1	5	      0	0.01	#_382       
 2003	1	5	      0	0.01	#_383       
 2004	1	5	      0	0.01	#_384       
 2005	1	5	      0	0.01	#_385       
 2006	1	5	      0	0.01	#_386       
 2007	1	5	   0.79	0.01	#_387       
 2008	1	5	    3.4	0.01	#_388       
 2009	1	5	   9.83	0.01	#_389       
 2010	1	5	  12.26	0.01	#_390       
 2011	1	5	   5.68	0.01	#_391       
 2012	1	5	   1.54	0.01	#_392       
 2013	1	5	    4.6	0.01	#_393       
 2014	1	5	   2.38	0.01	#_394       
 2015	1	5	   3.23	0.01	#_395       
 2016	1	5	    3.4	0.01	#_396       
 2017	1	5	   10.5	0.01	#_397       
 2018	1	5	   7.61	0.01	#_398       
 2019	1	5	   4.53	0.01	#_399       
 2020	1	5	   1.98	0.01	#_400       
 2021	1	5	   2.46	0.01	#_401       
 2022	1	5	   2.66	0.01	#_402       
 2023	1	5	   3.79	0.01	#_403       
 2024	1	5	   6.11	0.01	#_404       
 2025	1	5	      1	0.01	#_405       
 2026	1	5	      1	0.01	#_406       
 2027	1	5	      1	0.01	#_407       
 2028	1	5	      1	0.01	#_408       
 2029	1	5	      1	0.01	#_409       
 2030	1	5	      1	0.01	#_410       
 2031	1	5	      1	0.01	#_411       
 2032	1	5	      1	0.01	#_412       
 2033	1	5	      1	0.01	#_413       
 2034	1	5	      1	0.01	#_414       
 2035	1	5	      1	0.01	#_415       
 2036	1	5	      1	0.01	#_416       
 2037	1	5	      1	0.01	#_417       
 2038	1	5	      1	0.01	#_418       
 2039	1	5	      1	0.01	#_419       
 2040	1	5	      1	0.01	#_420       
 2041	1	5	      1	0.01	#_421       
 2042	1	5	      1	0.01	#_422       
 2043	1	5	      1	0.01	#_423       
 2044	1	5	      1	0.01	#_424       
 2045	1	5	      1	0.01	#_425       
 2046	1	5	      1	0.01	#_426       
 2047	1	5	      1	0.01	#_427       
 2048	1	5	      1	0.01	#_428       
 2049	1	5	      1	0.01	#_429       
 2050	1	5	      1	0.01	#_430       
 2051	1	5	      1	0.01	#_431       
 2052	1	5	      1	0.01	#_432       
 2053	1	5	      1	0.01	#_433       
 2054	1	5	      1	0.01	#_434       
 2055	1	5	      1	0.01	#_435       
 2056	1	5	      1	0.01	#_436       
 2057	1	5	      1	0.01	#_437       
 2058	1	5	      1	0.01	#_438       
 2059	1	5	      1	0.01	#_439       
 2060	1	5	      1	0.01	#_440       
 2061	1	5	      1	0.01	#_441       
 2062	1	5	      1	0.01	#_442       
 2063	1	5	      1	0.01	#_443       
 2064	1	5	      1	0.01	#_444       
 2065	1	5	      1	0.01	#_445       
 2066	1	5	      1	0.01	#_446       
 2067	1	5	      1	0.01	#_447       
 2068	1	5	      1	0.01	#_448       
 2069	1	5	      1	0.01	#_449       
 2070	1	5	      1	0.01	#_450       
 2071	1	5	      1	0.01	#_451       
 2072	1	5	      1	0.01	#_452       
 2073	1	5	      1	0.01	#_453       
 2074	1	5	      1	0.01	#_454       
 -999	1	6	      0	0.01	#_455       
 1950	1	6	   3.06	 0.1	#_456       
 1951	1	6	   3.06	 0.1	#_457       
 1952	1	6	   3.06	 0.1	#_458       
 1953	1	6	   3.06	 0.1	#_459       
 1954	1	6	   3.06	 0.1	#_460       
 1955	1	6	   3.06	 0.1	#_461       
 1956	1	6	   3.06	 0.1	#_462       
 1957	1	6	   3.06	 0.1	#_463       
 1958	1	6	   3.06	 0.1	#_464       
 1959	1	6	   3.06	 0.1	#_465       
 1960	1	6	   3.06	 0.1	#_466       
 1961	1	6	   3.06	 0.1	#_467       
 1962	1	6	   3.06	 0.1	#_468       
 1963	1	6	   3.06	 0.1	#_469       
 1964	1	6	   3.06	 0.1	#_470       
 1965	1	6	   3.06	 0.1	#_471       
 1966	1	6	   3.06	 0.1	#_472       
 1967	1	6	   3.06	 0.1	#_473       
 1968	1	6	   3.06	 0.1	#_474       
 1969	1	6	   3.06	 0.1	#_475       
 1970	1	6	   3.06	 0.1	#_476       
 1971	1	6	   3.06	 0.1	#_477       
 1972	1	6	   3.06	 0.1	#_478       
 1973	1	6	   3.06	 0.1	#_479       
 1974	1	6	   3.06	 0.1	#_480       
 1975	1	6	   3.06	 0.1	#_481       
 1976	1	6	   3.06	 0.1	#_482       
 1977	1	6	   3.06	 0.1	#_483       
 1978	1	6	   3.06	 0.1	#_484       
 1979	1	6	   3.06	 0.1	#_485       
 1980	1	6	   3.06	 0.1	#_486       
 1981	1	6	   3.06	 0.1	#_487       
 1982	1	6	   3.06	 0.1	#_488       
 1983	1	6	   3.06	 0.1	#_489       
 1984	1	6	   3.06	 0.1	#_490       
 1985	1	6	   3.06	 0.1	#_491       
 1986	1	6	   3.06	 0.1	#_492       
 1987	1	6	   3.06	 0.1	#_493       
 1988	1	6	   3.06	 0.1	#_494       
 1989	1	6	   3.06	 0.1	#_495       
 1990	1	6	   3.06	 0.1	#_496       
 1991	1	6	   3.06	 0.1	#_497       
 1992	1	6	   3.06	 0.1	#_498       
 1993	1	6	   3.06	 0.1	#_499       
 1994	1	6	   3.06	 0.1	#_500       
 1995	1	6	   3.06	 0.1	#_501       
 1996	1	6	   3.06	 0.1	#_502       
 1997	1	6	   3.06	 0.1	#_503       
 1998	1	6	   3.06	 0.1	#_504       
 1999	1	6	   3.06	 0.1	#_505       
 2000	1	6	   3.06	 0.1	#_506       
 2001	1	6	   3.06	 0.1	#_507       
 2002	1	6	   3.06	 0.1	#_508       
 2003	1	6	   3.06	 0.1	#_509       
 2004	1	6	   3.06	 0.1	#_510       
 2005	1	6	   3.06	 0.1	#_511       
 2006	1	6	      0	0.01	#_512       
 2007	1	6	      0	0.01	#_513       
 2008	1	6	      0	0.01	#_514       
 2009	1	6	      0	0.01	#_515       
 2010	1	6	      0	0.01	#_516       
 2011	1	6	      0	0.01	#_517       
 2012	1	6	      0	0.01	#_518       
 2013	1	6	      0	0.01	#_519       
 2014	1	6	      0	0.01	#_520       
 2015	1	6	      0	0.01	#_521       
 2016	1	6	      0	0.01	#_522       
 2017	1	6	      0	0.01	#_523       
 2018	1	6	      0	0.01	#_524       
 2019	1	6	      0	0.01	#_525       
 2020	1	6	      0	0.01	#_526       
 2021	1	6	      0	0.01	#_527       
 2022	1	6	      0	0.01	#_528       
 2023	1	6	      0	0.01	#_529       
 2024	1	6	      0	0.01	#_530       
 -999	1	7	      0	0.01	#_531       
 1950	1	7	      0	0.01	#_532       
 1951	1	7	      0	0.01	#_533       
 1952	1	7	      0	0.01	#_534       
 1953	1	7	      0	0.01	#_535       
 1954	1	7	      0	0.01	#_536       
 1955	1	7	      0	0.01	#_537       
 1956	1	7	      0	0.01	#_538       
 1957	1	7	      0	0.01	#_539       
 1958	1	7	      0	0.01	#_540       
 1959	1	7	      0	0.01	#_541       
 1960	1	7	      0	0.01	#_542       
 1961	1	7	      0	0.01	#_543       
 1962	1	7	      0	0.01	#_544       
 1963	1	7	      0	0.01	#_545       
 1964	1	7	      0	0.01	#_546       
 1965	1	7	      0	0.01	#_547       
 1966	1	7	      0	0.01	#_548       
 1967	1	7	      0	0.01	#_549       
 1968	1	7	      0	0.01	#_550       
 1969	1	7	      0	0.01	#_551       
 1970	1	7	      0	0.01	#_552       
 1971	1	7	      0	0.01	#_553       
 1972	1	7	      0	0.01	#_554       
 1973	1	7	      0	0.01	#_555       
 1974	1	7	      0	0.01	#_556       
 1975	1	7	      0	0.01	#_557       
 1976	1	7	      0	0.01	#_558       
 1977	1	7	      0	0.01	#_559       
 1978	1	7	      0	0.01	#_560       
 1979	1	7	      0	0.01	#_561       
 1980	1	7	      0	0.01	#_562       
 1981	1	7	      0	0.01	#_563       
 1982	1	7	      0	0.01	#_564       
 1983	1	7	      0	0.01	#_565       
 1984	1	7	      0	0.01	#_566       
 1985	1	7	      0	0.01	#_567       
 1986	1	7	      0	0.01	#_568       
 1987	1	7	      0	0.01	#_569       
 1988	1	7	      0	0.01	#_570       
 1989	1	7	      0	0.01	#_571       
 1990	1	7	      0	0.01	#_572       
 1991	1	7	      0	0.01	#_573       
 1992	1	7	      0	0.01	#_574       
 1993	1	7	      0	0.01	#_575       
 1994	1	7	      0	0.01	#_576       
 1995	1	7	      0	0.01	#_577       
 1996	1	7	      0	0.01	#_578       
 1997	1	7	      0	0.01	#_579       
 1998	1	7	      0	0.01	#_580       
 1999	1	7	      0	0.01	#_581       
 2000	1	7	      0	0.01	#_582       
 2001	1	7	      0	0.01	#_583       
 2002	1	7	      0	0.01	#_584       
 2003	1	7	      0	0.01	#_585       
 2004	1	7	      0	0.01	#_586       
 2005	1	7	      0	0.01	#_587       
 2006	1	7	   1.18	0.01	#_588       
 2007	1	7	   0.88	0.01	#_589       
 2008	1	7	   2.25	0.01	#_590       
 2009	1	7	   2.26	0.01	#_591       
 2010	1	7	   2.04	0.01	#_592       
 2011	1	7	   4.11	0.01	#_593       
 2012	1	7	   4.98	0.01	#_594       
 2013	1	7	   3.47	0.01	#_595       
 2014	1	7	   3.77	0.01	#_596       
 2015	1	7	   1.72	0.01	#_597       
 2016	1	7	   2.37	0.01	#_598       
 2017	1	7	    2.4	0.01	#_599       
 2018	1	7	   1.02	0.01	#_600       
 2019	1	7	   1.39	0.01	#_601       
 2020	1	7	   1.35	0.01	#_602       
 2021	1	7	   0.44	0.01	#_603       
 2022	1	7	   0.87	0.01	#_604       
 2023	1	7	   0.54	0.01	#_605       
 2024	1	7	   0.31	0.01	#_606       
 2025	1	7	      1	0.01	#_607       
 2026	1	7	      1	0.01	#_608       
 2027	1	7	      1	0.01	#_609       
 2028	1	7	      1	0.01	#_610       
 2029	1	7	      1	0.01	#_611       
 2030	1	7	      1	0.01	#_612       
 2031	1	7	      1	0.01	#_613       
 2032	1	7	      1	0.01	#_614       
 2033	1	7	      1	0.01	#_615       
 2034	1	7	      1	0.01	#_616       
 2035	1	7	      1	0.01	#_617       
 2036	1	7	      1	0.01	#_618       
 2037	1	7	      1	0.01	#_619       
 2038	1	7	      1	0.01	#_620       
 2039	1	7	      1	0.01	#_621       
 2040	1	7	      1	0.01	#_622       
 2041	1	7	      1	0.01	#_623       
 2042	1	7	      1	0.01	#_624       
 2043	1	7	      1	0.01	#_625       
 2044	1	7	      1	0.01	#_626       
 2045	1	7	      1	0.01	#_627       
 2046	1	7	      1	0.01	#_628       
 2047	1	7	      1	0.01	#_629       
 2048	1	7	      1	0.01	#_630       
 2049	1	7	      1	0.01	#_631       
 2050	1	7	      1	0.01	#_632       
 2051	1	7	      1	0.01	#_633       
 2052	1	7	      1	0.01	#_634       
 2053	1	7	      1	0.01	#_635       
 2054	1	7	      1	0.01	#_636       
 2055	1	7	      1	0.01	#_637       
 2056	1	7	      1	0.01	#_638       
 2057	1	7	      1	0.01	#_639       
 2058	1	7	      1	0.01	#_640       
 2059	1	7	      1	0.01	#_641       
 2060	1	7	      1	0.01	#_642       
 2061	1	7	      1	0.01	#_643       
 2062	1	7	      1	0.01	#_644       
 2063	1	7	      1	0.01	#_645       
 2064	1	7	      1	0.01	#_646       
 2065	1	7	      1	0.01	#_647       
 2066	1	7	      1	0.01	#_648       
 2067	1	7	      1	0.01	#_649       
 2068	1	7	      1	0.01	#_650       
 2069	1	7	      1	0.01	#_651       
 2070	1	7	      1	0.01	#_652       
 2071	1	7	      1	0.01	#_653       
 2072	1	7	      1	0.01	#_654       
 2073	1	7	      1	0.01	#_655       
 2074	1	7	      1	0.01	#_656       
 -999	1	8	      0	0.01	#_657       
 1950	1	8	      0	0.01	#_658       
 1951	1	8	      0	0.01	#_659       
 1952	1	8	      0	0.01	#_660       
 1953	1	8	      0	0.01	#_661       
 1954	1	8	      0	0.01	#_662       
 1955	1	8	      0	0.01	#_663       
 1956	1	8	      0	0.01	#_664       
 1957	1	8	      0	0.01	#_665       
 1958	1	8	      0	0.01	#_666       
 1959	1	8	      0	0.01	#_667       
 1960	1	8	      0	0.01	#_668       
 1961	1	8	      0	0.01	#_669       
 1962	1	8	      0	0.01	#_670       
 1963	1	8	      0	0.01	#_671       
 1964	1	8	      0	0.01	#_672       
 1965	1	8	      0	0.01	#_673       
 1966	1	8	      0	0.01	#_674       
 1967	1	8	      0	0.01	#_675       
 1968	1	8	      0	0.01	#_676       
 1969	1	8	      0	0.01	#_677       
 1970	1	8	      0	0.01	#_678       
 1971	1	8	      0	0.01	#_679       
 1972	1	8	      0	0.01	#_680       
 1973	1	8	      0	0.01	#_681       
 1974	1	8	      0	0.01	#_682       
 1975	1	8	      0	0.01	#_683       
 1976	1	8	      0	0.01	#_684       
 1977	1	8	      0	0.01	#_685       
 1978	1	8	      0	0.01	#_686       
 1979	1	8	      0	0.01	#_687       
 1980	1	8	      0	0.01	#_688       
 1981	1	8	      0	0.01	#_689       
 1982	1	8	      0	0.01	#_690       
 1983	1	8	      0	0.01	#_691       
 1984	1	8	      0	0.01	#_692       
 1985	1	8	      0	0.01	#_693       
 1986	1	8	      0	0.01	#_694       
 1987	1	8	      0	0.01	#_695       
 1988	1	8	      0	0.01	#_696       
 1989	1	8	      0	0.01	#_697       
 1990	1	8	      0	0.01	#_698       
 1991	1	8	      0	0.01	#_699       
 1992	1	8	      0	0.01	#_700       
 1993	1	8	      0	0.01	#_701       
 1994	1	8	      0	0.01	#_702       
 1995	1	8	      0	0.01	#_703       
 1996	1	8	      0	0.01	#_704       
 1997	1	8	      0	0.01	#_705       
 1998	1	8	      0	0.01	#_706       
 1999	1	8	      0	0.01	#_707       
 2000	1	8	      0	0.01	#_708       
 2001	1	8	      0	0.01	#_709       
 2002	1	8	      0	0.01	#_710       
 2003	1	8	      0	0.01	#_711       
 2004	1	8	      0	0.01	#_712       
 2005	1	8	      0	0.01	#_713       
 2006	1	8	   1.32	0.01	#_714       
 2007	1	8	   0.78	0.01	#_715       
 2008	1	8	   1.35	0.01	#_716       
 2009	1	8	   1.16	0.01	#_717       
 2010	1	8	   2.08	0.01	#_718       
 2011	1	8	   1.72	0.01	#_719       
 2012	1	8	   2.26	0.01	#_720       
 2013	1	8	   1.47	0.01	#_721       
 2014	1	8	   0.49	0.01	#_722       
 2015	1	8	    0.5	0.01	#_723       
 2016	1	8	   0.66	0.01	#_724       
 2017	1	8	   0.32	0.01	#_725       
 2018	1	8	   0.39	0.01	#_726       
 2019	1	8	   0.59	0.01	#_727       
 2020	1	8	   0.53	0.01	#_728       
 2021	1	8	   0.06	0.01	#_729       
 2022	1	8	   0.05	0.01	#_730       
 2023	1	8	   0.12	0.01	#_731       
 2024	1	8	   0.08	0.01	#_732       
 2025	1	8	      1	0.01	#_733       
 2026	1	8	      1	0.01	#_734       
 2027	1	8	      1	0.01	#_735       
 2028	1	8	      1	0.01	#_736       
 2029	1	8	      1	0.01	#_737       
 2030	1	8	      1	0.01	#_738       
 2031	1	8	      1	0.01	#_739       
 2032	1	8	      1	0.01	#_740       
 2033	1	8	      1	0.01	#_741       
 2034	1	8	      1	0.01	#_742       
 2035	1	8	      1	0.01	#_743       
 2036	1	8	      1	0.01	#_744       
 2037	1	8	      1	0.01	#_745       
 2038	1	8	      1	0.01	#_746       
 2039	1	8	      1	0.01	#_747       
 2040	1	8	      1	0.01	#_748       
 2041	1	8	      1	0.01	#_749       
 2042	1	8	      1	0.01	#_750       
 2043	1	8	      1	0.01	#_751       
 2044	1	8	      1	0.01	#_752       
 2045	1	8	      1	0.01	#_753       
 2046	1	8	      1	0.01	#_754       
 2047	1	8	      1	0.01	#_755       
 2048	1	8	      1	0.01	#_756       
 2049	1	8	      1	0.01	#_757       
 2050	1	8	      1	0.01	#_758       
 2051	1	8	      1	0.01	#_759       
 2052	1	8	      1	0.01	#_760       
 2053	1	8	      1	0.01	#_761       
 2054	1	8	      1	0.01	#_762       
 2055	1	8	      1	0.01	#_763       
 2056	1	8	      1	0.01	#_764       
 2057	1	8	      1	0.01	#_765       
 2058	1	8	      1	0.01	#_766       
 2059	1	8	      1	0.01	#_767       
 2060	1	8	      1	0.01	#_768       
 2061	1	8	      1	0.01	#_769       
 2062	1	8	      1	0.01	#_770       
 2063	1	8	      1	0.01	#_771       
 2064	1	8	      1	0.01	#_772       
 2065	1	8	      1	0.01	#_773       
 2066	1	8	      1	0.01	#_774       
 2067	1	8	      1	0.01	#_775       
 2068	1	8	      1	0.01	#_776       
 2069	1	8	      1	0.01	#_777       
 2070	1	8	      1	0.01	#_778       
 2071	1	8	      1	0.01	#_779       
 2072	1	8	      1	0.01	#_780       
 2073	1	8	      1	0.01	#_781       
 2074	1	8	      1	0.01	#_782       
-9999	0	0	      0	   0	#_terminator
#_CPUE_and_surveyabundance_observations
#_Units:  0=numbers; 1=biomass; 2=F; >=30 for special types
#_Errtype:  -1=normal; 0=lognormal; >0=T
#_SD_Report: 0=no sdreport; 1=enable sdreport
#_fleet	units	errtype	SD_report
1	 1	0	1	#_Observer_inshore_u10        
2	 1	0	0	#_Pot_fisheries_historical    
3	 1	0	1	#_Pot_fisheries_u10           
4	 1	0	1	#_Pot_fisheries_10to12        
5	 1	0	1	#_Pot_fisheries_o12           
6	 1	0	0	#_Bycatch_fisheries_historical
7	 1	0	0	#_Bycatch_fisheries_gillnet   
8	 1	0	1	#_Bycatch_fisheries_trawl     
9	33	0	1	#_Observer_prerecruit_u10     
#
#_CPUE_data
#_year	month	index	obs	se_log
 2019	 9	1	1.0578	 0.1544	#_1         
 2020	11	1	0.7616	 0.1851	#_2         
 2021	 9	1	1.0979	 0.1524	#_3         
 2022	 9	1	0.9605	 0.1481	#_4         
 2023	 9	1	1.1206	 0.1466	#_5         
 2024	 9	1	1.0017	 0.1485	#_6         
 2025	 7	1	 0.001	0.15585	#_7         
 2026	 7	1	 0.001	0.15585	#_8         
 2027	 7	1	 0.001	0.15585	#_9         
 2028	 7	1	 0.001	0.15585	#_10        
 2029	 7	1	 0.001	0.15585	#_11        
 2030	 7	1	 0.001	0.15585	#_12        
 2031	 7	1	 0.001	0.15585	#_13        
 2032	 7	1	 0.001	0.15585	#_14        
 2033	 7	1	 0.001	0.15585	#_15        
 2034	 7	1	 0.001	0.15585	#_16        
 2035	 7	1	 0.001	0.15585	#_17        
 2036	 7	1	 0.001	0.15585	#_18        
 2037	 7	1	 0.001	0.15585	#_19        
 2038	 7	1	 0.001	0.15585	#_20        
 2039	 7	1	 0.001	0.15585	#_21        
 2040	 7	1	 0.001	0.15585	#_22        
 2041	 7	1	 0.001	0.15585	#_23        
 2042	 7	1	 0.001	0.15585	#_24        
 2043	 7	1	 0.001	0.15585	#_25        
 2044	 7	1	 0.001	0.15585	#_26        
 2045	 7	1	 0.001	0.15585	#_27        
 2046	 7	1	 0.001	0.15585	#_28        
 2047	 7	1	 0.001	0.15585	#_29        
 2048	 7	1	 0.001	0.15585	#_30        
 2049	 7	1	 0.001	0.15585	#_31        
 2050	 7	1	 0.001	0.15585	#_32        
 2051	 7	1	 0.001	0.15585	#_33        
 2052	 7	1	 0.001	0.15585	#_34        
 2053	 7	1	 0.001	0.15585	#_35        
 2054	 7	1	 0.001	0.15585	#_36        
 2055	 7	1	 0.001	0.15585	#_37        
 2056	 7	1	 0.001	0.15585	#_38        
 2057	 7	1	 0.001	0.15585	#_39        
 2058	 7	1	 0.001	0.15585	#_40        
 2059	 7	1	 0.001	0.15585	#_41        
 2060	 7	1	 0.001	0.15585	#_42        
 2061	 7	1	 0.001	0.15585	#_43        
 2062	 7	1	 0.001	0.15585	#_44        
 2063	 7	1	 0.001	0.15585	#_45        
 2064	 7	1	 0.001	0.15585	#_46        
 2065	 7	1	 0.001	0.15585	#_47        
 2066	 7	1	 0.001	0.15585	#_48        
 2067	 7	1	 0.001	0.15585	#_49        
 2068	 7	1	 0.001	0.15585	#_50        
 2069	 7	1	 0.001	0.15585	#_51        
 2070	 7	1	 0.001	0.15585	#_52        
 2071	 7	1	 0.001	0.15585	#_53        
 2072	 7	1	 0.001	0.15585	#_54        
 2073	 7	1	 0.001	0.15585	#_55        
 2074	 7	1	 0.001	0.15585	#_56        
 2006	 7	3	 0.016	 0.0956	#_57        
 2007	 7	3	0.0161	 0.0939	#_58        
 2008	 7	3	0.0189	 0.0933	#_59        
 2009	 7	3	0.1371	 0.0903	#_60        
 2010	 7	3	0.1295	 0.0901	#_61        
 2011	 7	3	0.1509	 0.0901	#_62        
 2012	 7	3	0.1503	 0.0901	#_63        
 2013	 7	3	0.1556	 0.0906	#_64        
 2014	 7	3	0.1649	   0.09	#_65        
 2015	 7	3	0.1682	 0.0899	#_66        
 2016	 7	3	0.1527	 0.0897	#_67        
 2017	 7	3	0.1178	 0.0897	#_68        
 2018	 7	3	0.1262	 0.0897	#_69        
 2019	 7	3	0.1466	 0.0896	#_70        
 2020	 7	3	0.1271	   0.09	#_71        
 2021	 7	3	 0.113	   0.09	#_72        
 2022	 7	3	0.1346	 0.0903	#_73        
 2023	 7	3	0.1502	 0.0908	#_74        
 2024	 7	3	0.2075	 0.0909	#_75        
 2006	 7	4	0.0308	 0.3566	#_76        
 2007	 7	4	0.0248	 0.3552	#_77        
 2008	 7	4	0.0186	 0.3546	#_78        
 2009	 7	4	0.0195	 0.3517	#_79        
 2010	 7	4	0.0223	 0.3511	#_80        
 2011	 7	4	0.0322	 0.3513	#_81        
 2012	 7	4	0.0371	  0.351	#_82        
 2013	 7	4	 0.032	 0.3509	#_83        
 2014	 7	4	0.0325	 0.3512	#_84        
 2015	 7	4	  0.04	 0.3514	#_85        
 2016	 7	4	 0.037	 0.3516	#_86        
 2017	 7	4	0.0461	 0.3517	#_87        
 2018	 7	4	0.0523	 0.3518	#_88        
 2019	 7	4	 0.086	 0.3512	#_89        
 2020	 7	4	0.0621	 0.3518	#_90        
 2021	 7	4	0.0496	 0.3519	#_91        
 2022	 7	4	0.0495	 0.3517	#_92        
 2023	 7	4	0.0514	  0.352	#_93        
 2024	 7	4	0.0542	 0.3528	#_94        
 2006	 7	5	0.0209	  0.391	#_95        
 2007	 7	5	0.0261	   0.38	#_96        
 2008	 7	5	0.0189	  0.396	#_97        
 2009	 7	5	0.0158	  0.404	#_98        
 2010	 7	5	0.0178	  0.368	#_99        
 2011	 7	5	 0.021	  0.366	#_100       
 2012	 7	5	0.0184	   0.36	#_101       
 2013	 7	5	0.0738	  0.368	#_102       
 2014	 7	5	0.0577	  0.369	#_103       
 2015	 7	5	0.0275	  0.363	#_104       
 2016	 7	5	0.0399	  0.358	#_105       
 2017	 7	5	0.0422	  0.359	#_106       
 2018	 7	5	0.0556	  0.362	#_107       
 2019	 7	5	0.0419	  0.382	#_108       
 2020	 7	5	0.0221	  0.373	#_109       
 2021	 7	5	0.0268	  0.399	#_110       
 2022	 7	5	0.0497	  0.389	#_111       
 2023	 7	5	0.0205	  0.382	#_112       
 2024	 7	5	0.0201	  0.424	#_113       
 2006	 7	8	0.0344	 0.1827	#_114       
 2007	 7	8	0.0323	 0.1767	#_115       
 2008	 7	8	0.0439	 0.1817	#_116       
 2009	 7	8	0.0304	 0.1813	#_117       
 2010	 7	8	0.0399	 0.1848	#_118       
 2011	 7	8	0.0375	 0.1762	#_119       
 2012	 7	8	0.0476	 0.1733	#_120       
 2013	 7	8	0.0373	  0.183	#_121       
 2014	 7	8	0.0554	 0.2167	#_122       
 2015	 7	8	0.0391	 0.1839	#_123       
 2016	 7	8	0.0457	 0.1854	#_124       
 2017	 7	8	0.0441	 0.1959	#_125       
 2018	 7	8	0.0709	 0.2778	#_126       
 2019	 7	8	0.0455	 0.2869	#_127       
 2020	 7	8	0.0525	 0.2339	#_128       
 2021	 7	8	0.0499	 0.2669	#_129       
 2022	 7	8	0.0492	 0.4254	#_130       
 2023	 7	8	0.0734	  0.321	#_131       
 2024	 7	8	0.0251	 0.2779	#_132       
 2015	 9	9	0.5036	 0.3849	#_133       
 2016	11	9	0.9836	 0.3602	#_134       
 2017	 9	9	1.0508	 0.2319	#_135       
 2018	 9	9	1.1889	 0.2212	#_136       
 2019	 9	9	1.0425	 0.2318	#_137       
 2020	 9	9	1.2306	  0.216	#_138       
-9999	 0	0	     0	      0	#_terminator
5 #_N_discard_fleets
#_discard_units (1=same_as_catchunits(bio/num); 2=fraction; 3=numbers)
#_discard_errtype:  >0 for DF of T-dist(read CV below); 0 for normal with CV; -1 for normal with se; -2 for lognormal
#
#_discard_fleet_info
#_fleet	units	errtype
1	2	-1	#_Observer_inshore_u10    
2	2	-1	#_Pot_fisheries_historical
3	2	-1	#_Pot_fisheries_u10       
4	2	-1	#_Pot_fisheries_10to12    
5	2	-1	#_Pot_fisheries_o12       
#
#_discard_data
#_year	month	fleet	obs	stderr
 2019	 9	1	0.423	     0.248	#_1         
 2020	11	1	0.413	      0.23	#_2         
 2021	 9	1	0.422	     0.214	#_3         
 2022	 9	1	0.445	     0.237	#_4         
 2023	 9	1	0.388	     0.221	#_5         
 2024	 9	1	0.389	     0.228	#_6         
 2025	 7	1	0.001	0.22966667	#_7         
 2026	 7	1	0.001	0.22966667	#_8         
 2027	 7	1	0.001	0.22966667	#_9         
 2028	 7	1	0.001	0.22966667	#_10        
 2029	 7	1	0.001	0.22966667	#_11        
 2030	 7	1	0.001	0.22966667	#_12        
 2031	 7	1	0.001	0.22966667	#_13        
 2032	 7	1	0.001	0.22966667	#_14        
 2033	 7	1	0.001	0.22966667	#_15        
 2034	 7	1	0.001	0.22966667	#_16        
 2035	 7	1	0.001	0.22966667	#_17        
 2036	 7	1	0.001	0.22966667	#_18        
 2037	 7	1	0.001	0.22966667	#_19        
 2038	 7	1	0.001	0.22966667	#_20        
 2039	 7	1	0.001	0.22966667	#_21        
 2040	 7	1	0.001	0.22966667	#_22        
 2041	 7	1	0.001	0.22966667	#_23        
 2042	 7	1	0.001	0.22966667	#_24        
 2043	 7	1	0.001	0.22966667	#_25        
 2044	 7	1	0.001	0.22966667	#_26        
 2045	 7	1	0.001	0.22966667	#_27        
 2046	 7	1	0.001	0.22966667	#_28        
 2047	 7	1	0.001	0.22966667	#_29        
 2048	 7	1	0.001	0.22966667	#_30        
 2049	 7	1	0.001	0.22966667	#_31        
 2050	 7	1	0.001	0.22966667	#_32        
 2051	 7	1	0.001	0.22966667	#_33        
 2052	 7	1	0.001	0.22966667	#_34        
 2053	 7	1	0.001	0.22966667	#_35        
 2054	 7	1	0.001	0.22966667	#_36        
 2055	 7	1	0.001	0.22966667	#_37        
 2056	 7	1	0.001	0.22966667	#_38        
 2057	 7	1	0.001	0.22966667	#_39        
 2058	 7	1	0.001	0.22966667	#_40        
 2059	 7	1	0.001	0.22966667	#_41        
 2060	 7	1	0.001	0.22966667	#_42        
 2061	 7	1	0.001	0.22966667	#_43        
 2062	 7	1	0.001	0.22966667	#_44        
 2063	 7	1	0.001	0.22966667	#_45        
 2064	 7	1	0.001	0.22966667	#_46        
 2065	 7	1	0.001	0.22966667	#_47        
 2066	 7	1	0.001	0.22966667	#_48        
 2067	 7	1	0.001	0.22966667	#_49        
 2068	 7	1	0.001	0.22966667	#_50        
 2069	 7	1	0.001	0.22966667	#_51        
 2070	 7	1	0.001	0.22966667	#_52        
 2071	 7	1	0.001	0.22966667	#_53        
 2072	 7	1	0.001	0.22966667	#_54        
 2073	 7	1	0.001	0.22966667	#_55        
 2074	 7	1	0.001	0.22966667	#_56        
 1983	 7	2	0.413	      0.23	#_57        
 1984	 7	2	0.413	      0.23	#_58        
 1985	 7	2	0.413	      0.23	#_59        
 1986	 7	2	0.413	      0.23	#_60        
 1987	 7	2	0.413	      0.23	#_61        
 1988	 7	2	0.413	      0.23	#_62        
 1989	 7	2	0.413	      0.23	#_63        
 1990	 7	2	0.413	      0.23	#_64        
 1991	 7	2	0.413	      0.23	#_65        
 1992	 7	2	0.413	      0.23	#_66        
 1993	 7	2	0.413	      0.23	#_67        
 1994	 7	2	0.413	      0.23	#_68        
 1995	 7	2	0.413	      0.23	#_69        
 1996	 7	2	0.413	      0.23	#_70        
 1997	 7	2	0.413	      0.23	#_71        
 1998	 7	2	0.413	      0.23	#_72        
 1999	 7	2	0.413	      0.23	#_73        
 2000	 7	2	0.413	      0.23	#_74        
 2001	 7	2	0.413	      0.23	#_75        
 2002	 7	2	0.413	      0.23	#_76        
 2003	 7	2	0.413	      0.23	#_77        
 2004	 7	2	0.413	      0.23	#_78        
 2005	 7	2	0.413	      0.23	#_79        
 2006	 7	3	0.413	      0.23	#_80        
 2007	 7	3	0.413	      0.23	#_81        
 2008	 7	3	0.413	      0.23	#_82        
 2009	 7	3	0.413	      0.23	#_83        
 2010	 7	3	0.413	      0.23	#_84        
 2011	 7	3	0.413	      0.23	#_85        
 2012	 7	3	0.413	      0.23	#_86        
 2013	 7	3	0.413	      0.23	#_87        
 2014	 7	3	0.413	      0.23	#_88        
 2015	 7	3	0.413	      0.23	#_89        
 2016	 7	3	0.413	      0.23	#_90        
 2017	 7	3	0.413	      0.23	#_91        
 2018	 7	3	0.413	      0.23	#_92        
 2019	 7	3	0.423	     0.248	#_93        
 2020	 7	3	0.413	      0.23	#_94        
-9999	 0	0	    0	         0	#_terminator
#
#_meanbodywt
0 #_use_meanbodywt
 #_DF_for_meanbodywt_T-distribution_like
#
#_population_length_bins
2 # length bin method: 1=use databins; 2=generate from binwidth,min,max below; 3=read vector
0.2 # binwidth for population size comp
1 # minimum size in the population (lower edge of first bin and size at age 0.00)
23 # maximum size in the population (lower edge of last bin)
1 #_use_lencomp
#
#_len_info
#_mintailcomp	addtocomp	combine_M_F	CompressBins	CompError	ParmSelect	minsamplesize
-1	1e-04	0	0	0	0	0.01	#_Observer_inshore_u10        
-1	1e-04	0	0	0	0	0.01	#_Pot_fisheries_historical    
-1	1e-04	0	0	0	0	0.01	#_Pot_fisheries_u10           
-1	1e-04	0	0	0	0	0.01	#_Pot_fisheries_10to12        
-1	1e-04	0	0	0	0	0.01	#_Pot_fisheries_o12           
-1	1e-04	0	0	0	0	0.01	#_Bycatch_fisheries_historical
-1	1e-04	0	0	0	0	0.01	#_Bycatch_fisheries_gillnet   
-1	1e-04	0	0	0	0	0.01	#_Bycatch_fisheries_trawl     
-1	1e-04	0	0	0	0	0.01	#_Observer_prerecruit_u10     
95 #_N_lbins
#_lbin_vector
1 1.2 1.4 1.6 1.8 2 2.2 2.4 2.6 2.8 3 3.2 3.4 3.6 3.8 4 4.2 4.4 4.6 4.8 5 5.2 5.4 5.6 5.8 6 6.2 6.4 6.6 6.8 7 7.2 7.4 7.6 7.8 8 8.2 8.4 8.6 8.8 9 9.2 9.4 9.6 9.8 10 10.2 10.4 10.6 10.8 11 11.2 11.4 11.6 11.8 12 12.2 12.4 12.6 12.8 13 13.2 13.4 13.6 13.8 14 14.2 14.4 14.6 14.8 15 15.2 15.4 15.6 15.8 16 16.2 16.4 16.6 16.8 17 17.2 17.4 17.6 17.8 18 18.2 18.4 18.6 18.8 19 19.2 19.4 19.6 19.8 #_lbin_vector
#
#_lencomp
#_year	month	fleet	sex	part	Nsamp	f1	f1.2	f1.4	f1.6	f1.8	f2	f2.2	f2.4	f2.6	f2.8	f3	f3.2	f3.4	f3.6	f3.8	f4	f4.2	f4.4	f4.6	f4.8	f5	f5.2	f5.4	f5.6	f5.8	f6	f6.2	f6.4	f6.6	f6.8	f7	f7.2	f7.4	f7.6	f7.8	f8	f8.2	f8.4	f8.6	f8.8	f9	f9.2	f9.4	f9.6	f9.8	f10	f10.2	f10.4	f10.6	f10.8	f11	f11.2	f11.4	f11.6	f11.8	f12	f12.2	f12.4	f12.6	f12.8	f13	f13.2	f13.4	f13.6	f13.8	f14	f14.2	f14.4	f14.6	f14.8	f15	f15.2	f15.4	f15.6	f15.8	f16	f16.2	f16.4	f16.6	f16.8	f17	f17.2	f17.4	f17.6	f17.8	f18	f18.2	f18.4	f18.6	f18.8	f19	f19.2	f19.4	f19.6	f19.8	m1	m1.2	m1.4	m1.6	m1.8	m2	m2.2	m2.4	m2.6	m2.8	m3	m3.2	m3.4	m3.6	m3.8	m4	m4.2	m4.4	m4.6	m4.8	m5	m5.2	m5.4	m5.6	m5.8	m6	m6.2	m6.4	m6.6	m6.8	m7	m7.2	m7.4	m7.6	m7.8	m8	m8.2	m8.4	m8.6	m8.8	m9	m9.2	m9.4	m9.6	m9.8	m10	m10.2	m10.4	m10.6	m10.8	m11	m11.2	m11.4	m11.6	m11.8	m12	m12.2	m12.4	m12.6	m12.8	m13	m13.2	m13.4	m13.6	m13.8	m14	m14.2	m14.4	m14.6	m14.8	m15	m15.2	m15.4	m15.6	m15.8	m16	m16.2	m16.4	m16.6	m16.8	m17	m17.2	m17.4	m17.6	m17.8	m18	m18.2	m18.4	m18.6	m18.8	m19	m19.2	m19.4	m19.6	m19.8
 1983	 9	2	3	2	100	0	0	0	0	0	0	       0	0	0	0	0	       0	       0	       0	       0	       0	       0	0	         0	       0	         0	         0	         0	         0	         0	         0	         0	         0	         0	         0	         0	         0	         0	         0	  0.000666	0.00798935	 0.0426099	 0.0472703	  0.051265	 0.0499334	  0.045273	 0.0372836	0.0359521	 0.0153129	0.0339547	 0.0219707	 0.0226365	  0.017976	 0.0173103	 0.0153129	 0.0126498	0.00932091	 0.0113182	0.00998668	0.00798935	0.00865513	0.00532623	0.00266312	 0.0033289	0.00266312	 0.0033289	0.00399467	0.00399467	 0.0033289	 0.0033289	0.00199734	         0	0.00199734	0.00133156	0.00133156	0.00133156	  0.000666	         0	         0	  0.000666	         0	         0	  0.000666	       0	         0	         0	0	0	0	0	0	0	0	0	0	0	0	0	0	0	       0	       0	0	0	0	0	0	0	0	0	0	0	         0	0	0	         0	         0	         0	0	         0	         0	       0	         0	         0	         0	         0	         0	         0	         0	         0	         0	  0.000666	         0	         0	0.00133156	0.00532623	 0.0306258	 0.0366178	 0.0366178	0.0306258	 0.0372836	 0.0339547	 0.0272969	 0.0126498	 0.0292943	 0.0133156	 0.0173103	 0.0146471	 0.0126498	  0.011984	 0.0106525	 0.0033289	0.00865513	0.00665779	0.00532623	0.00665779	0.00532623	0.00466045	 0.0033289	0.00133156	0.00532623	 0.0033289	0.00466045	0.00266312	 0.0033289	0.00199734	0.00133156	  0.000666	0.00133156	         0	  0.000666	0.00133156	         0	  0.000666	       0	       0	       0	0	0	0	         0	0	0	0	0	0	0	0	0	0	0	0	0	0	0	#_1         
 1984	 8	2	3	2	100	0	0	0	0	0	0	       0	0	0	0	0	       0	       0	       0	       0	       0	       0	0	         0	       0	         0	         0	         0	         0	         0	         0	         0	         0	         0	         0	         0	         0	         0	         0	         0	0.00166389	 0.0166389	 0.0349418	 0.0432612	 0.0382696	 0.0349418	 0.0399334	0.0399334	 0.0183028	0.0499168	 0.0216306	 0.0199667	 0.0166389	 0.0166389	  0.014975	 0.0199667	 0.0133111	  0.014975	0.00831947	0.00831947	 0.0116473	 0.0116473	0.00998336	0.00665557	0.00499168	0.00998336	0.00998336	         0	0.00665557	0.00332779	0.00499168	0.00332779	0.00166389	0.00166389	0.00332779	         0	         0	         0	         0	         0	         0	         0	         0	       0	         0	         0	0	0	0	0	0	0	0	0	0	0	0	0	0	0	       0	       0	0	0	0	0	0	0	0	0	0	0	         0	0	0	         0	         0	         0	0	         0	         0	       0	         0	         0	         0	         0	         0	         0	         0	         0	         0	         0	         0	         0	         0	         0	0.00831947	 0.0299501	 0.0299501	0.0299501	 0.0282862	 0.0299501	 0.0282862	 0.0133111	 0.0349418	 0.0232945	 0.0199667	 0.0133111	 0.0216306	  0.014975	 0.0166389	 0.0133111	0.00998336	0.00665557	0.00665557	 0.0116473	0.00831947	0.00332779	0.00499168	         0	0.00499168	0.00499168	0.00332779	0.00332779	0.00166389	0.00332779	0.00332779	         0	0.00332779	         0	0.00166389	         0	         0	         0	       0	       0	       0	0	0	0	         0	0	0	0	0	0	0	0	0	0	0	0	0	0	0	#_2         
 1985	 9	2	3	2	100	0	0	0	0	0	0	       0	0	0	0	0	       0	       0	       0	       0	       0	       0	0	         0	       0	         0	         0	         0	         0	         0	         0	         0	         0	         0	         0	         0	         0	         0	         0	         0	         0	0.00123457	 0.0234568	 0.0246914	 0.0259259	 0.0259259	  0.037037	0.0333333	 0.0185185	0.0419753	 0.0333333	 0.0271605	 0.0259259	 0.0246914	 0.0246914	 0.0197531	  0.017284	 0.0148148	 0.0197531	 0.0222222	 0.0209877	 0.0135802	0.00864197	 0.0148148	0.00617284	 0.0123457	0.00740741	0.00493827	 0.0037037	 0.0037037	 0.0037037	 0.0037037	0.00123457	 0.0037037	0.00493827	0.00246914	 0.0037037	0.00246914	0.00246914	0.00246914	0.00246914	 0.0037037	0.00123457	       0	0.00123457	         0	0	0	0	0	0	0	0	0	0	0	0	0	0	0	       0	       0	0	0	0	0	0	0	0	0	0	0	         0	0	0	         0	         0	         0	0	         0	         0	       0	         0	         0	         0	         0	         0	         0	         0	         0	         0	         0	         0	         0	         0	         0	0.00123457	 0.0148148	 0.0185185	0.0197531	  0.017284	 0.0185185	 0.0148148	0.00864197	 0.0246914	 0.0185185	 0.0185185	 0.0209877	 0.0160494	 0.0160494	 0.0123457	 0.0160494	 0.0123457	 0.0160494	0.00987654	 0.0148148	 0.0148148	0.00987654	0.00987654	0.00864197	0.00740741	0.00617284	0.00617284	0.00617284	0.00493827	 0.0037037	 0.0037037	0.00246914	         0	0.00123457	0.00123457	0.00123457	0.00123457	0.00246914	       0	       0	       0	0	0	0	0.00123457	0	0	0	0	0	0	0	0	0	0	0	0	0	0	#_3         
 1987	 8	2	3	2	100	0	0	0	0	0	0	       0	0	0	0	0	       0	       0	       0	       0	       0	       0	0	         0	       0	         0	         0	         0	         0	         0	         0	         0	         0	         0	         0	         0	         0	         0	         0	         0	         0	 0.0140845	 0.0309859	 0.0253521	  0.028169	 0.0309859	 0.0422535	0.0338028	 0.0140845	0.0478873	  0.028169	 0.0309859	 0.0366197	 0.0225352	 0.0309859	 0.0338028	 0.0169014	 0.0197183	 0.0225352	 0.0253521	 0.0084507	 0.0169014	 0.0056338	 0.0112676	 0.0056338	 0.0028169	 0.0028169	 0.0028169	 0.0056338	 0.0056338	 0.0056338	 0.0028169	         0	         0	 0.0028169	         0	 0.0028169	         0	         0	         0	         0	         0	         0	       0	         0	         0	0	0	0	0	0	0	0	0	0	0	0	0	0	0	       0	       0	0	0	0	0	0	0	0	0	0	0	         0	0	0	         0	         0	         0	0	         0	         0	       0	         0	         0	         0	         0	         0	         0	         0	         0	         0	         0	         0	         0	         0	         0	 0.0028169	 0.0225352	 0.0225352	0.0225352	 0.0225352	 0.0225352	 0.0225352	 0.0112676	  0.028169	 0.0225352	 0.0140845	 0.0197183	 0.0169014	 0.0197183	 0.0169014	 0.0140845	 0.0112676	 0.0084507	 0.0112676	 0.0084507	         0	 0.0028169	 0.0112676	 0.0084507	 0.0028169	 0.0056338	 0.0028169	 0.0056338	         0	         0	 0.0028169	         0	         0	         0	         0	         0	         0	         0	       0	       0	       0	0	0	0	         0	0	0	0	0	0	0	0	0	0	0	0	0	0	0	#_4         
 1988	 9	2	3	2	100	0	0	0	0	0	0	       0	0	0	0	0	       0	       0	       0	       0	       0	       0	0	         0	       0	         0	         0	         0	         0	         0	         0	         0	         0	         0	         0	         0	         0	         0	         0	         0	         0	 0.0161812	 0.0485437	 0.0420712	 0.0453074	 0.0355987	 0.0323625	  0.02589	  0.012945	0.0453074	 0.0323625	 0.0291262	 0.0161812	 0.0161812	 0.0194175	0.00970874	  0.012945	  0.012945	0.00970874	 0.0161812	0.00647249	0.00970874	0.00970874	         0	0.00323625	0.00647249	         0	  0.012945	         0	0.00647249	         0	0.00323625	0.00323625	0.00647249	0.00647249	0.00647249	         0	         0	         0	         0	         0	         0	         0	       0	         0	         0	0	0	0	0	0	0	0	0	0	0	0	0	0	0	       0	       0	0	0	0	0	0	0	0	0	0	0	         0	0	0	         0	         0	         0	0	         0	         0	       0	         0	         0	         0	         0	         0	         0	         0	         0	         0	         0	         0	         0	         0	         0	0.00647249	 0.0420712	 0.0355987	  0.02589	 0.0323625	 0.0226537	 0.0291262	  0.012945	 0.0291262	 0.0194175	 0.0161812	 0.0226537	  0.012945	 0.0194175	  0.012945	0.00970874	  0.012945	0.00323625	0.00323625	  0.012945	0.00970874	0.00323625	0.00323625	         0	0.00323625	0.00970874	0.00323625	0.00647249	0.00323625	0.00323625	0.00323625	0.00323625	         0	         0	         0	         0	0.00323625	0.00323625	       0	       0	       0	0	0	0	         0	0	0	0	0	0	0	0	0	0	0	0	0	0	0	#_5         
 1989	 9	2	3	2	100	0	0	0	0	0	0	       0	0	0	0	0	       0	       0	       0	       0	       0	       0	0	         0	       0	         0	         0	         0	         0	         0	         0	         0	         0	         0	         0	         0	         0	         0	0.00155521	0.00673924	0.00673924	 0.0150337	 0.0544323	 0.0435459	 0.0575428	 0.0466563	 0.0383618	 0.029549	 0.0139969	0.0430275	 0.0196993	 0.0191809	 0.0207361	 0.0165889	 0.0155521	 0.0176257	 0.0150337	 0.0150337	 0.0103681	 0.0119233	 0.0134785	0.00518403	0.00829445	0.00414723	0.00673924	0.00777605	0.00466563	0.00518403	0.00259202	0.00155521	0.00155521	0.00103681	0.00103681	  0.000518	  0.000518	  0.000518	         0	         0	         0	  0.000518	0.00103681	         0	         0	       0	         0	         0	0	0	0	0	0	0	0	0	0	0	0	0	0	0	       0	       0	0	0	0	0	0	0	0	0	0	0	         0	0	0	         0	         0	         0	0	         0	         0	       0	         0	         0	         0	         0	         0	         0	         0	         0	         0	         0	         0	0.00155521	0.00622084	0.00622084	 0.0108865	 0.0393987	 0.0399171	0.0399171	 0.0300674	 0.0279938	 0.0233281	 0.0103681	 0.0316226	 0.0129601	 0.0155521	 0.0103681	 0.0134785	 0.0134785	0.00881286	0.00881286	0.00622084	0.00570244	0.00829445	0.00311042	0.00518403	0.00725765	0.00570244	0.00259202	0.00570244	0.00259202	0.00414723	         0	0.00259202	  0.000518	0.00155521	  0.000518	0.00103681	         0	  0.000518	         0	  0.000518	         0	       0	       0	       0	0	0	0	         0	0	0	0	0	0	0	0	0	0	0	0	0	0	0	#_6         
 1990	 8	2	3	2	100	0	0	0	0	0	0	       0	0	0	0	0	       0	       0	       0	       0	       0	       0	0	         0	       0	         0	         0	         0	         0	         0	         0	         0	         0	         0	         0	         0	         0	         0	         0	0.00701754	 0.0122807	 0.0157895	 0.0631579	 0.0508772	 0.0614035	  0.054386	 0.0403509	0.0385965	 0.0105263	0.0438596	 0.0298246	 0.0192982	 0.0192982	 0.0122807	0.00877193	0.00877193	0.00701754	         0	0.00877193	0.00877193	0.00701754	0.00877193	0.00526316	0.00350877	0.00350877	0.00175439	0.00175439	0.00350877	0.00175439	         0	         0	         0	         0	         0	         0	         0	         0	         0	         0	         0	0.00175439	         0	         0	       0	         0	         0	0	0	0	0	0	0	0	0	0	0	0	0	0	0	       0	       0	0	0	0	0	0	0	0	0	0	0	         0	0	0	         0	         0	         0	0	         0	         0	       0	         0	         0	         0	         0	         0	         0	         0	         0	         0	         0	         0	0.00175439	0.00877193	 0.0105263	 0.0105263	  0.054386	 0.0421053	0.0421053	 0.0315789	 0.0315789	 0.0385965	 0.0105263	 0.0298246	 0.0192982	 0.0175439	 0.0175439	0.00701754	 0.0105263	0.00526316	 0.0105263	0.00877193	0.00350877	0.00526316	0.00350877	0.00350877	0.00526316	0.00175439	0.00350877	0.00175439	         0	0.00175439	         0	0.00175439	         0	         0	         0	         0	         0	         0	         0	         0	         0	       0	       0	       0	0	0	0	         0	0	0	0	0	0	0	0	0	0	0	0	0	0	0	#_7         
 1991	 9	2	3	2	100	0	0	0	0	0	0	       0	0	0	0	0	       0	       0	       0	       0	       0	       0	0	         0	       0	         0	         0	         0	         0	         0	         0	         0	         0	         0	         0	         0	         0	         0	         0	  0.000839	  0.000839	0.00922819	 0.0620805	 0.0654362	 0.0662752	 0.0612416	 0.0494966	0.0402685	 0.0192953	0.0528523	 0.0285235	 0.0218121	 0.0218121	  0.010906	 0.0151007	0.00587248	0.00587248	0.00503356	0.00503356	  0.000839	0.00503356	0.00503356	0.00167785	  0.000839	  0.000839	         0	  0.000839	  0.000839	  0.000839	         0	  0.000839	         0	         0	  0.000839	         0	         0	         0	         0	         0	         0	         0	         0	         0	       0	         0	         0	0	0	0	0	0	0	0	0	0	0	0	0	0	0	       0	       0	0	0	0	0	0	0	0	0	0	0	         0	0	0	         0	         0	         0	0	         0	         0	       0	         0	         0	         0	         0	         0	         0	         0	         0	         0	         0	         0	  0.000839	  0.000839	  0.000839	  0.010906	  0.045302	 0.0461409	0.0427852	  0.045302	 0.0352349	 0.0302013	 0.0125839	 0.0394295	 0.0192953	 0.0167785	 0.0125839	  0.011745	  0.010906	  0.010906	0.00755034	 0.0100671	0.00335571	0.00838926	0.00251678	0.00167785	  0.000839	  0.000839	         0	         0	         0	0.00167785	         0	  0.000839	         0	         0	  0.000839	         0	         0	  0.000839	         0	0.00167785	         0	       0	       0	       0	0	0	0	         0	0	0	0	0	0	0	0	0	0	0	0	0	0	0	#_8         
 1992	 9	2	3	2	100	0	0	0	0	0	0	       0	0	0	0	0	       0	       0	       0	       0	       0	       0	0	         0	       0	         0	         0	         0	         0	         0	         0	         0	         0	         0	         0	         0	         0	         0	         0	         0	0.00499287	  0.010699	 0.0413695	 0.0456491	 0.0520685	 0.0456491	 0.0392297	 0.032097	 0.0164051	0.0349501	 0.0249643	 0.0235378	  0.021398	 0.0164051	 0.0164051	 0.0142653	 0.0149786	 0.0114123	 0.0121255	 0.0121255	 0.0121255	0.00927247	 0.0085592	0.00713267	 0.0042796	 0.0042796	0.00142653	 0.0021398	 0.0021398	 0.0021398	0.00142653	0.00142653	0.00142653	0.00142653	0.00142653	0.00142653	0.00142653	 0.0021398	0.00142653	0.00142653	0.00142653	0.00142653	0.00142653	0.000713	         0	         0	0	0	0	0	0	0	0	0	0	0	0	0	0	0	       0	       0	0	0	0	0	0	0	0	0	0	0	         0	0	0	         0	         0	         0	0	         0	         0	       0	         0	         0	         0	         0	         0	         0	         0	         0	         0	         0	         0	         0	         0	         0	0.00784593	 0.0399429	 0.0477889	 0.042796	 0.0435093	 0.0370899	 0.0263909	 0.0164051	 0.0335235	 0.0178317	 0.0171184	 0.0128388	 0.0114123	0.00927247	  0.010699	 0.0085592	0.00784593	0.00713267	 0.0042796	0.00285307	0.00356633	0.00285307	0.00356633	0.00285307	 0.0021398	 0.0021398	0.00142653	0.00142653	0.00142653	0.00142653	0.00142653	0.00142653	0.00142653	0.00142653	0.00142653	  0.000713	         0	         0	       0	       0	       0	0	0	0	         0	0	0	0	0	0	0	0	0	0	0	0	0	0	0	#_9         
 1993	 9	2	3	2	100	0	0	0	0	0	0	       0	0	0	0	0	       0	       0	       0	       0	       0	       0	0	         0	       0	         0	         0	         0	         0	         0	         0	         0	         0	         0	         0	         0	         0	         0	         0	         0	0.00161586	0.00652806	 0.0149413	 0.0299957	 0.0329743	 0.0423193	 0.0408219	 0.041269	 0.0197996	0.0634924	 0.0328935	 0.0308467	 0.0294517	 0.0275665	 0.0271302	 0.0197242	 0.0193418	 0.0145212	 0.0133739	 0.0123344	0.00904341	0.00898955	0.00723904	0.00668965	0.00658192	0.00658192	0.00658192	0.00658192	0.00496068	  0.000108	  0.000108	  0.000108	  0.000108	  5.39e-05	         0	         0	         0	         0	         0	         0	         0	         0	         0	       0	         0	         0	0	0	0	0	0	0	0	0	0	0	0	0	0	0	       0	       0	0	0	0	0	0	0	0	0	0	0	         0	0	0	         0	         0	         0	0	         0	         0	       0	         0	         0	         0	         0	         0	         0	         0	         0	         0	         0	         0	         0	         0	         0	0.00166972	 0.0132231	 0.0359313	0.0411289	 0.0429172	 0.0433588	 0.0384466	  0.017252	 0.0381881	 0.0191587	 0.0189432	 0.0172143	 0.0116503	 0.0107239	0.00699666	0.00650652	0.00634493	0.00553162	 0.0048745	 0.0048745	0.00427125	0.00416353	0.00383497	0.00356027	0.00356027	0.00334482	0.00334482	0.00334482	  0.000108	  0.000108	  0.000108	  0.000108	  0.000108	  0.000108	  0.000108	  0.000108	  0.000108	         0	       0	       0	       0	0	0	0	         0	0	0	0	0	0	0	0	0	0	0	0	0	0	0	#_10        
 1994	 9	2	3	2	100	0	0	0	0	0	0	       0	0	0	0	0	       0	       0	       0	       0	       0	       0	0	         0	       0	         0	         0	         0	         0	         0	         0	         0	         0	         0	         0	         0	         0	         0	         0	         0	         0	 0.0019685	 0.0127953	 0.0413386	 0.0541339	 0.0541339	 0.0541339	0.0482283	 0.0206693	0.0501969	 0.0265748	 0.0187008	 0.0177165	 0.0177165	 0.0177165	 0.0137795	0.00984252	0.00885827	0.00787402	0.00787402	0.00787402	0.00590551	0.00590551	0.00590551	0.00590551	0.00393701	0.00393701	0.00393701	0.00393701	0.00393701	         0	         0	         0	         0	         0	         0	         0	         0	         0	         0	         0	         0	         0	       0	         0	         0	0	0	0	0	0	0	0	0	0	0	0	0	0	0	       0	       0	0	0	0	0	0	0	0	0	0	0	         0	0	0	         0	         0	         0	0	         0	         0	       0	         0	         0	         0	         0	         0	         0	         0	         0	         0	         0	         0	         0	         0	         0	         0	 0.0137795	 0.0364173	0.0364173	 0.0383858	 0.0364173	 0.0354331	 0.0177165	 0.0492126	 0.0285433	 0.0255906	 0.0177165	 0.0147638	 0.0137795	 0.0137795	 0.0127953	  0.011811	  0.011811	0.00984252	0.00688976	0.00590551	0.00590551	0.00590551	0.00590551	0.00393701	 0.0019685	 0.0019685	 0.0019685	         0	         0	         0	         0	         0	         0	         0	         0	         0	         0	       0	       0	       0	0	0	0	         0	0	0	0	0	0	0	0	0	0	0	0	0	0	0	#_11        
 1995	 9	2	3	2	100	0	0	0	0	0	0	       0	0	0	0	0	       0	       0	       0	       0	       0	       0	0	         0	       0	         0	         0	         0	         0	         0	         0	         0	         0	         0	         0	         0	         0	         0	         0	         0	         0	0.00141243	 0.0148305	 0.0336629	 0.0388418	  0.040725	 0.0393126	0.0360169	 0.0181262	 0.050565	 0.0324388	 0.0282015	 0.0249058	 0.0201977	 0.0183145	 0.0169021	 0.0164313	 0.0154896	  0.014548	  0.014548	 0.0136064	 0.0112524	0.00823917	0.00564972	 0.0047081	 0.0047081	0.00329567	0.00282486	0.00282486	0.00282486	0.00282486	0.00282486	0.00235405	0.00188324	0.00188324	0.00188324	0.00188324	0.00188324	  0.000942	  0.000942	  0.000942	  0.000942	  0.000942	       0	         0	         0	0	0	0	0	0	0	0	0	0	0	0	0	0	0	       0	       0	0	0	0	0	0	0	0	0	0	0	         0	0	0	         0	         0	         0	0	         0	         0	       0	         0	         0	         0	         0	         0	         0	         0	         0	         0	         0	         0	         0	         0	  0.000942	  0.000942	 0.0134181	 0.0270716	0.0331921	 0.0346045	 0.0331921	 0.0322505	 0.0149247	 0.0405838	 0.0261299	 0.0242467	 0.0228343	 0.0195386	 0.0190678	 0.0167137	 0.0148305	 0.0134181	0.00974576	0.00800377	0.00659134	0.00564972	 0.0047081	0.00282486	0.00188324	0.00188324	0.00188324	0.00188324	0.00188324	  0.000942	  0.000942	  0.000942	  0.000942	  0.000942	  0.000942	  0.000942	  0.000942	  0.000471	         0	       0	       0	       0	0	0	0	         0	0	0	0	0	0	0	0	0	0	0	0	0	0	0	#_12        
 1996	 9	2	3	2	100	0	0	0	0	0	0	       0	0	0	0	0	       0	       0	       0	       0	       0	       0	0	         0	       0	         0	         0	         0	         0	         0	         0	         0	         0	         0	         0	         0	         0	         0	         0	         0	         0	  0.000339	0.00338753	  0.036958	 0.0457995	 0.0481707	  0.047832	0.0461382	 0.0220528	0.0644309	 0.0383469	 0.0267954	 0.0169715	 0.0142615	 0.0142615	 0.0139228	 0.0132453	 0.0118902	 0.0112127	  0.010874	  0.010874	  0.010874	  0.010874	 0.0101965	 0.0101965	 0.0105352	0.00951897	0.00951897	  0.000678	  0.000678	  0.000678	  0.000678	  0.000678	  0.000678	  0.000678	  0.000678	  0.000678	  0.000339	         0	         0	         0	         0	         0	       0	         0	         0	0	0	0	0	0	0	0	0	0	0	0	0	0	0	       0	       0	0	0	0	0	0	0	0	0	0	0	         0	0	0	         0	         0	         0	0	         0	         0	       0	         0	         0	         0	         0	         0	         0	         0	         0	         0	         0	         0	         0	         0	         0	         0	0.00372629	 0.0223916	0.0295054	 0.0339092	 0.0335705	  0.032893	  0.016294	 0.0454607	 0.0210366	 0.0193428	 0.0193428	 0.0179878	  0.016294	 0.0152778	 0.0142615	  0.013584	 0.0129065	 0.0129065	  0.012229	 0.0115515	  0.010874	0.00203252	0.00169377	0.00135501	0.00135501	0.00101626	  0.000678	  0.000678	  0.000678	         0	         0	         0	         0	         0	         0	         0	         0	       0	       0	       0	0	0	0	         0	0	0	0	0	0	0	0	0	0	0	0	0	0	0	#_13        
 1997	 8	2	3	2	100	0	0	0	0	0	0	       0	0	0	0	0	       0	       0	       0	       0	       0	       0	0	         0	       0	         0	         0	         0	         0	         0	         0	         0	         0	         0	         0	         0	         0	         0	         0	         0	         0	         0	 0.0172712	  0.029361	 0.0416235	 0.0469775	 0.0487047	0.0435233	 0.0157168	0.0402418	 0.0176166	 0.0176166	 0.0141623	 0.0141623	 0.0141623	 0.0103627	 0.0103627	0.00863558	0.00690846	0.00690846	0.00690846	0.00690846	0.00690846	0.00690846	0.00690846	0.00518135	0.00690846	0.00690846	0.00690846	0.00690846	0.00690846	0.00690846	0.00690846	0.00518135	         0	         0	         0	         0	         0	         0	         0	         0	         0	       0	         0	         0	0	0	0	0	0	0	0	0	0	0	0	0	0	0	       0	       0	0	0	0	0	0	0	0	0	0	0	         0	0	0	         0	         0	         0	0	         0	         0	       0	         0	         0	         0	         0	         0	         0	         0	         0	         0	         0	         0	         0	         0	         0	         0	 0.0103627	 0.0259067	0.0314335	 0.0314335	 0.0314335	 0.0314335	 0.0139896	 0.0419689	 0.0279793	 0.0279793	  0.024525	  0.024525	  0.024525	 0.0208981	 0.0138169	 0.0120898	 0.0103627	 0.0103627	 0.0103627	 0.0103627	 0.0103627	0.00690846	0.00690846	0.00518135	0.00345423	0.00345423	0.00345423	0.00345423	0.00345423	0.00345423	0.00345423	0.00345423	0.00345423	0.00345423	0.00345423	         0	         0	       0	       0	       0	0	0	0	         0	0	0	0	0	0	0	0	0	0	0	0	0	0	0	#_14        
 1998	 9	2	3	2	100	0	0	0	0	0	0	       0	0	0	0	0	       0	       0	       0	       0	       0	       0	0	         0	       0	         0	         0	         0	         0	         0	         0	         0	         0	         0	         0	         0	         0	         0	         0	         0	   0.00091	0.00363967	 0.0154686	 0.0200182	 0.0209281	 0.0236579	 0.0236579	0.0245678	 0.0118289	0.0363967	 0.0254777	 0.0254777	 0.0254777	 0.0245678	 0.0236579	 0.0236579	  0.021838	 0.0181984	 0.0172884	 0.0154686	 0.0136488	  0.010919	 0.0127389	  0.010919	0.00818926	0.00727935	0.00727935	0.00727935	0.00727935	0.00727935	0.00545951	0.00363967	0.00181984	0.00181984	0.00181984	         0	         0	         0	         0	         0	         0	         0	         0	       0	         0	         0	0	0	0	0	0	0	0	0	0	0	0	0	0	0	       0	       0	0	0	0	0	0	0	0	0	0	0	         0	0	0	         0	         0	         0	0	         0	         0	       0	         0	         0	         0	         0	         0	         0	         0	         0	         0	         0	         0	         0	         0	   0.00091	0.00545951	 0.0127389	 0.0200182	 0.022748	  0.022748	  0.022748	 0.0236579	 0.0118289	 0.0309372	 0.0181984	 0.0181984	 0.0181984	 0.0181984	 0.0181984	 0.0163785	 0.0163785	 0.0163785	 0.0163785	 0.0163785	 0.0127389	 0.0127389	 0.0127389	 0.0118289	  0.010919	 0.0100091	0.00909918	0.00909918	0.00909918	0.00727935	0.00545951	0.00545951	0.00545951	0.00545951	0.00545951	0.00545951	0.00363967	0.00181984	         0	       0	       0	       0	0	0	0	         0	0	0	0	0	0	0	0	0	0	0	0	0	0	0	#_15        
 1999	 9	2	3	2	100	0	0	0	0	0	0	       0	0	0	0	0	       0	       0	       0	       0	       0	       0	0	         0	       0	         0	         0	         0	         0	         0	         0	         0	         0	         0	         0	         0	         0	         0	         0	         0	         0	  0.000132	0.00371564	 0.0181573	  0.028686	 0.0334802	 0.0431935	0.0435223	 0.0212613	0.0630146	 0.0413718	 0.0415428	 0.0413521	 0.0329672	 0.0304354	 0.0286597	 0.0261936	  0.024247	 0.0213271	 0.0185322	 0.0160068	 0.0134815	0.00935815	0.00775352	0.00762199	0.00697093	0.00618177	0.00605024	0.00598448	0.00591872	0.00485335	0.00379455	0.00300539	0.00100618	0.00100618	0.00100618	   0.00094	  0.000441	         0	         0	         0	         0	         0	       0	         0	         0	0	0	0	0	0	0	0	0	0	0	0	0	0	0	       0	       0	0	0	0	0	0	0	0	0	0	0	         0	0	0	         0	         0	         0	0	         0	         0	       0	         0	         0	         0	         0	         0	         0	         0	         0	         0	         0	         0	         0	         0	         0	  6.58e-05	0.00338682	 0.0161976	0.0223464	 0.0250033	 0.0290806	 0.0299356	  0.014902	 0.0373142	 0.0224977	 0.0213008	 0.0192753	 0.0161384	  0.012015	0.00889123	0.00779955	0.00635933	0.00533342	0.00491911	0.00478758	0.00465606	0.00338025	0.00318295	0.00318295	0.00318295	0.00118374	0.00118374	0.00105222	  0.000921	  0.000921	  0.000855	  0.000789	  0.000789	  0.000789	  0.000789	  0.000789	  0.000789	  0.000789	       0	       0	       0	0	0	0	         0	0	0	0	0	0	0	0	0	0	0	0	0	0	0	#_16        
 2000	 9	2	3	2	100	0	0	0	0	0	0	       0	0	0	0	0	       0	       0	       0	       0	       0	       0	0	         0	       0	         0	         0	         0	         0	         0	         0	         0	         0	         0	         0	         0	         0	         0	         0	         0	         0	  0.000153	0.00221171	 0.0178234	 0.0317038	 0.0391626	 0.0397804	0.0400092	 0.0187157	0.0508008	 0.0322224	 0.0292404	 0.0276388	 0.0268761	 0.0235128	 0.0232077	 0.0225214	 0.0195165	 0.0193639	 0.0189826	 0.0163896	  0.016237	 0.0145973	 0.0139338	 0.0130415	 0.0129652	 0.0123551	 0.0107688	0.00773337	0.00681818	0.00638347	0.00594875	0.00350824	0.00106772	0.00106772	0.00106772	  0.000915	  0.000915	  0.000915	         0	         0	         0	         0	       0	         0	         0	0	0	0	0	0	0	0	0	0	0	0	0	0	0	       0	       0	0	0	0	0	0	0	0	0	0	0	         0	0	0	         0	         0	         0	0	         0	         0	       0	         0	         0	         0	         0	         0	  0.000153	  0.000153	  0.000153	  0.000153	  0.000153	  0.000153	  0.000153	  0.000153	  0.000153	  0.000381	0.00180751	 0.0110891	0.0166794	 0.0228417	 0.0241153	 0.0249695	 0.0127135	 0.0379042	 0.0238255	  0.022529	 0.0208206	 0.0194936	 0.0188072	  0.016687	 0.0163057	 0.0136364	 0.0124619	 0.0113941	0.00864857	0.00559793	0.00491153	0.00468273	0.00324893	0.00228798	0.00228798	0.00183038	0.00137279	0.00106772	  0.000915	  0.000915	  0.000763	   0.00061	  0.000229	  0.000153	  0.000153	  0.000153	  0.000153	0.000153	0.000153	       0	0	0	0	         0	0	0	0	0	0	0	0	0	0	0	0	0	0	0	#_17        
 2001	 9	2	3	2	100	0	0	0	0	0	0	       0	0	0	0	0	       0	       0	       0	       0	       0	       0	0	         0	       0	         0	         0	         0	         0	         0	         0	         0	         0	         0	         0	         0	         0	         0	         0	         0	         0	         0	0.00182318	 0.0276374	 0.0389311	 0.0461389	 0.0486663	0.0415884	 0.0199151	0.0492607	 0.0304895	 0.0283217	 0.0214935	 0.0168631	  0.014965	 0.0127373	 0.0116733	0.00884615	0.00864635	0.00753247	0.00525974	0.00509491	0.00442058	0.00432068	0.00427073	0.00427073	0.00417083	0.00417083	0.00417083	0.00417083	0.00301199	0.00195305	0.00155345	0.00155345	 0.0014036	0.00125375	         0	         0	         0	         0	         0	         0	         0	       0	         0	         0	0	0	0	0	0	0	0	0	0	0	0	0	0	0	       0	       0	0	0	0	0	0	0	0	0	0	0	         0	0	0	         0	         0	         0	0	         0	         0	       0	         0	         0	         0	         0	         0	         0	         0	         0	         0	         0	         0	         0	         0	         0	         0	0.00358641	 0.0241309	0.0315634	 0.0354346	 0.0353646	 0.0342557	 0.0171029	 0.0513087	  0.031978	 0.0282617	 0.0248751	 0.0246953	  0.024016	 0.0237113	 0.0193057	 0.0182468	 0.0138511	0.00930569	0.00895105	0.00783716	0.00611888	0.00601898	0.00601898	0.00475524	  0.003002	  0.003002	  0.003002	  0.003002	  0.003002	0.00125375	0.00125375	0.00125375	         0	         0	         0	         0	         0	       0	       0	       0	0	0	0	         0	0	0	0	0	0	0	0	0	0	0	0	0	0	0	#_18        
 2002	 9	2	3	2	100	0	0	0	0	0	0	       0	0	0	0	0	       0	       0	       0	       0	       0	       0	0	         0	       0	         0	         0	         0	         0	         0	         0	         0	         0	         0	         0	         0	         0	         0	         0	         0	         0	         0	0.00361591	 0.0281237	 0.0325432	 0.0341503	 0.0369626	0.0365609	 0.0188831	0.0566493	 0.0349538	 0.0321414	 0.0309361	 0.0289273	 0.0269184	 0.0233025	 0.0216955	 0.0200884	 0.0184813	 0.0176778	 0.0164725	 0.0128566	 0.0108477	0.00562475	0.00200884	0.00160707	0.00160707	0.00160707	0.00200884	0.00160707	  0.000804	  0.000402	         0	         0	         0	         0	         0	         0	         0	         0	         0	         0	         0	       0	         0	         0	0	0	0	0	0	0	0	0	0	0	0	0	0	0	       0	       0	0	0	0	0	0	0	0	0	0	0	         0	0	0	         0	         0	         0	0	         0	         0	       0	         0	         0	         0	         0	         0	         0	         0	         0	         0	         0	         0	         0	         0	         0	         0	0.00642828	 0.0233025	 0.027722	  0.029329	  0.029329	 0.0297308	 0.0144636	 0.0425874	 0.0285255	 0.0249096	 0.0245078	 0.0208919	 0.0208919	 0.0204902	 0.0156689	  0.012053	 0.0112495	  0.010446	0.00883889	0.00642828	0.00562475	0.00482121	0.00482121	0.00482121	0.00401768	0.00321414	  0.000804	  0.000804	  0.000804	  0.000804	  0.000804	  0.000804	         0	         0	         0	         0	         0	       0	       0	       0	0	0	0	         0	0	0	0	0	0	0	0	0	0	0	0	0	0	0	#_19        
 2003	 9	2	3	2	100	0	0	0	0	0	0	       0	0	0	0	0	       0	       0	       0	       0	       0	       0	0	         0	       0	         0	         0	         0	         0	         0	         0	         0	         0	         0	         0	         0	         0	         0	         0	         0	  0.000315	  0.000315	0.00406876	  0.020079	 0.0307621	 0.0366922	 0.0389459	0.0397578	 0.0199505	0.0565991	 0.0358314	 0.0325168	 0.0292687	 0.0255215	 0.0234303	 0.0221711	 0.0192051	 0.0165774	 0.0142013	 0.0127175	 0.0116059	 0.0098739	0.00785962	0.00573261	0.00439471	0.00374368	0.00313633	 0.0031075	0.00261026	0.00238567	0.00217158	0.00180892	0.00103554	  0.000419	         0	         0	         0	         0	         0	         0	         0	         0	         0	       0	         0	         0	0	0	0	0	0	0	0	0	0	0	0	0	0	0	       0	       0	0	0	0	0	0	0	0	0	0	0	         0	0	0	         0	         0	         0	0	         0	         0	       0	         0	         0	         0	         0	         0	         0	         0	         0	         0	         0	         0	         0	         0	         0	  0.000315	0.00358725	 0.0178838	0.0244318	   0.03043	 0.0316692	 0.0325282	 0.0164952	 0.0476069	 0.0301251	 0.0288859	 0.0272456	  0.024271	 0.0215838	 0.0191099	 0.0170947	 0.0147492	 0.0123041	 0.0107364	0.00900789	0.00766824	0.00671922	0.00639588	0.00575533	 0.0052345	0.00372096	0.00245733	0.00153714	  0.000816	     5e-04	  0.000192	   3.5e-05	   3.5e-05	   3.5e-05	  2.62e-05	  8.74e-06	         0	         0	       0	       0	       0	0	0	0	         0	0	0	0	0	0	0	0	0	0	0	0	0	0	0	#_20        
 2004	 9	2	3	2	100	0	0	0	0	0	0	       0	0	0	0	0	       0	       0	       0	       0	       0	       0	0	         0	       0	         0	         0	         0	         0	         0	         0	         0	         0	         0	         0	         0	         0	         0	         0	         0	         0	         0	0.00108331	 0.0191639	  0.031599	 0.0417302	 0.0451175	0.0442173	 0.0207965	0.0612603	  0.038877	 0.0339792	 0.0306073	 0.0262893	 0.0242905	 0.0227647	 0.0195911	 0.0166921	 0.0127098	 0.0122521	 0.0120995	 0.0104211	0.00889533	 0.0060116	0.00550809	0.00379921	0.00317363	0.00164785	0.00164785	0.00164785	  0.000931	  0.000931	  0.000931	         0	         0	         0	         0	         0	         0	         0	         0	         0	         0	       0	         0	         0	0	0	0	0	0	0	0	0	0	0	0	0	0	0	       0	       0	0	0	0	0	0	0	0	0	0	0	         0	0	0	         0	         0	         0	0	         0	         0	       0	         0	         0	         0	         0	         0	         0	         0	         0	         0	         0	         0	         0	         0	         0	         0	  0.000305	 0.0163412	0.0254501	 0.0307141	 0.0319957	 0.0319042	  0.015563	  0.045621	 0.0283644	 0.0274489	 0.0249466	 0.0234208	 0.0217882	 0.0207202	 0.0179738	 0.0153494	 0.0115807	 0.0099939	0.00831553	0.00816295	0.00648459	0.00515716	0.00318889	0.00154104	0.00154104	0.00154104	0.00108331	   0.00061	   0.00061	  0.000305	  0.000305	  0.000305	  0.000305	  0.000305	  0.000305	         0	         0	       0	       0	       0	0	0	0	         0	0	0	0	0	0	0	0	0	0	0	0	0	0	0	#_21        
 2005	 9	2	3	2	100	0	0	0	0	0	0	       0	0	0	0	0	       0	       0	       0	       0	       0	       0	0	         0	       0	         0	         0	         0	         0	         0	         0	         0	         0	         0	         0	         0	         0	         0	         0	         0	         0	  0.000182	0.00662837	 0.0209245	 0.0344274	 0.0402443	 0.0444019	0.0452316	 0.0220733	0.0625274	 0.0373997	  0.033616	 0.0320113	 0.0269147	 0.0241338	 0.0209336	 0.0169584	 0.0144967	 0.0119165	 0.0108406	0.00805069	0.00800511	0.00599927	0.00466813	0.00216995	0.00113056	  0.000274	  0.000182	  0.000182	  0.000182	  0.000182	  0.000182	  0.000182	  0.000182	  0.000182	  9.12e-05	         0	         0	         0	         0	         0	         0	         0	       0	         0	         0	0	0	0	0	0	0	0	0	0	0	0	0	0	0	       0	       0	0	0	0	0	0	0	0	0	0	0	         0	0	0	         0	         0	         0	0	         0	         0	       0	         0	         0	         0	         0	         0	         0	         0	         0	         0	         0	         0	         0	         0	         0	0.00153173	0.00593545	 0.0213166	0.0313913	 0.0348195	 0.0354486	 0.0358953	 0.0172775	 0.0496535	 0.0274252	 0.0268144	 0.0240244	 0.0225383	 0.0197484	 0.0146973	 0.0134482	  0.013357	   0.01188	 0.0105762	0.00994712	 0.0081054	0.00747629	0.00657367	0.00423049	0.00243435	0.00189643	0.00180525	0.00171408	  0.000182	  9.12e-05	         0	         0	         0	         0	         0	         0	         0	         0	       0	       0	       0	0	0	0	         0	0	0	0	0	0	0	0	0	0	0	0	0	0	0	#_22        
 2006	 9	3	3	2	100	0	0	0	0	0	0	       0	0	0	0	0	       0	       0	       0	       0	       0	       0	0	         0	       0	         0	         0	         0	         0	         0	         0	         0	         0	         0	         0	         0	         0	         0	         0	         0	         0	         0	0.00216169	 0.0237786	 0.0406399	 0.0462603	 0.0479896	0.0479896	 0.0216169	0.0609598	 0.0363165	 0.0324254	  0.029399	  0.026805	 0.0237786	 0.0194553	 0.0164289	 0.0146995	 0.0138348	 0.0138348	 0.0116732	 0.0077821	0.00605275	0.00475573	0.00432339	0.00389105	0.00302637	0.00259403	0.00259403	0.00259403	0.00259403	0.00216169	0.00129702	  0.000865	  0.000865	  0.000432	         0	         0	         0	         0	         0	         0	         0	       0	         0	         0	0	0	0	0	0	0	0	0	0	0	0	0	0	0	       0	       0	0	0	0	0	0	0	0	0	0	0	         0	0	0	         0	         0	         0	0	         0	         0	       0	         0	         0	         0	         0	         0	         0	         0	         0	         0	         0	         0	         0	         0	         0	         0	  0.000865	 0.0151319	0.0263727	 0.0298314	 0.0302637	  0.029399	 0.0146995	 0.0428016	 0.0263727	 0.0259403	  0.025508	 0.0207523	 0.0181582	 0.0172936	 0.0155642	 0.0121055	 0.0116732	0.00864678	 0.0077821	0.00691742	0.00605275	0.00475573	0.00432339	0.00432339	0.00389105	0.00302637	0.00259403	0.00216169	0.00172936	  0.000865	  0.000865	  0.000865	  0.000865	  0.000865	  0.000865	         0	         0	       0	       0	       0	0	0	0	         0	0	0	0	0	0	0	0	0	0	0	0	0	0	0	#_23        
 2007	 9	3	3	2	100	0	0	0	0	0	0	       0	0	0	0	0	       0	       0	       0	       0	       0	       0	0	         0	       0	         0	         0	         0	         0	         0	         0	         0	         0	         0	         0	         0	         0	         0	         0	         0	         0	  0.000465	0.00162904	 0.0300209	  0.037468	 0.0402606	 0.0430533	 0.041657	 0.0202467	0.0570165	 0.0353735	 0.0323481	 0.0288573	 0.0265301	 0.0230393	 0.0223412	 0.0207121	 0.0183849	 0.0151268	 0.0132651	 0.0118687	 0.0107051	 0.0090761	0.00744706	0.00651617	0.00581801	0.00395625	0.00232721	0.00162904	0.00139632	 0.0011636	  0.000465	  0.000465	  0.000465	  0.000465	  0.000465	  0.000233	         0	         0	         0	         0	         0	         0	       0	         0	         0	0	0	0	0	0	0	0	0	0	0	0	0	0	0	       0	       0	0	0	0	0	0	0	0	0	0	0	         0	0	0	         0	         0	         0	0	         0	         0	       0	         0	         0	         0	         0	         0	         0	         0	         0	         0	         0	         0	         0	         0	         0	         0	 0.0011636	 0.0214103	0.0281592	 0.0290901	 0.0293228	 0.0293228	 0.0144287	 0.0414242	 0.0249011	 0.0230393	 0.0221084	 0.0209448	 0.0188504	 0.0179195	 0.0155923	 0.0146614	 0.0125669	 0.0111706	 0.0102397	0.00837794	0.00628345	0.00581801	0.00465441	0.00418897	0.00349081	0.00279265	0.00186176	0.00186176	  0.000931	  0.000465	  0.000465	  0.000233	         0	         0	         0	         0	         0	       0	       0	       0	0	0	0	         0	0	0	0	0	0	0	0	0	0	0	0	0	0	0	#_24        
 2008	 9	3	3	2	100	0	0	0	0	0	0	       0	0	0	0	0	       0	       0	       0	       0	       0	       0	0	         0	       0	         0	         0	         0	         0	         0	         0	         0	         0	         0	         0	         0	         0	         0	         0	         0	         0	         0	         0	 0.0144564	 0.0229616	 0.0286785	 0.0307873	0.0319588	 0.0170337	0.0508435	 0.0338332	  0.029522	 0.0252343	     0.025	 0.0242971	 0.0224227	 0.0196111	 0.0184395	 0.0177366	 0.0151593	0.00749766	0.00656045	0.00609185	0.00538894	0.00398313	0.00374883	0.00140581	  0.000937	  0.000469	  0.000234	         0	         0	         0	         0	         0	         0	         0	         0	         0	         0	         0	         0	         0	       0	         0	         0	0	0	0	0	0	0	0	0	0	0	0	0	0	0	       0	       0	0	0	0	0	0	0	0	0	0	0	         0	0	0	         0	         0	         0	0	         0	         0	       0	         0	         0	         0	         0	         0	         0	         0	         0	         0	         0	         0	         0	         0	         0	         0	0.00405342	 0.0135192	0.0246954	 0.0261012	 0.0261012	 0.0258669	 0.0128163	 0.0381912	  0.025164	 0.0249297	 0.0246954	 0.0246954	 0.0246954	 0.0246954	 0.0237582	 0.0232896	 0.0225867	 0.0221181	 0.0218838	 0.0211809	 0.0173383	 0.0128163	 0.0128163	 0.0116448	 0.0114105	0.00709934	0.00281162	  0.000469	  0.000469	  0.000469	  0.000469	  0.000469	  0.000469	  0.000469	  0.000469	  0.000469	  0.000469	0.000469	       0	       0	0	0	0	         0	0	0	0	0	0	0	0	0	0	0	0	0	0	0	#_25        
 2009	 9	3	3	2	100	0	0	0	0	0	0	       0	0	0	0	0	       0	       0	       0	       0	       0	       0	0	         0	       0	         0	         0	         0	         0	         0	         0	         0	         0	         0	         0	         0	         0	         0	         0	         0	         0	         0	  0.000715	 0.0321773	 0.0454415	 0.0540222	 0.0568824	0.0558098	 0.0257776	0.0644262	 0.0379335	  0.037576	 0.0365034	 0.0350733	  0.030783	 0.0225599	 0.0189846	 0.0143368	0.00968895	0.00611369	0.00361101	0.00325349	0.00289596	0.00289596	0.00289596	0.00218091	0.00218091	0.00218091	         0	         0	         0	         0	         0	         0	         0	         0	         0	         0	         0	         0	         0	         0	         0	       0	         0	         0	0	0	0	0	0	0	0	0	0	0	0	0	0	0	       0	       0	0	0	0	0	0	0	0	0	0	0	         0	0	0	         0	         0	         0	0	         0	         0	       0	         0	         0	         0	         0	         0	         0	         0	         0	         0	         0	         0	         0	         0	         0	  0.000358	0.00107258	 0.0268144	0.0329281	 0.0343582	 0.0336432	 0.0329281	 0.0143368	 0.0422596	 0.0257776	 0.0236325	 0.0229174	 0.0196997	 0.0168395	 0.0161244	 0.0150518	 0.0143368	 0.0118341	0.00504111	0.00182338	  0.000715	  0.000358	         0	         0	         0	         0	         0	         0	         0	         0	         0	         0	         0	         0	         0	         0	         0	         0	       0	       0	       0	0	0	0	         0	0	0	0	0	0	0	0	0	0	0	0	0	0	0	#_26        
 2014	 9	3	3	2	100	0	0	0	0	0	0	       0	0	0	0	0	       0	       0	       0	       0	       0	       0	0	         0	       0	         0	         0	         0	         0	         0	         0	         0	         0	         0	         0	         0	         0	         0	         0	         0	         0	         0	         0	 0.0434783	 0.0434783	         0	 0.0434783	0.0434783	         0	0.0869565	         0	 0.0434783	         0	         0	         0	         0	         0	         0	         0	         0	         0	         0	         0	 0.0434783	         0	 0.0434783	         0	         0	         0	         0	         0	         0	         0	         0	         0	         0	         0	         0	         0	         0	         0	         0	         0	       0	         0	         0	0	0	0	0	0	0	0	0	0	0	0	0	0	0	       0	       0	0	0	0	0	0	0	0	0	0	0	         0	0	0	         0	         0	         0	0	         0	         0	       0	         0	         0	         0	         0	         0	         0	         0	         0	         0	         0	         0	         0	         0	         0	         0	         0	 0.0869565	0.0869565	  0.130435	         0	 0.0869565	         0	 0.0869565	         0	 0.0434783	         0	 0.0434783	         0	         0	         0	         0	         0	         0	         0	         0	         0	         0	         0	         0	         0	         0	 0.0434783	         0	         0	         0	         0	         0	         0	         0	         0	         0	         0	       0	       0	       0	0	0	0	         0	0	0	0	0	0	0	0	0	0	0	0	0	0	0	#_27        
 2015	 5	3	3	2	100	0	0	0	0	0	0	       0	0	0	0	0	       0	       0	       0	       0	       0	       0	0	         0	       0	         0	         0	         0	         0	         0	         0	         0	         0	         0	         0	         0	         0	         0	         0	         0	         0	         0	         0	 0.0674847	 0.0858896	 0.0920245	 0.0552147	0.0920245	 0.0184049	0.0368098	 0.0184049	         0	         0	0.00613497	         0	 0.0122699	         0	0.00613497	         0	0.00613497	0.00613497	         0	         0	         0	         0	0.00613497	0.00613497	0.00613497	         0	         0	0.00613497	         0	         0	         0	         0	         0	         0	         0	         0	         0	         0	         0	         0	       0	         0	         0	0	0	0	0	0	0	0	0	0	0	0	0	0	0	       0	       0	0	0	0	0	0	0	0	0	0	0	         0	0	0	         0	         0	         0	0	         0	         0	       0	         0	         0	         0	         0	         0	         0	         0	         0	         0	         0	         0	         0	         0	         0	         0	         0	 0.0490798	0.0736196	 0.0674847	 0.0613497	 0.0674847	 0.0306748	 0.0490798	 0.0184049	 0.0122699	0.00613497	0.00613497	         0	 0.0122699	         0	0.00613497	         0	0.00613497	         0	         0	0.00613497	         0	         0	         0	         0	         0	         0	         0	         0	         0	         0	         0	         0	         0	         0	         0	         0	       0	       0	       0	0	0	0	         0	0	0	0	0	0	0	0	0	0	0	0	0	0	0	#_28        
 2016	 7	3	3	2	100	0	0	0	0	0	0	       0	0	0	0	0	       0	       0	       0	       0	       0	       0	0	         0	       0	         0	         0	         0	         0	         0	         0	         0	         0	         0	         0	         0	         0	         0	         0	         0	         0	         0	         0	 0.0170963	  0.059232	 0.0654392	 0.0817991	0.0786428	 0.0339558	0.0653866	 0.0288795	 0.0160179	 0.0137559	 0.0165439	0.00736455	0.00823251	  0.010021	0.00583903	0.00368227	 0.0141767	0.00631247	0.00736455	 0.0026302	 0.0026302	0.00394529	 0.0013151	0.00604945	         0	 0.0013151	 0.0026302	         0	 0.0013151	         0	         0	         0	         0	         0	         0	         0	         0	         0	         0	         0	       0	         0	         0	0	0	0	0	0	0	0	0	0	0	0	0	0	0	       0	       0	0	0	0	0	0	0	0	0	0	0	         0	0	0	         0	         0	         0	0	         0	         0	       0	         0	         0	         0	         0	         0	         0	         0	         0	         0	         0	         0	         0	         0	         0	         0	         0	 0.0166491	0.0373488	 0.0546028	 0.0488953	 0.0640715	 0.0132036	 0.0666228	 0.0259337	 0.0218043	 0.0204366	  0.010021	0.00578643	 0.0110205	 0.0130984	0.00707522	0.00368227	0.00499737	  0.000526	0.00289321	0.00289321	  0.000263	         0	         0	0.00499737	         0	         0	 0.0013151	  0.000263	         0	         0	         0	         0	         0	  0.000263	         0	         0	       0	       0	       0	0	0	0	         0	0	0	0	0	0	0	0	0	0	0	0	0	0	0	#_29        
 2017	 7	3	3	2	100	0	0	0	0	0	0	       0	0	0	0	0	       0	       0	       0	       0	       0	       0	0	         0	       0	         0	         0	         0	         0	         0	         0	         0	         0	         0	         0	         0	         0	         0	         0	         0	         0	         0	  0.000496	0.00297472	 0.0523054	 0.0679227	 0.0712692	0.0421418	 0.0235498	0.0551562	 0.0281358	  0.023054	 0.0167328	0.00780863	0.00991572	0.00966782	0.00991572	 0.0112791	0.00966782	 0.0142538	0.00508181	 0.0110312	0.00570154	0.00334655	0.00991572	0.00917204	0.00446207	0.00570154	0.00285077	0.00210709	  0.000248	  0.000496	         0	         0	0.00210709	         0	         0	         0	         0	         0	         0	         0	         0	       0	         0	0.00260288	0	0	0	0	0	0	0	0	0	0	0	0	0	0	       0	       0	0	0	0	0	0	0	0	0	0	0	         0	0	0	         0	         0	         0	0	         0	         0	       0	         0	         0	         0	         0	         0	         0	         0	         0	         0	         0	         0	         0	         0	         0	         0	0.00309866	0.00644522	0.0355726	 0.0511899	 0.0530491	 0.0520575	 0.0210709	 0.0616014	 0.0266485	  0.023054	 0.0158651	 0.0164849	0.00991572	 0.0128904	0.00867625	0.00656916	  0.011651	 0.0131383	0.00495786	0.00644522	0.00867625	0.00309866	0.00396629	0.00483391	0.00334655	  0.000992	0.00458602	  0.000992	0.00309866	  0.000496	0.00285077	  0.000248	  0.000496	         0	         0	         0	  0.000248	       0	0.000496	0.000248	0	0	0	         0	0	0	0	0	0	0	0	0	0	0	0	0	0	0	#_30        
 2018	 7	3	3	2	100	0	0	0	0	0	0	       0	0	0	0	0	       0	       0	       0	       0	       0	       0	0	         0	       0	         0	         0	         0	         0	         0	         0	         0	         0	         0	         0	         0	         0	         0	         0	         0	         0	         0	         0	 0.0144338	 0.0633347	 0.0863542	 0.0859394	0.0728328	 0.0210701	0.0588138	 0.0227292	 0.0170054	0.00663625	 0.0116134	0.00497719	0.00331812	0.00862713	0.00414766	0.00696806	   0.00083	0.00613853	 0.0012443	         0	0.00165906	         0	0.00248859	         0	         0	         0	         0	         0	         0	         0	         0	         0	         0	         0	         0	         0	   0.00083	         0	         0	         0	       0	         0	         0	0	0	0	0	0	0	0	0	0	0	0	0	0	0	       0	       0	0	0	0	0	0	0	0	0	0	0	         0	0	0	         0	         0	         0	0	         0	         0	       0	         0	         0	         0	         0	         0	         0	         0	         0	         0	         0	         0	         0	         0	         0	         0	         0	0.00987142	0.0349233	  0.069017	 0.0706346	 0.0546246	 0.0172543	 0.0793032	 0.0217752	 0.0131895	  0.017669	 0.0131481	 0.0192866	 0.0139776	0.00821236	         0	0.00779759	 0.0139776	 0.0127333	0.00613853	         0	  0.000415	  0.000415	  0.000415	0.00613853	0.00613853	  0.000415	         0	   0.00083	         0	         0	         0	         0	         0	         0	         0	         0	       0	       0	       0	0	0	0	         0	0	0	0	0	0	0	0	0	0	0	0	0	0	0	#_31        
 2019	 7	3	3	2	100	0	0	0	0	0	0	       0	0	0	0	0	       0	       0	       0	       0	       0	       0	0	         0	       0	         0	         0	         0	         0	         0	         0	         0	         0	         0	         0	         0	         0	         0	         0	         0	         0	         0	         0	 0.0160064	  0.060546	 0.0656852	 0.0751071	0.0761777	 0.0383833	0.0630086	  0.037045	  0.033833	 0.0237152	 0.0202355	 0.0114561	 0.0163812	0.00551392	 0.0120985	0.00369379	0.00369379	0.00540685	0.00182013	0.00519272	0.00540685	0.00182013	         0	         0	         0	         0	         0	         0	         0	         0	         0	         0	         0	         0	         0	         0	         0	         0	         0	         0	       0	         0	         0	0	0	0	0	0	0	0	0	0	0	0	0	0	0	       0	       0	0	0	0	0	0	0	0	0	0	0	         0	0	0	         0	         0	         0	0	         0	         0	       0	         0	         0	         0	         0	         0	         0	         0	         0	         0	         0	         0	         0	         0	         0	         0	         0	 0.0277837	0.0434154	 0.0559957	  0.055621	 0.0409529	 0.0256424	  0.037955	  0.029818	 0.0263919	 0.0207709	0.00733405	0.00583512	 0.0131692	 0.0127409	0.00412206	  0.000535	         0	0.00583512	         0	0.00182013	         0	  0.000535	         0	         0	         0	         0	         0	         0	         0	         0	         0	         0	  0.000535	         0	  0.000535	         0	       0	       0	0.000535	0	0	0	         0	0	0	0	0	0	0	0	0	0	0	0	0	0	0	#_32        
 2020	 9	3	3	2	100	0	0	0	0	0	0	       0	0	0	0	0	       0	       0	       0	       0	       0	       0	0	         0	       0	         0	         0	         0	         0	         0	         0	         0	         0	         0	         0	         0	         0	         0	         0	         0	         0	         0	         0	         0	 0.0498489	 0.0432024	 0.0383686	0.0679758	 0.0398792	0.0712991	 0.0422961	 0.0280967	 0.0392749	 0.0199396	 0.0172205	 0.0169184	 0.0232628	  0.034139	 0.0148036	 0.0135952	 0.0108761	 0.0102719	 0.0108761	0.00513595	0.00332326	0.00513595	0.00513595	         0	         0	         0	         0	         0	         0	         0	         0	0.00332326	         0	         0	         0	         0	         0	         0	         0	       0	         0	         0	0	0	0	0	0	0	0	0	0	0	0	0	0	0	       0	       0	0	0	0	0	0	0	0	0	0	0	         0	0	0	         0	         0	         0	0	         0	         0	       0	         0	         0	         0	         0	         0	         0	         0	         0	         0	         0	         0	         0	         0	         0	         0	         0	0.00574018	0.0126888	 0.0277946	 0.0429003	 0.0477341	 0.0256798	 0.0661631	0.00876133	 0.0238671	 0.0160121	 0.0244713	 0.0126888	 0.0217523	 0.0169184	0.00755287	0.00906344	         0	0.00513595	  0.000604	         0	0.00513595	         0	         0	0.00513595	         0	         0	         0	         0	         0	         0	         0	         0	         0	         0	         0	         0	       0	       0	       0	0	0	0	         0	0	0	0	0	0	0	0	0	0	0	0	0	0	0	#_33        
 2019	 9	1	3	0	100	0	0	0	0	0	0	       0	0	0	0	0	       0	       0	       0	       0	       0	       0	0	         0	       0	         0	         0	0.00103734	0.00103734	         0	0.00103734	0.00103734	         0	0.00224066	0.00273859	 0.0103734	0.00385892	 0.0026971	0.00626556	0.00526971	 0.0160581	 0.0208714	 0.0364315	 0.0321992	 0.0391286	 0.0595851	 0.0289627	0.0287137	0.00842324	0.0281328	  0.000747	 0.0160996	0.00705394	0.00224066	0.00639004	         0	0.00879668	  0.000664	         0	0.00705394	         0	         0	         0	0.00103734	         0	         0	         0	         0	  0.000747	         0	         0	         0	         0	         0	         0	         0	         0	         0	         0	         0	         0	         0	         0	       0	         0	         0	0	0	0	0	0	0	0	0	0	0	0	0	0	0	       0	       0	0	0	0	0	0	0	0	0	0	0	         0	0	0	         0	  0.000664	         0	0	0.00103734	         0	       0	         0	         0	         0	0.00639004	0.00282158	0.00385892	0.00103734	0.00817427	0.00941909	 0.0125726	 0.0159336	 0.0302905	 0.0300415	 0.0426971	 0.0263071	 0.0319502	 0.0417012	 0.043195	 0.0358506	 0.0525726	 0.0376349	 0.0158091	 0.0521162	 0.0300415	 0.0146888	 0.0130705	0.00883817	0.00385892	 0.0158091	  0.000664	         0	 0.0112033	0.00157676	         0	0.00414938	0.00282158	         0	         0	0.00414938	         0	         0	         0	         0	         0	         0	         0	         0	         0	         0	         0	         0	         0	       0	       0	       0	0	0	0	         0	0	0	0	0	0	0	0	0	0	0	0	0	0	0	#_34        
 2020	11	1	3	0	100	0	0	0	0	0	0	       0	0	0	0	0	       0	       0	       0	       0	       0	       0	0	         0	       0	         0	         0	         0	         0	         0	 0.0139241	         0	 0.0139241	         0	         0	         0	         0	         0	 0.0447257	 0.0341772	 0.0139241	 0.0308017	 0.0481013	 0.0620253	         0	 0.0139241	 0.0481013	0.0308017	         0	0.0172996	         0	         0	         0	         0	         0	         0	         0	         0	         0	         0	         0	         0	         0	         0	         0	         0	         0	         0	         0	         0	         0	         0	         0	         0	         0	         0	         0	         0	         0	         0	         0	         0	         0	       0	         0	         0	0	0	0	0	0	0	0	0	0	0	0	0	0	0	       0	       0	0	0	0	0	0	0	0	0	0	0	         0	0	0	         0	         0	         0	0	         0	         0	       0	         0	 0.0172996	         0	         0	         0	         0	 0.0172996	 0.0413502	 0.0341772	         0	 0.0308017	 0.0139241	 0.0172996	 0.0308017	 0.0447257	 0.0620253	 0.0341772	0.0649789	         0	         0	 0.0139241	 0.0308017	  0.109705	         0	 0.0341772	 0.0172996	         0	         0	         0	         0	         0	         0	         0	         0	         0	         0	         0	         0	         0	         0	 0.0139241	         0	         0	         0	         0	         0	         0	         0	         0	         0	         0	         0	       0	       0	       0	0	0	0	         0	0	0	0	0	0	0	0	0	0	0	0	0	0	0	#_35        
 2021	 9	1	3	0	100	0	0	0	0	0	0	       0	0	0	0	0	       0	       0	       0	       0	       0	       0	0	         0	       0	   0.00011	  0.000583	  0.000583	         0	  0.000583	  0.000583	0.00146354	0.00143116	0.00407978	0.00624272	0.00483746	0.00628157	 0.0076674	0.00843803	0.00957778	 0.0154255	 0.0219013	 0.0216552	 0.0286168	 0.0214221	 0.0203147	 0.0236239	0.0259617	 0.0173617	0.0344904	  0.016481	 0.0155161	 0.0131783	 0.0176208	 0.0154319	 0.0156262	 0.0170574	0.00870354	0.00949359	0.00453957	0.00418987	0.00291413	0.00829556	0.00113327	  0.000913	0.00147002	  0.000311	         0	0.00558218	         0	         0	  0.000298	         0	0.00176143	  3.89e-05	         0	         0	         0	         0	         0	         0	         0	         0	       0	         0	         0	0	0	0	0	0	0	0	0	0	0	0	0	0	0	       0	       0	0	0	0	0	0	0	0	0	0	0	0.00101671	0	0	         0	         0	         0	0	         0	  0.000848	       0	  0.000583	  0.000583	0.00114623	0.00220179	0.00354229	0.00307603	0.00497992	0.00121098	0.00353581	0.00812071	 0.0159824	 0.0140137	 0.0122264	 0.0155809	 0.0224453	  0.027069	 0.0259811	0.0453568	 0.0317381	 0.0301321	 0.0315892	 0.0158982	 0.0237728	 0.0219402	 0.0211631	 0.0179834	 0.0204701	 0.0205738	0.00764797	 0.0182425	   0.01086	 0.0118378	 0.0167077	 0.0124336	0.00740189	0.00637223	0.00309545	 0.0057376	0.00101671	 0.0027069	0.00129517	  0.000881	0.00172905	  0.000848	  0.000881	  0.000881	  0.000848	         0	         0	         0	         0	         0	       0	       0	       0	0	0	0	         0	0	0	0	0	0	0	0	0	0	0	0	0	0	0	#_36        
 2022	 9	1	3	0	100	0	0	0	0	0	0	       0	0	0	0	0	       0	       0	       0	       0	       0	       0	0	         0	       0	         0	         0	  3.06e-05	0.00141812	  0.000882	0.00193634	0.00220241	0.00310093	0.00307167	0.00401198	0.00421397	0.00640524	0.00775232	0.00868009	 0.0102918	 0.0123856	 0.0170133	 0.0258424	 0.0331741	 0.0477161	 0.0351188	 0.0348764	0.0333774	 0.0206492	0.0344153	 0.0191962	  0.015545	 0.0135794	 0.0103113	0.00853799	0.00631608	0.00571289	0.00665599	  0.000982	0.00232918	0.00264401	0.00139444	 0.0010824	  0.000437	  0.000447	  0.000276	  0.000167	         0	         0	  0.000181	  0.000141	         0	         0	         0	  9.19e-05	         0	         0	         0	         0	         0	         0	         0	         0	       0	         0	         0	0	0	0	0	0	0	0	0	0	0	0	0	0	0	       0	       0	0	0	0	0	0	0	0	0	0	0	         0	0	0	         0	         0	         0	0	         0	         0	       0	  3.06e-05	  0.000386	0.00112976	0.00227485	0.00221355	0.00252699	0.00380024	0.00349655	0.00618374	0.00656544	0.00747371	 0.0111165	 0.0134945	 0.0141464	 0.0171596	 0.0281911	 0.0333301	0.0360772	 0.0334457	 0.0353458	 0.0399457	 0.0191252	 0.0618124	 0.0334262	 0.0190207	 0.0193299	  0.017278	 0.0151564	 0.0147552	0.00964268	0.00775232	0.00769242	0.00768545	 0.0038685	 0.0072536	0.00143484	0.00191126	0.00254092	0.00180539	0.00146967	  0.000513	0.00149335	  0.000352	  2.23e-05	0.00119663	  0.000387	   0.00011	         0	         0	         0	         0	  2.23e-05	       0	       0	       0	0	0	0	         0	0	0	0	0	0	0	0	0	0	0	0	0	0	0	#_37        
 2023	 9	1	3	0	100	0	0	0	0	0	0	       0	0	0	0	0	       0	       0	       0	       0	       0	       0	0	         0	       0	         0	         0	  7.03e-05	   6.7e-05	  0.001123	  0.000449	0.00323074	0.00764587	0.00692736	 0.0084375	0.00727138	0.00645913	 0.0128147	 0.0213394	  0.014951	 0.0219538	 0.0274957	 0.0307021	 0.0433288	 0.0460051	 0.0341657	 0.0323195	0.0333108	 0.0141162	0.0330366	 0.0142203	 0.0109647	 0.0114625	0.00676378	 0.0064535	0.00449763	0.00391363	0.00559063	0.00221413	0.00157717	0.00109394	  0.000786	   0.00042	  0.000152	0.00145109	         0	  9.51e-05	  2.67e-05	  0.000207	  3.98e-05	  7.45e-05	         0	         0	         0	         0	         0	         0	         0	         0	         0	         0	         0	         0	       0	         0	         0	0	0	0	0	0	0	0	0	0	0	0	0	0	0	3.19e-05	       0	0	0	0	0	0	0	0	0	0	0	         0	0	0	         0	         0	         0	0	  1.64e-05	  7.45e-05	8.06e-05	         0	0.00184761	  0.000915	  0.000737	 0.0022624	0.00155045	0.00578045	0.00700329	 0.0107979	 0.0114972	 0.0134338	 0.0177997	 0.0290307	 0.0246015	 0.0241525	 0.0433724	 0.0539068	0.0283454	 0.0334139	 0.0277343	 0.0224567	  0.015497	 0.0344427	  0.012361	 0.0145414	 0.0079599	0.00951223	 0.0122555	0.00665926	0.00554376	0.00869669	0.00679987	0.00449575	0.00744339	0.00270298	0.00136204	  0.000974	0.00137282	 0.0021682	0.00200415	  0.000166	0.00191416	     6e-05	  0.000875	  0.000105	         0	         0	         0	         0	         0	         0	         0	       0	       0	       0	0	0	0	         0	0	0	0	0	0	0	0	0	0	0	0	0	0	0	#_38        
 2024	 9	1	3	0	100	0	0	0	0	0	0	8.75e-05	0	0	0	0	2.05e-05	0.000108	6.11e-05	0.000119	2.05e-05	8.75e-05	0	  0.000752	0.000271	0.00135792	  0.000769	   0.00019	0.00268018	0.00159622	0.00227275	0.00327134	0.00308815	0.00543115	0.00511991	 0.0059499	0.00420184	0.00488701	0.00836314	0.00785683	  0.014379	 0.0133107	  0.034831	 0.0405232	 0.0341799	 0.0353984	 0.0292491	0.0380143	  0.019172	0.0387486	 0.0135203	 0.0129292	  0.016488	0.00675828	 0.0144254	0.00901752	0.00604716	0.00719435	0.00587803	0.00378846	0.00386573	0.00150004	   0.00066	0.00103965	  0.000267	   0.00014	0.00158596	  0.000808	         0	  4.32e-05	  3.46e-05	         0	         0	         0	         0	  0.000244	         0	         0	         0	         0	         0	         0	         0	       0	         0	         0	0	0	0	0	0	0	0	0	0	0	0	0	0	0	       0	9.83e-05	0	0	0	0	0	0	0	0	0	0	  2.05e-05	0	0	   0.00066	  0.000116	  0.000954	0	  0.000847	   0.00018	8.59e-05	  0.000691	  0.000229	  0.000275	0.00140115	  0.000997	0.00407917	0.00278231	0.00578725	0.00795031	 0.0058937	0.00952276	0.00796598	0.00930931	 0.0138732	 0.0194378	 0.0291902	 0.0497968	0.0336152	 0.0406491	 0.0325993	  0.036638	 0.0168781	  0.039584	 0.0229755	 0.0134955	 0.0188758	  0.014359	 0.0120662	 0.0130626	  0.009767	 0.0102603	0.00690093	 0.0081805	0.00835342	0.00736186	0.00236029	0.00241595	0.00477408	0.00394787	0.00154975	   0.00097	  0.000354	  0.000218	0.00166052	   0.00066	         0	  0.000256	         0	  0.000466	         0	         0	         0	       0	       0	       0	0	0	0	         0	0	0	0	0	0	0	0	0	0	0	0	0	0	0	#_39        
 2019	 9	1	3	2	100	0	0	0	0	0	0	       0	0	0	0	0	       0	       0	       0	       0	       0	       0	0	         0	       0	         0	         0	         0	         0	         0	         0	         0	         0	  0.000534	         0	         0	         0	         0	 0.0040555	         0	         0	 0.0329776	 0.0329776	 0.0040555	 0.0518677	 0.0883671	 0.0648879	 0.052508	0.00522946	0.0249733	0.00192103	 0.0742796	0.00170758	0.00170758	0.00192103	         0	0.00789755	0.00170758	         0	0.00170758	         0	         0	         0	0.00266809	         0	         0	         0	         0	0.00192103	         0	         0	         0	         0	         0	         0	         0	         0	         0	         0	         0	         0	         0	         0	       0	         0	         0	0	0	0	0	0	0	0	0	0	0	0	0	0	0	       0	       0	0	0	0	0	0	0	0	0	0	0	         0	0	0	         0	         0	         0	0	         0	         0	       0	         0	         0	         0	         0	         0	         0	         0	  0.000213	         0	         0	         0	         0	         0	         0	         0	         0	         0	0.0823906	 0.0553895	  0.100213	 0.0802561	 0.0145144	 0.0966916	0.00971185	 0.0164354	 0.0134472	 0.0072572	0.00992529	 0.0251868	0.00170758	         0	  0.018143	         0	         0	         0	 0.0072572	         0	         0	         0	         0	         0	         0	         0	         0	         0	         0	         0	         0	         0	         0	         0	         0	       0	       0	       0	0	0	0	         0	0	0	0	0	0	0	0	0	0	0	0	0	0	0	#_40        
 2021	 9	1	3	2	100	0	0	0	0	0	0	       0	0	0	0	0	       0	       0	       0	       0	       0	       0	0	         0	       0	         0	         0	         0	         0	         0	         0	         0	         0	         0	         0	         0	         0	 0.0107793	         0	         0	         0	0.00538963	 0.0111912	 0.0107793	0.00569859	 0.0136972	 0.0184689	 0.017645	 0.0190525	0.0120838	 0.0107793	 0.0112599	0.00587024	0.00538963	0.00580158	         0	 0.0107793	  0.000584	0.00466873	0.00538963	  0.000584	         0	         0	         0	         0	         0	         0	         0	         0	         0	         0	         0	         0	         0	         0	         0	         0	         0	         0	         0	         0	         0	         0	       0	         0	         0	0	0	0	0	0	0	0	0	0	0	0	0	0	0	       0	       0	0	0	0	0	0	0	0	0	0	0	         0	0	0	         0	         0	         0	0	         0	         0	       0	         0	         0	         0	         0	         0	         0	         0	         0	         0	         0	         0	         0	         0	         0	0.00538963	         0	         0	0.0249914	 0.0726742	 0.0737384	 0.0562307	 0.0260213	  0.056265	 0.0138689	 0.0487813	 0.0616203	 0.0479918	 0.0481634	 0.0117748	 0.0486097	 0.0314452	 0.0172674	 0.0646413	 0.0219705	 0.0215585	 0.0201167	 0.0117405	 0.0111912	0.00538963	0.00538963	0.00686577	         0	         0	         0	         0	         0	         0	         0	         0	         0	         0	         0	       0	       0	       0	0	0	0	         0	0	0	0	0	0	0	0	0	0	0	0	0	0	0	#_41        
 2022	 9	1	3	2	100	0	0	0	0	0	0	       0	0	0	0	0	       0	       0	       0	       0	       0	       0	0	         0	       0	         0	         0	         0	         0	         0	         0	         0	         0	         0	         0	         0	         0	  0.000289	         0	         0	         0	0.00133763	0.00255016	 0.0050065	 0.0590338	 0.0760165	 0.0714935	0.0589472	 0.0407809	0.0647548	 0.0417914	  0.034788	 0.0198022	 0.0259467	 0.0189337	 0.0138575	 0.0121758	 0.0121012	         0	0.00303614	0.00132801	0.00228071	  0.000852	  0.000972	         0	  0.000356	         0	         0	         0	         0	         0	         0	         0	         0	         0	         0	         0	         0	         0	         0	         0	         0	         0	       0	         0	         0	0	0	0	0	0	0	0	0	0	0	0	0	0	0	       0	       0	0	0	0	0	0	0	0	0	0	0	         0	0	0	         0	         0	         0	0	         0	         0	       0	         0	         0	         0	         0	         0	         0	         0	         0	         0	         0	         0	         0	         0	  0.000289	  0.000669	  0.000722	  0.000669	0.0193957	 0.0383799	 0.0420295	 0.0361521	 0.0168503	 0.0631405	  0.034023	 0.0180725	 0.0242169	 0.0255642	 0.0170356	 0.0175696	 0.0141871	 0.0091469	0.00971708	0.00830486	0.00549488	 0.0116826	   0.00076	0.00248039	0.00403936	 0.0027715	0.00135688	  0.000669	0.00257903	  0.000609	  3.85e-05	0.00206659	  0.000669	   0.00019	         0	         0	         0	         0	         0	       0	       0	       0	0	0	0	         0	0	0	0	0	0	0	0	0	0	0	0	0	0	0	#_42        
 2023	 9	1	3	2	100	0	0	0	0	0	0	       0	0	0	0	0	       0	       0	       0	       0	       0	       0	0	         0	       0	         0	         0	         0	         0	         0	         0	         0	         0	         0	  0.000955	         0	  0.000116	         0	         0	         0	         0	         0	  0.000955	0.00301297	 0.0570727	 0.0702773	 0.0629659	0.0622474	  0.023952	0.0562566	 0.0245179	 0.0206406	 0.0206014	 0.0101072	 0.0077877	 0.0082902	0.00719677	0.00719576	 0.0039647	0.00238485	 0.0019306	0.00125725	  0.000582	  6.23e-05	0.00210647	         0	  0.000204	         0	  0.000426	  5.02e-05	   0.00016	         0	         0	         0	         0	         0	         0	         0	         0	         0	         0	         0	         0	       0	         0	         0	0	0	0	0	0	0	0	0	0	0	0	0	0	0	6.83e-05	       0	0	0	0	0	0	0	0	0	0	0	         0	0	0	         0	         0	         0	0	         0	         0	       0	         0	         0	         0	         0	         0	         0	         0	         0	         0	         0	         0	         0	0.00292554	0.00187532	  0.000955	         0	         0	0.0381687	 0.0669075	 0.0591349	 0.0479393	  0.031586	 0.0723948	  0.024135	 0.0295549	 0.0156548	 0.0195662	 0.0258123	 0.0137986	 0.0109605	 0.0176417	 0.0125695	0.00905701	 0.0156729	0.00526818	0.00285016	0.00194265	0.00270545	0.00258786	0.00429736	  0.000357	 0.0041044	  9.35e-05	0.00187532	  0.000224	         0	         0	         0	         0	         0	         0	         0	       0	       0	       0	0	0	0	         0	0	0	0	0	0	0	0	0	0	0	0	0	0	0	#_43        
 2024	 9	1	3	2	100	0	0	0	0	0	0	       0	0	0	0	0	       0	       0	       0	       0	       0	       0	0	         0	       0	         0	         0	         0	         0	         0	  7.85e-05	         0	  5.79e-05	         0	  0.000179	         0	         0	  7.85e-05	         0	  0.000796	  0.000179	   0.00046	  0.000126	0.00248737	 0.0240891	  0.057798	 0.0439978	0.0499054	 0.0235153	0.0534471	 0.0201697	 0.0169388	 0.0254073	0.00895885	 0.0165583	 0.0113383	0.00709823	 0.0104075	0.00510617	0.00293953	0.00478839	0.00152518	  0.000384	  0.000492	  0.000305	  0.000237	0.00287872	0.00146731	         0	         0	  6.28e-05	         0	         0	         0	         0	         0	         0	         0	         0	         0	         0	         0	         0	       0	         0	         0	0	0	0	0	0	0	0	0	0	0	0	0	0	0	       0	0.000179	0	0	0	0	0	0	0	0	0	0	         0	0	0	         0	         0	  0.000287	0	         0	         0	       0	         0	         0	         0	         0	  0.000281	         0	         0	  0.000159	  0.000796	         0	0.00119759	         0	         0	  6.28e-05	  0.000177	0.00286205	 0.0039949	0.0304487	 0.0698926	  0.058003	 0.0640959	 0.0292031	 0.0696592	 0.0405797	 0.0216841	 0.0328302	 0.0243686	 0.0214359	 0.0223216	 0.0146967	 0.0173792	0.00910402	 0.0120504	 0.0132715	 0.0120092	0.00392428	0.00420578	0.00866559	0.00553283	0.00252072	0.00176058	  0.000337	  0.000395	0.00301408	0.00119759	         0	  0.000305	         0	  0.000846	         0	         0	         0	       0	       0	       0	0	0	0	         0	0	0	0	0	0	0	0	0	0	0	0	0	0	0	#_44        
 2019	 9	1	3	1	100	0	0	0	0	0	0	       0	0	0	0	0	       0	       0	       0	       0	       0	       0	0	         0	       0	         0	         0	 0.0017819	 0.0017819	         0	 0.0017819	 0.0017819	         0	0.00349252	0.00470421	  0.017819	0.00662865	0.00463293	0.00805417	0.00905203	 0.0275837	  0.024804	 0.0516037	 0.0526016	  0.036422	 0.0401283	 0.0174626	0.0109765	 0.0109765	0.0244476	         0	         0	 0.0109765	0.00270848	0.00969351	         0	0.00983607	         0	         0	 0.0109765	         0	         0	         0	         0	         0	         0	         0	         0	         0	         0	         0	         0	         0	         0	         0	         0	         0	         0	         0	         0	         0	         0	         0	       0	         0	         0	0	0	0	0	0	0	0	0	0	0	0	0	0	0	       0	       0	0	0	0	0	0	0	0	0	0	0	         0	0	0	         0	0.00114041	         0	0	 0.0017819	         0	       0	         0	         0	         0	 0.0109765	0.00969351	 0.0114754	 0.0017819	 0.0138988	 0.0210264	 0.0215966	 0.0349252	 0.0568781	 0.0516037	 0.0831076	 0.0478974	 0.0701354	 0.0861725	0.0120456	0.00320741	0.00862438	0.00541696	         0	0.00634355	0.00955096	         0	0.00320741	0.00320741	         0	0.00320741	         0	         0	0.00712758	0.00541696	         0	0.00712758	         0	         0	         0	         0	         0	         0	         0	         0	         0	         0	         0	         0	         0	         0	         0	         0	         0	       0	       0	       0	0	0	0	         0	0	0	0	0	0	0	0	0	0	0	0	0	0	0	#_45        
 2020	11	1	3	1	100	0	0	0	0	0	0	       0	0	0	0	0	       0	       0	       0	       0	       0	       0	0	         0	       0	         0	         0	         0	         0	         0	  0.022449	         0	  0.022449	         0	         0	         0	         0	         0	 0.0721088	  0.055102	  0.022449	 0.0496599	  0.077551	       0.1	         0	         0	         0	        0	         0	        0	         0	         0	         0	         0	         0	         0	         0	         0	         0	         0	         0	         0	         0	         0	         0	         0	         0	         0	         0	         0	         0	         0	         0	         0	         0	         0	         0	         0	         0	         0	         0	         0	         0	       0	         0	         0	0	0	0	0	0	0	0	0	0	0	0	0	0	0	       0	       0	0	0	0	0	0	0	0	0	0	0	         0	0	0	         0	         0	         0	0	         0	         0	       0	         0	 0.0278912	         0	         0	         0	         0	 0.0278912	 0.0666667	  0.055102	         0	 0.0496599	  0.022449	 0.0278912	 0.0496599	 0.0721088	       0.1	  0.055102	0.0278912	         0	         0	         0	         0	         0	         0	         0	         0	         0	         0	         0	         0	         0	         0	         0	         0	         0	         0	         0	         0	         0	         0	         0	         0	         0	         0	         0	         0	         0	         0	         0	         0	         0	         0	       0	       0	       0	0	0	0	         0	0	0	0	0	0	0	0	0	0	0	0	0	0	0	#_46        
 2021	 9	1	3	1	100	0	0	0	0	0	0	       0	0	0	0	0	       0	       0	       0	       0	       0	       0	0	         0	       0	  0.000147	  0.000779	  0.000779	         0	  0.000779	  0.000779	0.00195603	0.00191276	0.00545266	0.00970227	0.00782413	0.00839536	0.00752986	 0.0126363	 0.0141596	 0.0206162	 0.0319889	 0.0288385	 0.0382465	 0.0236628	 0.0240609	 0.0285788	0.0280682	 0.0177601	0.0416046	 0.0171283	 0.0180717	 0.0151376	 0.0240956	 0.0173533	 0.0177082	 0.0229791	 0.0103081	0.00815302	0.00353125	0.00545266	0.00270902	 0.0112602	  0.000329	0.00122036	0.00196469	  0.000415	         0	0.00274364	         0	         0	  0.000398	         0	         0	  5.19e-05	         0	         0	         0	         0	         0	         0	         0	         0	       0	         0	         0	0	0	0	0	0	0	0	0	0	0	0	0	0	0	       0	       0	0	0	0	0	0	0	0	0	0	0	0.00135884	0	0	         0	         0	         0	0	         0	0.00113381	       0	  0.000779	  0.000779	0.00153194	 0.0029427	0.00473429	0.00411113	 0.0066557	0.00161849	0.00472564	 0.0108534	 0.0213606	 0.0187294	 0.0163407	  0.020824	 0.0286394	 0.0361779	 0.0347239	0.0496019	 0.0217327	 0.0193093	 0.0221482	0.00879349	 0.0140471	 0.0163926	 0.0136316	0.00495932	 0.0117275	0.00828285	0.00373031	0.00857712	0.00304656	 0.0114679	0.00366972	0.00872425	0.00327159	0.00225896	         0	0.00249264	         0	0.00225896	         0	         0	0.00231089	0.00113381	         0	         0	0.00113381	         0	         0	         0	         0	         0	       0	       0	       0	0	0	0	         0	0	0	0	0	0	0	0	0	0	0	0	0	0	0	#_47        
 2022	 9	1	3	1	100	0	0	0	0	0	0	       0	0	0	0	0	       0	       0	       0	       0	       0	       0	0	         0	       0	         0	         0	  5.39e-05	0.00249351	0.00155048	0.00340469	0.00387253	0.00545241	0.00540097	0.00705433	0.00740949	 0.0112624	 0.0133371	 0.0152623	 0.0180963	 0.0217778	 0.0292338	 0.0441385	 0.0556949	  0.052665	 0.0218072	 0.0239382	0.0234703	 0.0139225	0.0271543	 0.0125704	0.00905795	 0.0127933	0.00552344	0.00489639	 0.0033704	0.00341694	0.00425464	0.00172684	0.00294175	0.00388723	0.00129084	 0.0010361	  0.000265	  0.000786	  0.000304	  0.000294	         0	         0	  0.000318	  0.000247	         0	         0	         0	  0.000162	         0	         0	         0	         0	         0	         0	         0	         0	       0	         0	         0	0	0	0	0	0	0	0	0	0	0	0	0	0	0	       0	       0	0	0	0	0	0	0	0	0	0	0	         0	0	0	         0	         0	         0	0	         0	         0	       0	  5.39e-05	  0.000678	0.00198648	 0.0039999	0.00389213	0.00444325	0.00668202	0.00614804	  0.010873	 0.0115441	 0.0131411	 0.0195464	 0.0237422	 0.0245799	  0.029491	 0.0488463	 0.0579239	0.0419586	 0.0166805	 0.0186695	 0.0316881	 0.0151448	 0.0413315	 0.0233087	 0.0150443	0.00916573	0.00429383	0.00906775	0.00801205	0.00213344	0.00371332	0.00332876	0.00489394	  0.000904	  0.000857	0.00175133	  0.000835	  0.000355	  0.000355	0.00120511	  0.000176	         0	         0	         0	         0	         0	         0	         0	         0	         0	         0	         0	       0	       0	       0	0	0	0	         0	0	0	0	0	0	0	0	0	0	0	0	0	0	0	#_48        
 2023	 9	1	3	1	100	0	0	0	0	0	0	       0	0	0	0	0	       0	       0	       0	       0	       0	       0	0	         0	       0	         0	         0	  0.000132	  0.000126	 0.0021036	  0.000842	 0.0060518	 0.0143222	 0.0129763	  0.014971	 0.0136207	 0.0119974	 0.0240044	 0.0399728	 0.0280061	 0.0411238	 0.0515048	 0.0566769	 0.0785303	 0.0363178	 0.0026058	0.00561457	0.0081914	0.00559965	0.0127384	0.00537928	0.00250834	0.00347322	0.00383933	0.00525022	0.00118262	0.00104565	0.00418613	  0.000684	  0.000872	  0.000363	  0.000373	  0.000278	   0.00023	  0.000878	         0	         0	     5e-05	  1.58e-05	  3.07e-05	         0	         0	         0	         0	         0	         0	         0	         0	         0	         0	         0	         0	         0	       0	         0	         0	0	0	0	0	0	0	0	0	0	0	0	0	0	0	       0	       0	0	0	0	0	0	0	0	0	0	0	         0	0	0	         0	         0	         0	0	  3.07e-05	   0.00014	0.000151	         0	0.00346093	0.00171378	0.00138104	0.00423793	 0.0029043	 0.0108279	 0.0131185	 0.0202265	 0.0215803	 0.0251642	 0.0333854	 0.0518674	 0.0444451	 0.0445391	  0.081245	  0.101196	0.0196822	0.00406321	  0.000256	   0.00011	0.00143459	0.00127392	0.00207024	0.00141967	0.00115803	  0.000725	  0.000408	  0.000421	  0.000809	  0.000725	 0.0017568	  0.000508	  0.000251	  0.000462	  6.15e-05	  0.000126	  0.000175	 0.0018007	         0	         0	         0	  3.07e-05	         0	         0	         0	         0	         0	         0	         0	         0	         0	       0	       0	       0	0	0	0	         0	0	0	0	0	0	0	0	0	0	0	0	0	0	0	#_49        
 2024	 9	1	3	1	100	0	0	0	0	0	0	0.000193	0	0	0	0	4.53e-05	0.000239	0.000135	0.000262	4.53e-05	0.000193	0	0.00165961	0.000598	0.00299827	0.00169898	  0.000419	0.00591779	0.00352443	0.00492394	0.00722305	 0.0067482	 0.0119919	 0.0110863	 0.0131373	0.00927758	 0.0106962	 0.0184657	 0.0163789	 0.0315313	  0.028829	 0.0767548	 0.0864487	  0.046166	0.00911889	 0.0123248	0.0232118	 0.0137255	0.0205417	0.00630555	0.00794249	 0.0067649	0.00402434	 0.0117091	0.00611943	0.00570662	0.00421404	0.00775756	0.00478912	0.00369862	0.00145678	  0.000989	 0.0016954	  0.000217	  2.15e-05	         0	         0	         0	  9.54e-05	         0	         0	         0	         0	         0	  0.000538	         0	         0	         0	         0	         0	         0	         0	       0	         0	         0	0	0	0	0	0	0	0	0	0	0	0	0	0	0	       0	       0	0	0	0	0	0	0	0	0	0	0	  4.53e-05	0	0	0.00145678	  0.000255	0.00175625	0	0.00186959	  0.000398	 0.00019	0.00152598	  0.000506	  0.000606	0.00309372	0.00186005	0.00900674	0.00614329	 0.0125849	 0.0165853	 0.0130132	 0.0195693	 0.0175887	 0.0205548	 0.0305554	 0.0427036	   0.06097	  0.104848	0.0371855	0.00470918	0.00140548	0.00292788	0.00174432	0.00264869	 0.0013673	0.00342063	0.00174193	0.00206168	  0.000567	0.00168943	0.00368788	0.00151405	0.00416393	0.00340392	 0.0023015	0.00164648	  0.000435	  0.000217	         0	0.00198771	  0.000356	         0	  0.000371	         0	         0	         0	         0	  0.000193	         0	         0	         0	         0	         0	       0	       0	       0	0	0	0	         0	0	0	0	0	0	0	0	0	0	0	0	0	0	0	#_50        
 2025	 7	1	3	0	100	1	1	1	1	1	1	       1	1	1	1	1	       1	       1	       1	       1	       1	       1	1	         1	       1	         1	         1	         1	         1	         1	         1	         1	         1	         1	         1	         1	         1	         1	         1	         1	         1	         1	         1	         1	         1	         1	         1	        1	         1	        1	         1	         1	         1	         1	         1	         1	         1	         1	         1	         1	         1	         1	         1	         1	         1	         1	         1	         1	         1	         1	         1	         1	         1	         1	         1	         1	         1	         1	         1	         1	         1	         1	         1	       1	         1	         1	1	1	1	1	1	1	1	1	1	1	1	1	1	1	       1	       1	1	1	1	1	1	1	1	1	1	1	         1	1	1	         1	         1	         1	1	         1	         1	       1	         1	         1	         1	         1	         1	         1	         1	         1	         1	         1	         1	         1	         1	         1	         1	         1	         1	        1	         1	         1	         1	         1	         1	         1	         1	         1	         1	         1	         1	         1	         1	         1	         1	         1	         1	         1	         1	         1	         1	         1	         1	         1	         1	         1	         1	         1	         1	         1	         1	         1	         1	         1	       1	       1	       1	1	1	1	         1	1	1	1	1	1	1	1	1	1	1	1	1	1	1	#_51        
 2026	 7	1	3	0	100	1	1	1	1	1	1	       1	1	1	1	1	       1	       1	       1	       1	       1	       1	1	         1	       1	         1	         1	         1	         1	         1	         1	         1	         1	         1	         1	         1	         1	         1	         1	         1	         1	         1	         1	         1	         1	         1	         1	        1	         1	        1	         1	         1	         1	         1	         1	         1	         1	         1	         1	         1	         1	         1	         1	         1	         1	         1	         1	         1	         1	         1	         1	         1	         1	         1	         1	         1	         1	         1	         1	         1	         1	         1	         1	       1	         1	         1	1	1	1	1	1	1	1	1	1	1	1	1	1	1	       1	       1	1	1	1	1	1	1	1	1	1	1	         1	1	1	         1	         1	         1	1	         1	         1	       1	         1	         1	         1	         1	         1	         1	         1	         1	         1	         1	         1	         1	         1	         1	         1	         1	         1	        1	         1	         1	         1	         1	         1	         1	         1	         1	         1	         1	         1	         1	         1	         1	         1	         1	         1	         1	         1	         1	         1	         1	         1	         1	         1	         1	         1	         1	         1	         1	         1	         1	         1	         1	       1	       1	       1	1	1	1	         1	1	1	1	1	1	1	1	1	1	1	1	1	1	1	#_52        
 2027	 7	1	3	0	100	1	1	1	1	1	1	       1	1	1	1	1	       1	       1	       1	       1	       1	       1	1	         1	       1	         1	         1	         1	         1	         1	         1	         1	         1	         1	         1	         1	         1	         1	         1	         1	         1	         1	         1	         1	         1	         1	         1	        1	         1	        1	         1	         1	         1	         1	         1	         1	         1	         1	         1	         1	         1	         1	         1	         1	         1	         1	         1	         1	         1	         1	         1	         1	         1	         1	         1	         1	         1	         1	         1	         1	         1	         1	         1	       1	         1	         1	1	1	1	1	1	1	1	1	1	1	1	1	1	1	       1	       1	1	1	1	1	1	1	1	1	1	1	         1	1	1	         1	         1	         1	1	         1	         1	       1	         1	         1	         1	         1	         1	         1	         1	         1	         1	         1	         1	         1	         1	         1	         1	         1	         1	        1	         1	         1	         1	         1	         1	         1	         1	         1	         1	         1	         1	         1	         1	         1	         1	         1	         1	         1	         1	         1	         1	         1	         1	         1	         1	         1	         1	         1	         1	         1	         1	         1	         1	         1	       1	       1	       1	1	1	1	         1	1	1	1	1	1	1	1	1	1	1	1	1	1	1	#_53        
 2028	 7	1	3	0	100	1	1	1	1	1	1	       1	1	1	1	1	       1	       1	       1	       1	       1	       1	1	         1	       1	         1	         1	         1	         1	         1	         1	         1	         1	         1	         1	         1	         1	         1	         1	         1	         1	         1	         1	         1	         1	         1	         1	        1	         1	        1	         1	         1	         1	         1	         1	         1	         1	         1	         1	         1	         1	         1	         1	         1	         1	         1	         1	         1	         1	         1	         1	         1	         1	         1	         1	         1	         1	         1	         1	         1	         1	         1	         1	       1	         1	         1	1	1	1	1	1	1	1	1	1	1	1	1	1	1	       1	       1	1	1	1	1	1	1	1	1	1	1	         1	1	1	         1	         1	         1	1	         1	         1	       1	         1	         1	         1	         1	         1	         1	         1	         1	         1	         1	         1	         1	         1	         1	         1	         1	         1	        1	         1	         1	         1	         1	         1	         1	         1	         1	         1	         1	         1	         1	         1	         1	         1	         1	         1	         1	         1	         1	         1	         1	         1	         1	         1	         1	         1	         1	         1	         1	         1	         1	         1	         1	       1	       1	       1	1	1	1	         1	1	1	1	1	1	1	1	1	1	1	1	1	1	1	#_54        
 2029	 7	1	3	0	100	1	1	1	1	1	1	       1	1	1	1	1	       1	       1	       1	       1	       1	       1	1	         1	       1	         1	         1	         1	         1	         1	         1	         1	         1	         1	         1	         1	         1	         1	         1	         1	         1	         1	         1	         1	         1	         1	         1	        1	         1	        1	         1	         1	         1	         1	         1	         1	         1	         1	         1	         1	         1	         1	         1	         1	         1	         1	         1	         1	         1	         1	         1	         1	         1	         1	         1	         1	         1	         1	         1	         1	         1	         1	         1	       1	         1	         1	1	1	1	1	1	1	1	1	1	1	1	1	1	1	       1	       1	1	1	1	1	1	1	1	1	1	1	         1	1	1	         1	         1	         1	1	         1	         1	       1	         1	         1	         1	         1	         1	         1	         1	         1	         1	         1	         1	         1	         1	         1	         1	         1	         1	        1	         1	         1	         1	         1	         1	         1	         1	         1	         1	         1	         1	         1	         1	         1	         1	         1	         1	         1	         1	         1	         1	         1	         1	         1	         1	         1	         1	         1	         1	         1	         1	         1	         1	         1	       1	       1	       1	1	1	1	         1	1	1	1	1	1	1	1	1	1	1	1	1	1	1	#_55        
 2030	 7	1	3	0	100	1	1	1	1	1	1	       1	1	1	1	1	       1	       1	       1	       1	       1	       1	1	         1	       1	         1	         1	         1	         1	         1	         1	         1	         1	         1	         1	         1	         1	         1	         1	         1	         1	         1	         1	         1	         1	         1	         1	        1	         1	        1	         1	         1	         1	         1	         1	         1	         1	         1	         1	         1	         1	         1	         1	         1	         1	         1	         1	         1	         1	         1	         1	         1	         1	         1	         1	         1	         1	         1	         1	         1	         1	         1	         1	       1	         1	         1	1	1	1	1	1	1	1	1	1	1	1	1	1	1	       1	       1	1	1	1	1	1	1	1	1	1	1	         1	1	1	         1	         1	         1	1	         1	         1	       1	         1	         1	         1	         1	         1	         1	         1	         1	         1	         1	         1	         1	         1	         1	         1	         1	         1	        1	         1	         1	         1	         1	         1	         1	         1	         1	         1	         1	         1	         1	         1	         1	         1	         1	         1	         1	         1	         1	         1	         1	         1	         1	         1	         1	         1	         1	         1	         1	         1	         1	         1	         1	       1	       1	       1	1	1	1	         1	1	1	1	1	1	1	1	1	1	1	1	1	1	1	#_56        
 2031	 7	1	3	0	100	1	1	1	1	1	1	       1	1	1	1	1	       1	       1	       1	       1	       1	       1	1	         1	       1	         1	         1	         1	         1	         1	         1	         1	         1	         1	         1	         1	         1	         1	         1	         1	         1	         1	         1	         1	         1	         1	         1	        1	         1	        1	         1	         1	         1	         1	         1	         1	         1	         1	         1	         1	         1	         1	         1	         1	         1	         1	         1	         1	         1	         1	         1	         1	         1	         1	         1	         1	         1	         1	         1	         1	         1	         1	         1	       1	         1	         1	1	1	1	1	1	1	1	1	1	1	1	1	1	1	       1	       1	1	1	1	1	1	1	1	1	1	1	         1	1	1	         1	         1	         1	1	         1	         1	       1	         1	         1	         1	         1	         1	         1	         1	         1	         1	         1	         1	         1	         1	         1	         1	         1	         1	        1	         1	         1	         1	         1	         1	         1	         1	         1	         1	         1	         1	         1	         1	         1	         1	         1	         1	         1	         1	         1	         1	         1	         1	         1	         1	         1	         1	         1	         1	         1	         1	         1	         1	         1	       1	       1	       1	1	1	1	         1	1	1	1	1	1	1	1	1	1	1	1	1	1	1	#_57        
 2032	 7	1	3	0	100	1	1	1	1	1	1	       1	1	1	1	1	       1	       1	       1	       1	       1	       1	1	         1	       1	         1	         1	         1	         1	         1	         1	         1	         1	         1	         1	         1	         1	         1	         1	         1	         1	         1	         1	         1	         1	         1	         1	        1	         1	        1	         1	         1	         1	         1	         1	         1	         1	         1	         1	         1	         1	         1	         1	         1	         1	         1	         1	         1	         1	         1	         1	         1	         1	         1	         1	         1	         1	         1	         1	         1	         1	         1	         1	       1	         1	         1	1	1	1	1	1	1	1	1	1	1	1	1	1	1	       1	       1	1	1	1	1	1	1	1	1	1	1	         1	1	1	         1	         1	         1	1	         1	         1	       1	         1	         1	         1	         1	         1	         1	         1	         1	         1	         1	         1	         1	         1	         1	         1	         1	         1	        1	         1	         1	         1	         1	         1	         1	         1	         1	         1	         1	         1	         1	         1	         1	         1	         1	         1	         1	         1	         1	         1	         1	         1	         1	         1	         1	         1	         1	         1	         1	         1	         1	         1	         1	       1	       1	       1	1	1	1	         1	1	1	1	1	1	1	1	1	1	1	1	1	1	1	#_58        
 2033	 7	1	3	0	100	1	1	1	1	1	1	       1	1	1	1	1	       1	       1	       1	       1	       1	       1	1	         1	       1	         1	         1	         1	         1	         1	         1	         1	         1	         1	         1	         1	         1	         1	         1	         1	         1	         1	         1	         1	         1	         1	         1	        1	         1	        1	         1	         1	         1	         1	         1	         1	         1	         1	         1	         1	         1	         1	         1	         1	         1	         1	         1	         1	         1	         1	         1	         1	         1	         1	         1	         1	         1	         1	         1	         1	         1	         1	         1	       1	         1	         1	1	1	1	1	1	1	1	1	1	1	1	1	1	1	       1	       1	1	1	1	1	1	1	1	1	1	1	         1	1	1	         1	         1	         1	1	         1	         1	       1	         1	         1	         1	         1	         1	         1	         1	         1	         1	         1	         1	         1	         1	         1	         1	         1	         1	        1	         1	         1	         1	         1	         1	         1	         1	         1	         1	         1	         1	         1	         1	         1	         1	         1	         1	         1	         1	         1	         1	         1	         1	         1	         1	         1	         1	         1	         1	         1	         1	         1	         1	         1	       1	       1	       1	1	1	1	         1	1	1	1	1	1	1	1	1	1	1	1	1	1	1	#_59        
 2034	 7	1	3	0	100	1	1	1	1	1	1	       1	1	1	1	1	       1	       1	       1	       1	       1	       1	1	         1	       1	         1	         1	         1	         1	         1	         1	         1	         1	         1	         1	         1	         1	         1	         1	         1	         1	         1	         1	         1	         1	         1	         1	        1	         1	        1	         1	         1	         1	         1	         1	         1	         1	         1	         1	         1	         1	         1	         1	         1	         1	         1	         1	         1	         1	         1	         1	         1	         1	         1	         1	         1	         1	         1	         1	         1	         1	         1	         1	       1	         1	         1	1	1	1	1	1	1	1	1	1	1	1	1	1	1	       1	       1	1	1	1	1	1	1	1	1	1	1	         1	1	1	         1	         1	         1	1	         1	         1	       1	         1	         1	         1	         1	         1	         1	         1	         1	         1	         1	         1	         1	         1	         1	         1	         1	         1	        1	         1	         1	         1	         1	         1	         1	         1	         1	         1	         1	         1	         1	         1	         1	         1	         1	         1	         1	         1	         1	         1	         1	         1	         1	         1	         1	         1	         1	         1	         1	         1	         1	         1	         1	       1	       1	       1	1	1	1	         1	1	1	1	1	1	1	1	1	1	1	1	1	1	1	#_60        
 2035	 7	1	3	0	100	1	1	1	1	1	1	       1	1	1	1	1	       1	       1	       1	       1	       1	       1	1	         1	       1	         1	         1	         1	         1	         1	         1	         1	         1	         1	         1	         1	         1	         1	         1	         1	         1	         1	         1	         1	         1	         1	         1	        1	         1	        1	         1	         1	         1	         1	         1	         1	         1	         1	         1	         1	         1	         1	         1	         1	         1	         1	         1	         1	         1	         1	         1	         1	         1	         1	         1	         1	         1	         1	         1	         1	         1	         1	         1	       1	         1	         1	1	1	1	1	1	1	1	1	1	1	1	1	1	1	       1	       1	1	1	1	1	1	1	1	1	1	1	         1	1	1	         1	         1	         1	1	         1	         1	       1	         1	         1	         1	         1	         1	         1	         1	         1	         1	         1	         1	         1	         1	         1	         1	         1	         1	        1	         1	         1	         1	         1	         1	         1	         1	         1	         1	         1	         1	         1	         1	         1	         1	         1	         1	         1	         1	         1	         1	         1	         1	         1	         1	         1	         1	         1	         1	         1	         1	         1	         1	         1	       1	       1	       1	1	1	1	         1	1	1	1	1	1	1	1	1	1	1	1	1	1	1	#_61        
 2036	 7	1	3	0	100	1	1	1	1	1	1	       1	1	1	1	1	       1	       1	       1	       1	       1	       1	1	         1	       1	         1	         1	         1	         1	         1	         1	         1	         1	         1	         1	         1	         1	         1	         1	         1	         1	         1	         1	         1	         1	         1	         1	        1	         1	        1	         1	         1	         1	         1	         1	         1	         1	         1	         1	         1	         1	         1	         1	         1	         1	         1	         1	         1	         1	         1	         1	         1	         1	         1	         1	         1	         1	         1	         1	         1	         1	         1	         1	       1	         1	         1	1	1	1	1	1	1	1	1	1	1	1	1	1	1	       1	       1	1	1	1	1	1	1	1	1	1	1	         1	1	1	         1	         1	         1	1	         1	         1	       1	         1	         1	         1	         1	         1	         1	         1	         1	         1	         1	         1	         1	         1	         1	         1	         1	         1	        1	         1	         1	         1	         1	         1	         1	         1	         1	         1	         1	         1	         1	         1	         1	         1	         1	         1	         1	         1	         1	         1	         1	         1	         1	         1	         1	         1	         1	         1	         1	         1	         1	         1	         1	       1	       1	       1	1	1	1	         1	1	1	1	1	1	1	1	1	1	1	1	1	1	1	#_62        
 2037	 7	1	3	0	100	1	1	1	1	1	1	       1	1	1	1	1	       1	       1	       1	       1	       1	       1	1	         1	       1	         1	         1	         1	         1	         1	         1	         1	         1	         1	         1	         1	         1	         1	         1	         1	         1	         1	         1	         1	         1	         1	         1	        1	         1	        1	         1	         1	         1	         1	         1	         1	         1	         1	         1	         1	         1	         1	         1	         1	         1	         1	         1	         1	         1	         1	         1	         1	         1	         1	         1	         1	         1	         1	         1	         1	         1	         1	         1	       1	         1	         1	1	1	1	1	1	1	1	1	1	1	1	1	1	1	       1	       1	1	1	1	1	1	1	1	1	1	1	         1	1	1	         1	         1	         1	1	         1	         1	       1	         1	         1	         1	         1	         1	         1	         1	         1	         1	         1	         1	         1	         1	         1	         1	         1	         1	        1	         1	         1	         1	         1	         1	         1	         1	         1	         1	         1	         1	         1	         1	         1	         1	         1	         1	         1	         1	         1	         1	         1	         1	         1	         1	         1	         1	         1	         1	         1	         1	         1	         1	         1	       1	       1	       1	1	1	1	         1	1	1	1	1	1	1	1	1	1	1	1	1	1	1	#_63        
 2038	 7	1	3	0	100	1	1	1	1	1	1	       1	1	1	1	1	       1	       1	       1	       1	       1	       1	1	         1	       1	         1	         1	         1	         1	         1	         1	         1	         1	         1	         1	         1	         1	         1	         1	         1	         1	         1	         1	         1	         1	         1	         1	        1	         1	        1	         1	         1	         1	         1	         1	         1	         1	         1	         1	         1	         1	         1	         1	         1	         1	         1	         1	         1	         1	         1	         1	         1	         1	         1	         1	         1	         1	         1	         1	         1	         1	         1	         1	       1	         1	         1	1	1	1	1	1	1	1	1	1	1	1	1	1	1	       1	       1	1	1	1	1	1	1	1	1	1	1	         1	1	1	         1	         1	         1	1	         1	         1	       1	         1	         1	         1	         1	         1	         1	         1	         1	         1	         1	         1	         1	         1	         1	         1	         1	         1	        1	         1	         1	         1	         1	         1	         1	         1	         1	         1	         1	         1	         1	         1	         1	         1	         1	         1	         1	         1	         1	         1	         1	         1	         1	         1	         1	         1	         1	         1	         1	         1	         1	         1	         1	       1	       1	       1	1	1	1	         1	1	1	1	1	1	1	1	1	1	1	1	1	1	1	#_64        
 2039	 7	1	3	0	100	1	1	1	1	1	1	       1	1	1	1	1	       1	       1	       1	       1	       1	       1	1	         1	       1	         1	         1	         1	         1	         1	         1	         1	         1	         1	         1	         1	         1	         1	         1	         1	         1	         1	         1	         1	         1	         1	         1	        1	         1	        1	         1	         1	         1	         1	         1	         1	         1	         1	         1	         1	         1	         1	         1	         1	         1	         1	         1	         1	         1	         1	         1	         1	         1	         1	         1	         1	         1	         1	         1	         1	         1	         1	         1	       1	         1	         1	1	1	1	1	1	1	1	1	1	1	1	1	1	1	       1	       1	1	1	1	1	1	1	1	1	1	1	         1	1	1	         1	         1	         1	1	         1	         1	       1	         1	         1	         1	         1	         1	         1	         1	         1	         1	         1	         1	         1	         1	         1	         1	         1	         1	        1	         1	         1	         1	         1	         1	         1	         1	         1	         1	         1	         1	         1	         1	         1	         1	         1	         1	         1	         1	         1	         1	         1	         1	         1	         1	         1	         1	         1	         1	         1	         1	         1	         1	         1	       1	       1	       1	1	1	1	         1	1	1	1	1	1	1	1	1	1	1	1	1	1	1	#_65        
 2040	 7	1	3	0	100	1	1	1	1	1	1	       1	1	1	1	1	       1	       1	       1	       1	       1	       1	1	         1	       1	         1	         1	         1	         1	         1	         1	         1	         1	         1	         1	         1	         1	         1	         1	         1	         1	         1	         1	         1	         1	         1	         1	        1	         1	        1	         1	         1	         1	         1	         1	         1	         1	         1	         1	         1	         1	         1	         1	         1	         1	         1	         1	         1	         1	         1	         1	         1	         1	         1	         1	         1	         1	         1	         1	         1	         1	         1	         1	       1	         1	         1	1	1	1	1	1	1	1	1	1	1	1	1	1	1	       1	       1	1	1	1	1	1	1	1	1	1	1	         1	1	1	         1	         1	         1	1	         1	         1	       1	         1	         1	         1	         1	         1	         1	         1	         1	         1	         1	         1	         1	         1	         1	         1	         1	         1	        1	         1	         1	         1	         1	         1	         1	         1	         1	         1	         1	         1	         1	         1	         1	         1	         1	         1	         1	         1	         1	         1	         1	         1	         1	         1	         1	         1	         1	         1	         1	         1	         1	         1	         1	       1	       1	       1	1	1	1	         1	1	1	1	1	1	1	1	1	1	1	1	1	1	1	#_66        
 2041	 7	1	3	0	100	1	1	1	1	1	1	       1	1	1	1	1	       1	       1	       1	       1	       1	       1	1	         1	       1	         1	         1	         1	         1	         1	         1	         1	         1	         1	         1	         1	         1	         1	         1	         1	         1	         1	         1	         1	         1	         1	         1	        1	         1	        1	         1	         1	         1	         1	         1	         1	         1	         1	         1	         1	         1	         1	         1	         1	         1	         1	         1	         1	         1	         1	         1	         1	         1	         1	         1	         1	         1	         1	         1	         1	         1	         1	         1	       1	         1	         1	1	1	1	1	1	1	1	1	1	1	1	1	1	1	       1	       1	1	1	1	1	1	1	1	1	1	1	         1	1	1	         1	         1	         1	1	         1	         1	       1	         1	         1	         1	         1	         1	         1	         1	         1	         1	         1	         1	         1	         1	         1	         1	         1	         1	        1	         1	         1	         1	         1	         1	         1	         1	         1	         1	         1	         1	         1	         1	         1	         1	         1	         1	         1	         1	         1	         1	         1	         1	         1	         1	         1	         1	         1	         1	         1	         1	         1	         1	         1	       1	       1	       1	1	1	1	         1	1	1	1	1	1	1	1	1	1	1	1	1	1	1	#_67        
 2042	 7	1	3	0	100	1	1	1	1	1	1	       1	1	1	1	1	       1	       1	       1	       1	       1	       1	1	         1	       1	         1	         1	         1	         1	         1	         1	         1	         1	         1	         1	         1	         1	         1	         1	         1	         1	         1	         1	         1	         1	         1	         1	        1	         1	        1	         1	         1	         1	         1	         1	         1	         1	         1	         1	         1	         1	         1	         1	         1	         1	         1	         1	         1	         1	         1	         1	         1	         1	         1	         1	         1	         1	         1	         1	         1	         1	         1	         1	       1	         1	         1	1	1	1	1	1	1	1	1	1	1	1	1	1	1	       1	       1	1	1	1	1	1	1	1	1	1	1	         1	1	1	         1	         1	         1	1	         1	         1	       1	         1	         1	         1	         1	         1	         1	         1	         1	         1	         1	         1	         1	         1	         1	         1	         1	         1	        1	         1	         1	         1	         1	         1	         1	         1	         1	         1	         1	         1	         1	         1	         1	         1	         1	         1	         1	         1	         1	         1	         1	         1	         1	         1	         1	         1	         1	         1	         1	         1	         1	         1	         1	       1	       1	       1	1	1	1	         1	1	1	1	1	1	1	1	1	1	1	1	1	1	1	#_68        
 2043	 7	1	3	0	100	1	1	1	1	1	1	       1	1	1	1	1	       1	       1	       1	       1	       1	       1	1	         1	       1	         1	         1	         1	         1	         1	         1	         1	         1	         1	         1	         1	         1	         1	         1	         1	         1	         1	         1	         1	         1	         1	         1	        1	         1	        1	         1	         1	         1	         1	         1	         1	         1	         1	         1	         1	         1	         1	         1	         1	         1	         1	         1	         1	         1	         1	         1	         1	         1	         1	         1	         1	         1	         1	         1	         1	         1	         1	         1	       1	         1	         1	1	1	1	1	1	1	1	1	1	1	1	1	1	1	       1	       1	1	1	1	1	1	1	1	1	1	1	         1	1	1	         1	         1	         1	1	         1	         1	       1	         1	         1	         1	         1	         1	         1	         1	         1	         1	         1	         1	         1	         1	         1	         1	         1	         1	        1	         1	         1	         1	         1	         1	         1	         1	         1	         1	         1	         1	         1	         1	         1	         1	         1	         1	         1	         1	         1	         1	         1	         1	         1	         1	         1	         1	         1	         1	         1	         1	         1	         1	         1	       1	       1	       1	1	1	1	         1	1	1	1	1	1	1	1	1	1	1	1	1	1	1	#_69        
 2044	 7	1	3	0	100	1	1	1	1	1	1	       1	1	1	1	1	       1	       1	       1	       1	       1	       1	1	         1	       1	         1	         1	         1	         1	         1	         1	         1	         1	         1	         1	         1	         1	         1	         1	         1	         1	         1	         1	         1	         1	         1	         1	        1	         1	        1	         1	         1	         1	         1	         1	         1	         1	         1	         1	         1	         1	         1	         1	         1	         1	         1	         1	         1	         1	         1	         1	         1	         1	         1	         1	         1	         1	         1	         1	         1	         1	         1	         1	       1	         1	         1	1	1	1	1	1	1	1	1	1	1	1	1	1	1	       1	       1	1	1	1	1	1	1	1	1	1	1	         1	1	1	         1	         1	         1	1	         1	         1	       1	         1	         1	         1	         1	         1	         1	         1	         1	         1	         1	         1	         1	         1	         1	         1	         1	         1	        1	         1	         1	         1	         1	         1	         1	         1	         1	         1	         1	         1	         1	         1	         1	         1	         1	         1	         1	         1	         1	         1	         1	         1	         1	         1	         1	         1	         1	         1	         1	         1	         1	         1	         1	       1	       1	       1	1	1	1	         1	1	1	1	1	1	1	1	1	1	1	1	1	1	1	#_70        
 2045	 7	1	3	0	100	1	1	1	1	1	1	       1	1	1	1	1	       1	       1	       1	       1	       1	       1	1	         1	       1	         1	         1	         1	         1	         1	         1	         1	         1	         1	         1	         1	         1	         1	         1	         1	         1	         1	         1	         1	         1	         1	         1	        1	         1	        1	         1	         1	         1	         1	         1	         1	         1	         1	         1	         1	         1	         1	         1	         1	         1	         1	         1	         1	         1	         1	         1	         1	         1	         1	         1	         1	         1	         1	         1	         1	         1	         1	         1	       1	         1	         1	1	1	1	1	1	1	1	1	1	1	1	1	1	1	       1	       1	1	1	1	1	1	1	1	1	1	1	         1	1	1	         1	         1	         1	1	         1	         1	       1	         1	         1	         1	         1	         1	         1	         1	         1	         1	         1	         1	         1	         1	         1	         1	         1	         1	        1	         1	         1	         1	         1	         1	         1	         1	         1	         1	         1	         1	         1	         1	         1	         1	         1	         1	         1	         1	         1	         1	         1	         1	         1	         1	         1	         1	         1	         1	         1	         1	         1	         1	         1	       1	       1	       1	1	1	1	         1	1	1	1	1	1	1	1	1	1	1	1	1	1	1	#_71        
 2046	 7	1	3	0	100	1	1	1	1	1	1	       1	1	1	1	1	       1	       1	       1	       1	       1	       1	1	         1	       1	         1	         1	         1	         1	         1	         1	         1	         1	         1	         1	         1	         1	         1	         1	         1	         1	         1	         1	         1	         1	         1	         1	        1	         1	        1	         1	         1	         1	         1	         1	         1	         1	         1	         1	         1	         1	         1	         1	         1	         1	         1	         1	         1	         1	         1	         1	         1	         1	         1	         1	         1	         1	         1	         1	         1	         1	         1	         1	       1	         1	         1	1	1	1	1	1	1	1	1	1	1	1	1	1	1	       1	       1	1	1	1	1	1	1	1	1	1	1	         1	1	1	         1	         1	         1	1	         1	         1	       1	         1	         1	         1	         1	         1	         1	         1	         1	         1	         1	         1	         1	         1	         1	         1	         1	         1	        1	         1	         1	         1	         1	         1	         1	         1	         1	         1	         1	         1	         1	         1	         1	         1	         1	         1	         1	         1	         1	         1	         1	         1	         1	         1	         1	         1	         1	         1	         1	         1	         1	         1	         1	       1	       1	       1	1	1	1	         1	1	1	1	1	1	1	1	1	1	1	1	1	1	1	#_72        
 2047	 7	1	3	0	100	1	1	1	1	1	1	       1	1	1	1	1	       1	       1	       1	       1	       1	       1	1	         1	       1	         1	         1	         1	         1	         1	         1	         1	         1	         1	         1	         1	         1	         1	         1	         1	         1	         1	         1	         1	         1	         1	         1	        1	         1	        1	         1	         1	         1	         1	         1	         1	         1	         1	         1	         1	         1	         1	         1	         1	         1	         1	         1	         1	         1	         1	         1	         1	         1	         1	         1	         1	         1	         1	         1	         1	         1	         1	         1	       1	         1	         1	1	1	1	1	1	1	1	1	1	1	1	1	1	1	       1	       1	1	1	1	1	1	1	1	1	1	1	         1	1	1	         1	         1	         1	1	         1	         1	       1	         1	         1	         1	         1	         1	         1	         1	         1	         1	         1	         1	         1	         1	         1	         1	         1	         1	        1	         1	         1	         1	         1	         1	         1	         1	         1	         1	         1	         1	         1	         1	         1	         1	         1	         1	         1	         1	         1	         1	         1	         1	         1	         1	         1	         1	         1	         1	         1	         1	         1	         1	         1	       1	       1	       1	1	1	1	         1	1	1	1	1	1	1	1	1	1	1	1	1	1	1	#_73        
 2048	 7	1	3	0	100	1	1	1	1	1	1	       1	1	1	1	1	       1	       1	       1	       1	       1	       1	1	         1	       1	         1	         1	         1	         1	         1	         1	         1	         1	         1	         1	         1	         1	         1	         1	         1	         1	         1	         1	         1	         1	         1	         1	        1	         1	        1	         1	         1	         1	         1	         1	         1	         1	         1	         1	         1	         1	         1	         1	         1	         1	         1	         1	         1	         1	         1	         1	         1	         1	         1	         1	         1	         1	         1	         1	         1	         1	         1	         1	       1	         1	         1	1	1	1	1	1	1	1	1	1	1	1	1	1	1	       1	       1	1	1	1	1	1	1	1	1	1	1	         1	1	1	         1	         1	         1	1	         1	         1	       1	         1	         1	         1	         1	         1	         1	         1	         1	         1	         1	         1	         1	         1	         1	         1	         1	         1	        1	         1	         1	         1	         1	         1	         1	         1	         1	         1	         1	         1	         1	         1	         1	         1	         1	         1	         1	         1	         1	         1	         1	         1	         1	         1	         1	         1	         1	         1	         1	         1	         1	         1	         1	       1	       1	       1	1	1	1	         1	1	1	1	1	1	1	1	1	1	1	1	1	1	1	#_74        
 2049	 7	1	3	0	100	1	1	1	1	1	1	       1	1	1	1	1	       1	       1	       1	       1	       1	       1	1	         1	       1	         1	         1	         1	         1	         1	         1	         1	         1	         1	         1	         1	         1	         1	         1	         1	         1	         1	         1	         1	         1	         1	         1	        1	         1	        1	         1	         1	         1	         1	         1	         1	         1	         1	         1	         1	         1	         1	         1	         1	         1	         1	         1	         1	         1	         1	         1	         1	         1	         1	         1	         1	         1	         1	         1	         1	         1	         1	         1	       1	         1	         1	1	1	1	1	1	1	1	1	1	1	1	1	1	1	       1	       1	1	1	1	1	1	1	1	1	1	1	         1	1	1	         1	         1	         1	1	         1	         1	       1	         1	         1	         1	         1	         1	         1	         1	         1	         1	         1	         1	         1	         1	         1	         1	         1	         1	        1	         1	         1	         1	         1	         1	         1	         1	         1	         1	         1	         1	         1	         1	         1	         1	         1	         1	         1	         1	         1	         1	         1	         1	         1	         1	         1	         1	         1	         1	         1	         1	         1	         1	         1	       1	       1	       1	1	1	1	         1	1	1	1	1	1	1	1	1	1	1	1	1	1	1	#_75        
 2050	 7	1	3	0	100	1	1	1	1	1	1	       1	1	1	1	1	       1	       1	       1	       1	       1	       1	1	         1	       1	         1	         1	         1	         1	         1	         1	         1	         1	         1	         1	         1	         1	         1	         1	         1	         1	         1	         1	         1	         1	         1	         1	        1	         1	        1	         1	         1	         1	         1	         1	         1	         1	         1	         1	         1	         1	         1	         1	         1	         1	         1	         1	         1	         1	         1	         1	         1	         1	         1	         1	         1	         1	         1	         1	         1	         1	         1	         1	       1	         1	         1	1	1	1	1	1	1	1	1	1	1	1	1	1	1	       1	       1	1	1	1	1	1	1	1	1	1	1	         1	1	1	         1	         1	         1	1	         1	         1	       1	         1	         1	         1	         1	         1	         1	         1	         1	         1	         1	         1	         1	         1	         1	         1	         1	         1	        1	         1	         1	         1	         1	         1	         1	         1	         1	         1	         1	         1	         1	         1	         1	         1	         1	         1	         1	         1	         1	         1	         1	         1	         1	         1	         1	         1	         1	         1	         1	         1	         1	         1	         1	       1	       1	       1	1	1	1	         1	1	1	1	1	1	1	1	1	1	1	1	1	1	1	#_76        
 2051	 7	1	3	0	100	1	1	1	1	1	1	       1	1	1	1	1	       1	       1	       1	       1	       1	       1	1	         1	       1	         1	         1	         1	         1	         1	         1	         1	         1	         1	         1	         1	         1	         1	         1	         1	         1	         1	         1	         1	         1	         1	         1	        1	         1	        1	         1	         1	         1	         1	         1	         1	         1	         1	         1	         1	         1	         1	         1	         1	         1	         1	         1	         1	         1	         1	         1	         1	         1	         1	         1	         1	         1	         1	         1	         1	         1	         1	         1	       1	         1	         1	1	1	1	1	1	1	1	1	1	1	1	1	1	1	       1	       1	1	1	1	1	1	1	1	1	1	1	         1	1	1	         1	         1	         1	1	         1	         1	       1	         1	         1	         1	         1	         1	         1	         1	         1	         1	         1	         1	         1	         1	         1	         1	         1	         1	        1	         1	         1	         1	         1	         1	         1	         1	         1	         1	         1	         1	         1	         1	         1	         1	         1	         1	         1	         1	         1	         1	         1	         1	         1	         1	         1	         1	         1	         1	         1	         1	         1	         1	         1	       1	       1	       1	1	1	1	         1	1	1	1	1	1	1	1	1	1	1	1	1	1	1	#_77        
 2052	 7	1	3	0	100	1	1	1	1	1	1	       1	1	1	1	1	       1	       1	       1	       1	       1	       1	1	         1	       1	         1	         1	         1	         1	         1	         1	         1	         1	         1	         1	         1	         1	         1	         1	         1	         1	         1	         1	         1	         1	         1	         1	        1	         1	        1	         1	         1	         1	         1	         1	         1	         1	         1	         1	         1	         1	         1	         1	         1	         1	         1	         1	         1	         1	         1	         1	         1	         1	         1	         1	         1	         1	         1	         1	         1	         1	         1	         1	       1	         1	         1	1	1	1	1	1	1	1	1	1	1	1	1	1	1	       1	       1	1	1	1	1	1	1	1	1	1	1	         1	1	1	         1	         1	         1	1	         1	         1	       1	         1	         1	         1	         1	         1	         1	         1	         1	         1	         1	         1	         1	         1	         1	         1	         1	         1	        1	         1	         1	         1	         1	         1	         1	         1	         1	         1	         1	         1	         1	         1	         1	         1	         1	         1	         1	         1	         1	         1	         1	         1	         1	         1	         1	         1	         1	         1	         1	         1	         1	         1	         1	       1	       1	       1	1	1	1	         1	1	1	1	1	1	1	1	1	1	1	1	1	1	1	#_78        
 2053	 7	1	3	0	100	1	1	1	1	1	1	       1	1	1	1	1	       1	       1	       1	       1	       1	       1	1	         1	       1	         1	         1	         1	         1	         1	         1	         1	         1	         1	         1	         1	         1	         1	         1	         1	         1	         1	         1	         1	         1	         1	         1	        1	         1	        1	         1	         1	         1	         1	         1	         1	         1	         1	         1	         1	         1	         1	         1	         1	         1	         1	         1	         1	         1	         1	         1	         1	         1	         1	         1	         1	         1	         1	         1	         1	         1	         1	         1	       1	         1	         1	1	1	1	1	1	1	1	1	1	1	1	1	1	1	       1	       1	1	1	1	1	1	1	1	1	1	1	         1	1	1	         1	         1	         1	1	         1	         1	       1	         1	         1	         1	         1	         1	         1	         1	         1	         1	         1	         1	         1	         1	         1	         1	         1	         1	        1	         1	         1	         1	         1	         1	         1	         1	         1	         1	         1	         1	         1	         1	         1	         1	         1	         1	         1	         1	         1	         1	         1	         1	         1	         1	         1	         1	         1	         1	         1	         1	         1	         1	         1	       1	       1	       1	1	1	1	         1	1	1	1	1	1	1	1	1	1	1	1	1	1	1	#_79        
 2054	 7	1	3	0	100	1	1	1	1	1	1	       1	1	1	1	1	       1	       1	       1	       1	       1	       1	1	         1	       1	         1	         1	         1	         1	         1	         1	         1	         1	         1	         1	         1	         1	         1	         1	         1	         1	         1	         1	         1	         1	         1	         1	        1	         1	        1	         1	         1	         1	         1	         1	         1	         1	         1	         1	         1	         1	         1	         1	         1	         1	         1	         1	         1	         1	         1	         1	         1	         1	         1	         1	         1	         1	         1	         1	         1	         1	         1	         1	       1	         1	         1	1	1	1	1	1	1	1	1	1	1	1	1	1	1	       1	       1	1	1	1	1	1	1	1	1	1	1	         1	1	1	         1	         1	         1	1	         1	         1	       1	         1	         1	         1	         1	         1	         1	         1	         1	         1	         1	         1	         1	         1	         1	         1	         1	         1	        1	         1	         1	         1	         1	         1	         1	         1	         1	         1	         1	         1	         1	         1	         1	         1	         1	         1	         1	         1	         1	         1	         1	         1	         1	         1	         1	         1	         1	         1	         1	         1	         1	         1	         1	       1	       1	       1	1	1	1	         1	1	1	1	1	1	1	1	1	1	1	1	1	1	1	#_80        
 2055	 7	1	3	0	100	1	1	1	1	1	1	       1	1	1	1	1	       1	       1	       1	       1	       1	       1	1	         1	       1	         1	         1	         1	         1	         1	         1	         1	         1	         1	         1	         1	         1	         1	         1	         1	         1	         1	         1	         1	         1	         1	         1	        1	         1	        1	         1	         1	         1	         1	         1	         1	         1	         1	         1	         1	         1	         1	         1	         1	         1	         1	         1	         1	         1	         1	         1	         1	         1	         1	         1	         1	         1	         1	         1	         1	         1	         1	         1	       1	         1	         1	1	1	1	1	1	1	1	1	1	1	1	1	1	1	       1	       1	1	1	1	1	1	1	1	1	1	1	         1	1	1	         1	         1	         1	1	         1	         1	       1	         1	         1	         1	         1	         1	         1	         1	         1	         1	         1	         1	         1	         1	         1	         1	         1	         1	        1	         1	         1	         1	         1	         1	         1	         1	         1	         1	         1	         1	         1	         1	         1	         1	         1	         1	         1	         1	         1	         1	         1	         1	         1	         1	         1	         1	         1	         1	         1	         1	         1	         1	         1	       1	       1	       1	1	1	1	         1	1	1	1	1	1	1	1	1	1	1	1	1	1	1	#_81        
 2056	 7	1	3	0	100	1	1	1	1	1	1	       1	1	1	1	1	       1	       1	       1	       1	       1	       1	1	         1	       1	         1	         1	         1	         1	         1	         1	         1	         1	         1	         1	         1	         1	         1	         1	         1	         1	         1	         1	         1	         1	         1	         1	        1	         1	        1	         1	         1	         1	         1	         1	         1	         1	         1	         1	         1	         1	         1	         1	         1	         1	         1	         1	         1	         1	         1	         1	         1	         1	         1	         1	         1	         1	         1	         1	         1	         1	         1	         1	       1	         1	         1	1	1	1	1	1	1	1	1	1	1	1	1	1	1	       1	       1	1	1	1	1	1	1	1	1	1	1	         1	1	1	         1	         1	         1	1	         1	         1	       1	         1	         1	         1	         1	         1	         1	         1	         1	         1	         1	         1	         1	         1	         1	         1	         1	         1	        1	         1	         1	         1	         1	         1	         1	         1	         1	         1	         1	         1	         1	         1	         1	         1	         1	         1	         1	         1	         1	         1	         1	         1	         1	         1	         1	         1	         1	         1	         1	         1	         1	         1	         1	       1	       1	       1	1	1	1	         1	1	1	1	1	1	1	1	1	1	1	1	1	1	1	#_82        
 2057	 7	1	3	0	100	1	1	1	1	1	1	       1	1	1	1	1	       1	       1	       1	       1	       1	       1	1	         1	       1	         1	         1	         1	         1	         1	         1	         1	         1	         1	         1	         1	         1	         1	         1	         1	         1	         1	         1	         1	         1	         1	         1	        1	         1	        1	         1	         1	         1	         1	         1	         1	         1	         1	         1	         1	         1	         1	         1	         1	         1	         1	         1	         1	         1	         1	         1	         1	         1	         1	         1	         1	         1	         1	         1	         1	         1	         1	         1	       1	         1	         1	1	1	1	1	1	1	1	1	1	1	1	1	1	1	       1	       1	1	1	1	1	1	1	1	1	1	1	         1	1	1	         1	         1	         1	1	         1	         1	       1	         1	         1	         1	         1	         1	         1	         1	         1	         1	         1	         1	         1	         1	         1	         1	         1	         1	        1	         1	         1	         1	         1	         1	         1	         1	         1	         1	         1	         1	         1	         1	         1	         1	         1	         1	         1	         1	         1	         1	         1	         1	         1	         1	         1	         1	         1	         1	         1	         1	         1	         1	         1	       1	       1	       1	1	1	1	         1	1	1	1	1	1	1	1	1	1	1	1	1	1	1	#_83        
 2058	 7	1	3	0	100	1	1	1	1	1	1	       1	1	1	1	1	       1	       1	       1	       1	       1	       1	1	         1	       1	         1	         1	         1	         1	         1	         1	         1	         1	         1	         1	         1	         1	         1	         1	         1	         1	         1	         1	         1	         1	         1	         1	        1	         1	        1	         1	         1	         1	         1	         1	         1	         1	         1	         1	         1	         1	         1	         1	         1	         1	         1	         1	         1	         1	         1	         1	         1	         1	         1	         1	         1	         1	         1	         1	         1	         1	         1	         1	       1	         1	         1	1	1	1	1	1	1	1	1	1	1	1	1	1	1	       1	       1	1	1	1	1	1	1	1	1	1	1	         1	1	1	         1	         1	         1	1	         1	         1	       1	         1	         1	         1	         1	         1	         1	         1	         1	         1	         1	         1	         1	         1	         1	         1	         1	         1	        1	         1	         1	         1	         1	         1	         1	         1	         1	         1	         1	         1	         1	         1	         1	         1	         1	         1	         1	         1	         1	         1	         1	         1	         1	         1	         1	         1	         1	         1	         1	         1	         1	         1	         1	       1	       1	       1	1	1	1	         1	1	1	1	1	1	1	1	1	1	1	1	1	1	1	#_84        
 2059	 7	1	3	0	100	1	1	1	1	1	1	       1	1	1	1	1	       1	       1	       1	       1	       1	       1	1	         1	       1	         1	         1	         1	         1	         1	         1	         1	         1	         1	         1	         1	         1	         1	         1	         1	         1	         1	         1	         1	         1	         1	         1	        1	         1	        1	         1	         1	         1	         1	         1	         1	         1	         1	         1	         1	         1	         1	         1	         1	         1	         1	         1	         1	         1	         1	         1	         1	         1	         1	         1	         1	         1	         1	         1	         1	         1	         1	         1	       1	         1	         1	1	1	1	1	1	1	1	1	1	1	1	1	1	1	       1	       1	1	1	1	1	1	1	1	1	1	1	         1	1	1	         1	         1	         1	1	         1	         1	       1	         1	         1	         1	         1	         1	         1	         1	         1	         1	         1	         1	         1	         1	         1	         1	         1	         1	        1	         1	         1	         1	         1	         1	         1	         1	         1	         1	         1	         1	         1	         1	         1	         1	         1	         1	         1	         1	         1	         1	         1	         1	         1	         1	         1	         1	         1	         1	         1	         1	         1	         1	         1	       1	       1	       1	1	1	1	         1	1	1	1	1	1	1	1	1	1	1	1	1	1	1	#_85        
 2060	 7	1	3	0	100	1	1	1	1	1	1	       1	1	1	1	1	       1	       1	       1	       1	       1	       1	1	         1	       1	         1	         1	         1	         1	         1	         1	         1	         1	         1	         1	         1	         1	         1	         1	         1	         1	         1	         1	         1	         1	         1	         1	        1	         1	        1	         1	         1	         1	         1	         1	         1	         1	         1	         1	         1	         1	         1	         1	         1	         1	         1	         1	         1	         1	         1	         1	         1	         1	         1	         1	         1	         1	         1	         1	         1	         1	         1	         1	       1	         1	         1	1	1	1	1	1	1	1	1	1	1	1	1	1	1	       1	       1	1	1	1	1	1	1	1	1	1	1	         1	1	1	         1	         1	         1	1	         1	         1	       1	         1	         1	         1	         1	         1	         1	         1	         1	         1	         1	         1	         1	         1	         1	         1	         1	         1	        1	         1	         1	         1	         1	         1	         1	         1	         1	         1	         1	         1	         1	         1	         1	         1	         1	         1	         1	         1	         1	         1	         1	         1	         1	         1	         1	         1	         1	         1	         1	         1	         1	         1	         1	       1	       1	       1	1	1	1	         1	1	1	1	1	1	1	1	1	1	1	1	1	1	1	#_86        
 2061	 7	1	3	0	100	1	1	1	1	1	1	       1	1	1	1	1	       1	       1	       1	       1	       1	       1	1	         1	       1	         1	         1	         1	         1	         1	         1	         1	         1	         1	         1	         1	         1	         1	         1	         1	         1	         1	         1	         1	         1	         1	         1	        1	         1	        1	         1	         1	         1	         1	         1	         1	         1	         1	         1	         1	         1	         1	         1	         1	         1	         1	         1	         1	         1	         1	         1	         1	         1	         1	         1	         1	         1	         1	         1	         1	         1	         1	         1	       1	         1	         1	1	1	1	1	1	1	1	1	1	1	1	1	1	1	       1	       1	1	1	1	1	1	1	1	1	1	1	         1	1	1	         1	         1	         1	1	         1	         1	       1	         1	         1	         1	         1	         1	         1	         1	         1	         1	         1	         1	         1	         1	         1	         1	         1	         1	        1	         1	         1	         1	         1	         1	         1	         1	         1	         1	         1	         1	         1	         1	         1	         1	         1	         1	         1	         1	         1	         1	         1	         1	         1	         1	         1	         1	         1	         1	         1	         1	         1	         1	         1	       1	       1	       1	1	1	1	         1	1	1	1	1	1	1	1	1	1	1	1	1	1	1	#_87        
 2062	 7	1	3	0	100	1	1	1	1	1	1	       1	1	1	1	1	       1	       1	       1	       1	       1	       1	1	         1	       1	         1	         1	         1	         1	         1	         1	         1	         1	         1	         1	         1	         1	         1	         1	         1	         1	         1	         1	         1	         1	         1	         1	        1	         1	        1	         1	         1	         1	         1	         1	         1	         1	         1	         1	         1	         1	         1	         1	         1	         1	         1	         1	         1	         1	         1	         1	         1	         1	         1	         1	         1	         1	         1	         1	         1	         1	         1	         1	       1	         1	         1	1	1	1	1	1	1	1	1	1	1	1	1	1	1	       1	       1	1	1	1	1	1	1	1	1	1	1	         1	1	1	         1	         1	         1	1	         1	         1	       1	         1	         1	         1	         1	         1	         1	         1	         1	         1	         1	         1	         1	         1	         1	         1	         1	         1	        1	         1	         1	         1	         1	         1	         1	         1	         1	         1	         1	         1	         1	         1	         1	         1	         1	         1	         1	         1	         1	         1	         1	         1	         1	         1	         1	         1	         1	         1	         1	         1	         1	         1	         1	       1	       1	       1	1	1	1	         1	1	1	1	1	1	1	1	1	1	1	1	1	1	1	#_88        
 2063	 7	1	3	0	100	1	1	1	1	1	1	       1	1	1	1	1	       1	       1	       1	       1	       1	       1	1	         1	       1	         1	         1	         1	         1	         1	         1	         1	         1	         1	         1	         1	         1	         1	         1	         1	         1	         1	         1	         1	         1	         1	         1	        1	         1	        1	         1	         1	         1	         1	         1	         1	         1	         1	         1	         1	         1	         1	         1	         1	         1	         1	         1	         1	         1	         1	         1	         1	         1	         1	         1	         1	         1	         1	         1	         1	         1	         1	         1	       1	         1	         1	1	1	1	1	1	1	1	1	1	1	1	1	1	1	       1	       1	1	1	1	1	1	1	1	1	1	1	         1	1	1	         1	         1	         1	1	         1	         1	       1	         1	         1	         1	         1	         1	         1	         1	         1	         1	         1	         1	         1	         1	         1	         1	         1	         1	        1	         1	         1	         1	         1	         1	         1	         1	         1	         1	         1	         1	         1	         1	         1	         1	         1	         1	         1	         1	         1	         1	         1	         1	         1	         1	         1	         1	         1	         1	         1	         1	         1	         1	         1	       1	       1	       1	1	1	1	         1	1	1	1	1	1	1	1	1	1	1	1	1	1	1	#_89        
 2064	 7	1	3	0	100	1	1	1	1	1	1	       1	1	1	1	1	       1	       1	       1	       1	       1	       1	1	         1	       1	         1	         1	         1	         1	         1	         1	         1	         1	         1	         1	         1	         1	         1	         1	         1	         1	         1	         1	         1	         1	         1	         1	        1	         1	        1	         1	         1	         1	         1	         1	         1	         1	         1	         1	         1	         1	         1	         1	         1	         1	         1	         1	         1	         1	         1	         1	         1	         1	         1	         1	         1	         1	         1	         1	         1	         1	         1	         1	       1	         1	         1	1	1	1	1	1	1	1	1	1	1	1	1	1	1	       1	       1	1	1	1	1	1	1	1	1	1	1	         1	1	1	         1	         1	         1	1	         1	         1	       1	         1	         1	         1	         1	         1	         1	         1	         1	         1	         1	         1	         1	         1	         1	         1	         1	         1	        1	         1	         1	         1	         1	         1	         1	         1	         1	         1	         1	         1	         1	         1	         1	         1	         1	         1	         1	         1	         1	         1	         1	         1	         1	         1	         1	         1	         1	         1	         1	         1	         1	         1	         1	       1	       1	       1	1	1	1	         1	1	1	1	1	1	1	1	1	1	1	1	1	1	1	#_90        
 2065	 7	1	3	0	100	1	1	1	1	1	1	       1	1	1	1	1	       1	       1	       1	       1	       1	       1	1	         1	       1	         1	         1	         1	         1	         1	         1	         1	         1	         1	         1	         1	         1	         1	         1	         1	         1	         1	         1	         1	         1	         1	         1	        1	         1	        1	         1	         1	         1	         1	         1	         1	         1	         1	         1	         1	         1	         1	         1	         1	         1	         1	         1	         1	         1	         1	         1	         1	         1	         1	         1	         1	         1	         1	         1	         1	         1	         1	         1	       1	         1	         1	1	1	1	1	1	1	1	1	1	1	1	1	1	1	       1	       1	1	1	1	1	1	1	1	1	1	1	         1	1	1	         1	         1	         1	1	         1	         1	       1	         1	         1	         1	         1	         1	         1	         1	         1	         1	         1	         1	         1	         1	         1	         1	         1	         1	        1	         1	         1	         1	         1	         1	         1	         1	         1	         1	         1	         1	         1	         1	         1	         1	         1	         1	         1	         1	         1	         1	         1	         1	         1	         1	         1	         1	         1	         1	         1	         1	         1	         1	         1	       1	       1	       1	1	1	1	         1	1	1	1	1	1	1	1	1	1	1	1	1	1	1	#_91        
 2066	 7	1	3	0	100	1	1	1	1	1	1	       1	1	1	1	1	       1	       1	       1	       1	       1	       1	1	         1	       1	         1	         1	         1	         1	         1	         1	         1	         1	         1	         1	         1	         1	         1	         1	         1	         1	         1	         1	         1	         1	         1	         1	        1	         1	        1	         1	         1	         1	         1	         1	         1	         1	         1	         1	         1	         1	         1	         1	         1	         1	         1	         1	         1	         1	         1	         1	         1	         1	         1	         1	         1	         1	         1	         1	         1	         1	         1	         1	       1	         1	         1	1	1	1	1	1	1	1	1	1	1	1	1	1	1	       1	       1	1	1	1	1	1	1	1	1	1	1	         1	1	1	         1	         1	         1	1	         1	         1	       1	         1	         1	         1	         1	         1	         1	         1	         1	         1	         1	         1	         1	         1	         1	         1	         1	         1	        1	         1	         1	         1	         1	         1	         1	         1	         1	         1	         1	         1	         1	         1	         1	         1	         1	         1	         1	         1	         1	         1	         1	         1	         1	         1	         1	         1	         1	         1	         1	         1	         1	         1	         1	       1	       1	       1	1	1	1	         1	1	1	1	1	1	1	1	1	1	1	1	1	1	1	#_92        
 2067	 7	1	3	0	100	1	1	1	1	1	1	       1	1	1	1	1	       1	       1	       1	       1	       1	       1	1	         1	       1	         1	         1	         1	         1	         1	         1	         1	         1	         1	         1	         1	         1	         1	         1	         1	         1	         1	         1	         1	         1	         1	         1	        1	         1	        1	         1	         1	         1	         1	         1	         1	         1	         1	         1	         1	         1	         1	         1	         1	         1	         1	         1	         1	         1	         1	         1	         1	         1	         1	         1	         1	         1	         1	         1	         1	         1	         1	         1	       1	         1	         1	1	1	1	1	1	1	1	1	1	1	1	1	1	1	       1	       1	1	1	1	1	1	1	1	1	1	1	         1	1	1	         1	         1	         1	1	         1	         1	       1	         1	         1	         1	         1	         1	         1	         1	         1	         1	         1	         1	         1	         1	         1	         1	         1	         1	        1	         1	         1	         1	         1	         1	         1	         1	         1	         1	         1	         1	         1	         1	         1	         1	         1	         1	         1	         1	         1	         1	         1	         1	         1	         1	         1	         1	         1	         1	         1	         1	         1	         1	         1	       1	       1	       1	1	1	1	         1	1	1	1	1	1	1	1	1	1	1	1	1	1	1	#_93        
 2068	 7	1	3	0	100	1	1	1	1	1	1	       1	1	1	1	1	       1	       1	       1	       1	       1	       1	1	         1	       1	         1	         1	         1	         1	         1	         1	         1	         1	         1	         1	         1	         1	         1	         1	         1	         1	         1	         1	         1	         1	         1	         1	        1	         1	        1	         1	         1	         1	         1	         1	         1	         1	         1	         1	         1	         1	         1	         1	         1	         1	         1	         1	         1	         1	         1	         1	         1	         1	         1	         1	         1	         1	         1	         1	         1	         1	         1	         1	       1	         1	         1	1	1	1	1	1	1	1	1	1	1	1	1	1	1	       1	       1	1	1	1	1	1	1	1	1	1	1	         1	1	1	         1	         1	         1	1	         1	         1	       1	         1	         1	         1	         1	         1	         1	         1	         1	         1	         1	         1	         1	         1	         1	         1	         1	         1	        1	         1	         1	         1	         1	         1	         1	         1	         1	         1	         1	         1	         1	         1	         1	         1	         1	         1	         1	         1	         1	         1	         1	         1	         1	         1	         1	         1	         1	         1	         1	         1	         1	         1	         1	       1	       1	       1	1	1	1	         1	1	1	1	1	1	1	1	1	1	1	1	1	1	1	#_94        
 2069	 7	1	3	0	100	1	1	1	1	1	1	       1	1	1	1	1	       1	       1	       1	       1	       1	       1	1	         1	       1	         1	         1	         1	         1	         1	         1	         1	         1	         1	         1	         1	         1	         1	         1	         1	         1	         1	         1	         1	         1	         1	         1	        1	         1	        1	         1	         1	         1	         1	         1	         1	         1	         1	         1	         1	         1	         1	         1	         1	         1	         1	         1	         1	         1	         1	         1	         1	         1	         1	         1	         1	         1	         1	         1	         1	         1	         1	         1	       1	         1	         1	1	1	1	1	1	1	1	1	1	1	1	1	1	1	       1	       1	1	1	1	1	1	1	1	1	1	1	         1	1	1	         1	         1	         1	1	         1	         1	       1	         1	         1	         1	         1	         1	         1	         1	         1	         1	         1	         1	         1	         1	         1	         1	         1	         1	        1	         1	         1	         1	         1	         1	         1	         1	         1	         1	         1	         1	         1	         1	         1	         1	         1	         1	         1	         1	         1	         1	         1	         1	         1	         1	         1	         1	         1	         1	         1	         1	         1	         1	         1	       1	       1	       1	1	1	1	         1	1	1	1	1	1	1	1	1	1	1	1	1	1	1	#_95        
 2070	 7	1	3	0	100	1	1	1	1	1	1	       1	1	1	1	1	       1	       1	       1	       1	       1	       1	1	         1	       1	         1	         1	         1	         1	         1	         1	         1	         1	         1	         1	         1	         1	         1	         1	         1	         1	         1	         1	         1	         1	         1	         1	        1	         1	        1	         1	         1	         1	         1	         1	         1	         1	         1	         1	         1	         1	         1	         1	         1	         1	         1	         1	         1	         1	         1	         1	         1	         1	         1	         1	         1	         1	         1	         1	         1	         1	         1	         1	       1	         1	         1	1	1	1	1	1	1	1	1	1	1	1	1	1	1	       1	       1	1	1	1	1	1	1	1	1	1	1	         1	1	1	         1	         1	         1	1	         1	         1	       1	         1	         1	         1	         1	         1	         1	         1	         1	         1	         1	         1	         1	         1	         1	         1	         1	         1	        1	         1	         1	         1	         1	         1	         1	         1	         1	         1	         1	         1	         1	         1	         1	         1	         1	         1	         1	         1	         1	         1	         1	         1	         1	         1	         1	         1	         1	         1	         1	         1	         1	         1	         1	       1	       1	       1	1	1	1	         1	1	1	1	1	1	1	1	1	1	1	1	1	1	1	#_96        
 2071	 7	1	3	0	100	1	1	1	1	1	1	       1	1	1	1	1	       1	       1	       1	       1	       1	       1	1	         1	       1	         1	         1	         1	         1	         1	         1	         1	         1	         1	         1	         1	         1	         1	         1	         1	         1	         1	         1	         1	         1	         1	         1	        1	         1	        1	         1	         1	         1	         1	         1	         1	         1	         1	         1	         1	         1	         1	         1	         1	         1	         1	         1	         1	         1	         1	         1	         1	         1	         1	         1	         1	         1	         1	         1	         1	         1	         1	         1	       1	         1	         1	1	1	1	1	1	1	1	1	1	1	1	1	1	1	       1	       1	1	1	1	1	1	1	1	1	1	1	         1	1	1	         1	         1	         1	1	         1	         1	       1	         1	         1	         1	         1	         1	         1	         1	         1	         1	         1	         1	         1	         1	         1	         1	         1	         1	        1	         1	         1	         1	         1	         1	         1	         1	         1	         1	         1	         1	         1	         1	         1	         1	         1	         1	         1	         1	         1	         1	         1	         1	         1	         1	         1	         1	         1	         1	         1	         1	         1	         1	         1	       1	       1	       1	1	1	1	         1	1	1	1	1	1	1	1	1	1	1	1	1	1	1	#_97        
 2072	 7	1	3	0	100	1	1	1	1	1	1	       1	1	1	1	1	       1	       1	       1	       1	       1	       1	1	         1	       1	         1	         1	         1	         1	         1	         1	         1	         1	         1	         1	         1	         1	         1	         1	         1	         1	         1	         1	         1	         1	         1	         1	        1	         1	        1	         1	         1	         1	         1	         1	         1	         1	         1	         1	         1	         1	         1	         1	         1	         1	         1	         1	         1	         1	         1	         1	         1	         1	         1	         1	         1	         1	         1	         1	         1	         1	         1	         1	       1	         1	         1	1	1	1	1	1	1	1	1	1	1	1	1	1	1	       1	       1	1	1	1	1	1	1	1	1	1	1	         1	1	1	         1	         1	         1	1	         1	         1	       1	         1	         1	         1	         1	         1	         1	         1	         1	         1	         1	         1	         1	         1	         1	         1	         1	         1	        1	         1	         1	         1	         1	         1	         1	         1	         1	         1	         1	         1	         1	         1	         1	         1	         1	         1	         1	         1	         1	         1	         1	         1	         1	         1	         1	         1	         1	         1	         1	         1	         1	         1	         1	       1	       1	       1	1	1	1	         1	1	1	1	1	1	1	1	1	1	1	1	1	1	1	#_98        
 2073	 7	1	3	0	100	1	1	1	1	1	1	       1	1	1	1	1	       1	       1	       1	       1	       1	       1	1	         1	       1	         1	         1	         1	         1	         1	         1	         1	         1	         1	         1	         1	         1	         1	         1	         1	         1	         1	         1	         1	         1	         1	         1	        1	         1	        1	         1	         1	         1	         1	         1	         1	         1	         1	         1	         1	         1	         1	         1	         1	         1	         1	         1	         1	         1	         1	         1	         1	         1	         1	         1	         1	         1	         1	         1	         1	         1	         1	         1	       1	         1	         1	1	1	1	1	1	1	1	1	1	1	1	1	1	1	       1	       1	1	1	1	1	1	1	1	1	1	1	         1	1	1	         1	         1	         1	1	         1	         1	       1	         1	         1	         1	         1	         1	         1	         1	         1	         1	         1	         1	         1	         1	         1	         1	         1	         1	        1	         1	         1	         1	         1	         1	         1	         1	         1	         1	         1	         1	         1	         1	         1	         1	         1	         1	         1	         1	         1	         1	         1	         1	         1	         1	         1	         1	         1	         1	         1	         1	         1	         1	         1	       1	       1	       1	1	1	1	         1	1	1	1	1	1	1	1	1	1	1	1	1	1	1	#_99        
 2074	 7	1	3	0	100	1	1	1	1	1	1	       1	1	1	1	1	       1	       1	       1	       1	       1	       1	1	         1	       1	         1	         1	         1	         1	         1	         1	         1	         1	         1	         1	         1	         1	         1	         1	         1	         1	         1	         1	         1	         1	         1	         1	        1	         1	        1	         1	         1	         1	         1	         1	         1	         1	         1	         1	         1	         1	         1	         1	         1	         1	         1	         1	         1	         1	         1	         1	         1	         1	         1	         1	         1	         1	         1	         1	         1	         1	         1	         1	       1	         1	         1	1	1	1	1	1	1	1	1	1	1	1	1	1	1	       1	       1	1	1	1	1	1	1	1	1	1	1	         1	1	1	         1	         1	         1	1	         1	         1	       1	         1	         1	         1	         1	         1	         1	         1	         1	         1	         1	         1	         1	         1	         1	         1	         1	         1	        1	         1	         1	         1	         1	         1	         1	         1	         1	         1	         1	         1	         1	         1	         1	         1	         1	         1	         1	         1	         1	         1	         1	         1	         1	         1	         1	         1	         1	         1	         1	         1	         1	         1	         1	       1	       1	       1	1	1	1	         1	1	1	1	1	1	1	1	1	1	1	1	1	1	1	#_100       
-9999	 0	0	0	0	  0	0	0	0	0	0	0	       0	0	0	0	0	       0	       0	       0	       0	       0	       0	0	         0	       0	         0	         0	         0	         0	         0	         0	         0	         0	         0	         0	         0	         0	         0	         0	         0	         0	         0	         0	         0	         0	         0	         0	        0	         0	        0	         0	         0	         0	         0	         0	         0	         0	         0	         0	         0	         0	         0	         0	         0	         0	         0	         0	         0	         0	         0	         0	         0	         0	         0	         0	         0	         0	         0	         0	         0	         0	         0	         0	       0	         0	         0	0	0	0	0	0	0	0	0	0	0	0	0	0	0	       0	       0	0	0	0	0	0	0	0	0	0	0	         0	0	0	         0	         0	         0	0	         0	         0	       0	         0	         0	         0	         0	         0	         0	         0	         0	         0	         0	         0	         0	         0	         0	         0	         0	         0	        0	         0	         0	         0	         0	         0	         0	         0	         0	         0	         0	         0	         0	         0	         0	         0	         0	         0	         0	         0	         0	         0	         0	         0	         0	         0	         0	         0	         0	         0	         0	         0	         0	         0	         0	       0	       0	       0	0	0	0	         0	0	0	0	0	0	0	0	0	0	0	0	0	0	0	#_terminator
0 #_N_agebins
#
#_MeanSize_at_Age_obs
0 #_use_MeanSize_at_Age_obs
0 #_N_environ_variables
0 #_N_sizefreq_methods
0 #_do_tags
0 #_morphcomp_data
0 #_use_selectivity_priors
#
999
