#C data file for lobster (wales)
#C file created using an r4ss function
#C file write time: 2026-06-11  17:24:27
#
1950 #_styr
2074 #_endyr
1 #_nseas
12 #_months_per_seas
2 #_Nsubseasons
1 #_spawn_month
2 #_Nsexes
20 #_Nages
1 #_N_areas
9 #_Nfleets
#_fleetinfo
#_type	surveytiming	area	units	need_catch_mult	fleetname
3	 1	1	1	0	Observer_inshore_u10        	#_1
1	-1	1	1	0	Pot_fisheries_historical    	#_2
1	-1	1	1	0	Pot_fisheries_u10           	#_3
1	-1	1	1	0	Pot_fisheries_10to12        	#_4
1	-1	1	1	0	Pot_fisheries_o12           	#_5
1	-1	1	1	0	Bycatch_fisheries_historical	#_6
1	-1	1	1	0	Bycatch_fisheries_gillnet   	#_7
1	-1	1	1	0	Bycatch_fisheries_trawl     	#_8
3	 1	1	2	0	Observer_prerecruit_u10     	#_9
#_Catch data
#_year	season	fleet	catch	catch_se
 -999	1	2	  57.8772	  0.3	#_1         
 1950	1	2	  11.3231	0.005	#_2         
 1951	1	2	  6.41934	0.005	#_3         
 1952	1	2	  4.26861	0.005	#_4         
 1953	1	2	  5.20658	0.005	#_5         
 1954	1	2	  6.33662	0.005	#_6         
 1955	1	2	  3.13589	0.005	#_7         
 1956	1	2	  6.76468	0.005	#_8         
 1957	1	2	  7.30754	0.005	#_9         
 1958	1	2	    5.229	0.005	#_10        
 1959	1	2	  44.0916	0.005	#_11        
 1960	1	2	  4.61254	0.005	#_12        
 1961	1	2	  5.72493	0.005	#_13        
 1962	1	2	  44.8319	0.005	#_14        
 1963	1	2	  67.7974	0.005	#_15        
 1964	1	2	  74.8731	0.005	#_16        
 1965	1	2	  67.4351	0.005	#_17        
 1966	1	2	  85.6443	0.005	#_18        
 1967	1	2	  79.4788	0.005	#_19        
 1968	1	2	  77.6884	0.005	#_20        
 1969	1	2	  95.2003	0.005	#_21        
 1970	1	2	  110.487	0.005	#_22        
 1971	1	2	  118.117	0.005	#_23        
 1972	1	2	  97.4252	0.005	#_24        
 1973	1	2	  112.311	0.005	#_25        
 1974	1	2	  84.8393	0.005	#_26        
 1975	1	2	  59.3527	0.005	#_27        
 1976	1	2	  62.5017	0.005	#_28        
 1977	1	2	  42.8736	0.005	#_29        
 1978	1	2	  32.3959	0.005	#_30        
 1979	1	2	  49.0718	0.005	#_31        
 1980	1	2	  24.7483	0.005	#_32        
 1981	1	2	  48.9172	0.005	#_33        
 1982	1	2	  68.2599	0.005	#_34        
 1983	1	2	  46.6764	0.005	#_35        
 1984	1	2	  47.5442	0.005	#_36        
 1985	1	2	  79.5158	0.005	#_37        
 1986	1	2	  24.5427	0.005	#_38        
 1987	1	2	  87.1911	0.005	#_39        
 1988	1	2	  147.349	0.005	#_40        
 1989	1	2	   181.69	0.005	#_41        
 1990	1	2	  213.804	0.005	#_42        
 1991	1	2	  53.7987	0.005	#_43        
 1992	1	2	  48.6862	0.005	#_44        
 1993	1	2	  152.889	0.005	#_45        
 1994	1	2	  31.1878	0.005	#_46        
 1995	1	2	  33.9779	0.005	#_47        
 1996	1	2	  43.6539	0.005	#_48        
 1997	1	2	   52.946	0.005	#_49        
 1998	1	2	  31.0097	0.005	#_50        
 1999	1	2	  35.9309	0.005	#_51        
 2000	1	2	  284.735	0.005	#_52        
 2001	1	2	  110.913	0.005	#_53        
 2002	1	2	  131.087	0.005	#_54        
 2003	1	2	  178.004	0.005	#_55        
 2004	1	2	  75.0332	0.005	#_56        
 2005	1	2	  472.124	0.005	#_57        
 2006	1	2	        0	 0.01	#_58        
 2007	1	2	        0	 0.01	#_59        
 2008	1	2	        0	 0.01	#_60        
 2009	1	2	        0	 0.01	#_61        
 2010	1	2	        0	 0.01	#_62        
 2011	1	2	        0	 0.01	#_63        
 2012	1	2	        0	 0.01	#_64        
 2013	1	2	        0	 0.01	#_65        
 2014	1	2	        0	 0.01	#_66        
 2015	1	2	        0	 0.01	#_67        
 2016	1	2	        0	 0.01	#_68        
 2017	1	2	        0	 0.01	#_69        
 2018	1	2	        0	 0.01	#_70        
 2019	1	2	        0	 0.01	#_71        
 2020	1	2	        0	 0.01	#_72        
 2021	1	2	        0	 0.01	#_73        
 2022	1	2	        0	 0.01	#_74        
 2023	1	2	        0	 0.01	#_75        
 2024	1	2	        0	 0.01	#_76        
 2025	1	2	        0	 0.01	#_77        
 2026	1	2	        0	 0.01	#_78        
 2027	1	2	        0	 0.01	#_79        
 2028	1	2	        0	 0.01	#_80        
 2029	1	2	        0	 0.01	#_81        
 2030	1	2	        0	 0.01	#_82        
 2031	1	2	        0	 0.01	#_83        
 2032	1	2	        0	 0.01	#_84        
 2033	1	2	        0	 0.01	#_85        
 2034	1	2	        0	 0.01	#_86        
 2035	1	2	        0	 0.01	#_87        
 2036	1	2	        0	 0.01	#_88        
 2037	1	2	        0	 0.01	#_89        
 2038	1	2	        0	 0.01	#_90        
 2039	1	2	        0	 0.01	#_91        
 2040	1	2	        0	 0.01	#_92        
 2041	1	2	        0	 0.01	#_93        
 2042	1	2	        0	 0.01	#_94        
 2043	1	2	        0	 0.01	#_95        
 2044	1	2	        0	 0.01	#_96        
 2045	1	2	        0	 0.01	#_97        
 2046	1	2	        0	 0.01	#_98        
 2047	1	2	        0	 0.01	#_99        
 2048	1	2	        0	 0.01	#_100       
 2049	1	2	        0	 0.01	#_101       
 2050	1	2	        0	 0.01	#_102       
 2051	1	2	        0	 0.01	#_103       
 2052	1	2	        0	 0.01	#_104       
 2053	1	2	        0	 0.01	#_105       
 2054	1	2	        0	 0.01	#_106       
 2055	1	2	        0	 0.01	#_107       
 2056	1	2	        0	 0.01	#_108       
 2057	1	2	        0	 0.01	#_109       
 2058	1	2	        0	 0.01	#_110       
 2059	1	2	        0	 0.01	#_111       
 2060	1	2	        0	 0.01	#_112       
 2061	1	2	        0	 0.01	#_113       
 2062	1	2	        0	 0.01	#_114       
 2063	1	2	        0	 0.01	#_115       
 2064	1	2	        0	 0.01	#_116       
 2065	1	2	        0	 0.01	#_117       
 2066	1	2	        0	 0.01	#_118       
 2067	1	2	        0	 0.01	#_119       
 2068	1	2	        0	 0.01	#_120       
 2069	1	2	        0	 0.01	#_121       
 2070	1	2	        0	 0.01	#_122       
 2071	1	2	        0	 0.01	#_123       
 2072	1	2	        0	 0.01	#_124       
 2073	1	2	        0	 0.01	#_125       
 2074	1	2	        0	 0.01	#_126       
 -999	1	3	        0	 0.01	#_127       
 1950	1	3	        0	 0.01	#_128       
 1951	1	3	        0	 0.01	#_129       
 1952	1	3	        0	 0.01	#_130       
 1953	1	3	        0	 0.01	#_131       
 1954	1	3	        0	 0.01	#_132       
 1955	1	3	        0	 0.01	#_133       
 1956	1	3	        0	 0.01	#_134       
 1957	1	3	        0	 0.01	#_135       
 1958	1	3	        0	 0.01	#_136       
 1959	1	3	        0	 0.01	#_137       
 1960	1	3	        0	 0.01	#_138       
 1961	1	3	        0	 0.01	#_139       
 1962	1	3	        0	 0.01	#_140       
 1963	1	3	        0	 0.01	#_141       
 1964	1	3	        0	 0.01	#_142       
 1965	1	3	        0	 0.01	#_143       
 1966	1	3	        0	 0.01	#_144       
 1967	1	3	        0	 0.01	#_145       
 1968	1	3	        0	 0.01	#_146       
 1969	1	3	        0	 0.01	#_147       
 1970	1	3	        0	 0.01	#_148       
 1971	1	3	        0	 0.01	#_149       
 1972	1	3	        0	 0.01	#_150       
 1973	1	3	        0	 0.01	#_151       
 1974	1	3	        0	 0.01	#_152       
 1975	1	3	        0	 0.01	#_153       
 1976	1	3	        0	 0.01	#_154       
 1977	1	3	        0	 0.01	#_155       
 1978	1	3	        0	 0.01	#_156       
 1979	1	3	        0	 0.01	#_157       
 1980	1	3	        0	 0.01	#_158       
 1981	1	3	        0	 0.01	#_159       
 1982	1	3	        0	 0.01	#_160       
 1983	1	3	        0	 0.01	#_161       
 1984	1	3	        0	 0.01	#_162       
 1985	1	3	        0	 0.01	#_163       
 1986	1	3	        0	 0.01	#_164       
 1987	1	3	        0	 0.01	#_165       
 1988	1	3	        0	 0.01	#_166       
 1989	1	3	        0	 0.01	#_167       
 1990	1	3	        0	 0.01	#_168       
 1991	1	3	        0	 0.01	#_169       
 1992	1	3	        0	 0.01	#_170       
 1993	1	3	        0	 0.01	#_171       
 1994	1	3	        0	 0.01	#_172       
 1995	1	3	        0	 0.01	#_173       
 1996	1	3	        0	 0.01	#_174       
 1997	1	3	        0	 0.01	#_175       
 1998	1	3	        0	 0.01	#_176       
 1999	1	3	        0	 0.01	#_177       
 2000	1	3	        0	 0.01	#_178       
 2001	1	3	        0	 0.01	#_179       
 2002	1	3	        0	 0.01	#_180       
 2003	1	3	        0	 0.01	#_181       
 2004	1	3	        0	 0.01	#_182       
 2005	1	3	        0	 0.01	#_183       
 2006	1	3	  394.589	0.005	#_184       
 2007	1	3	  195.107	0.005	#_185       
 2008	1	3	  129.668	0.005	#_186       
 2009	1	3	  31.5072	0.005	#_187       
 2010	1	3	  55.5938	0.005	#_188       
 2011	1	3	  57.8219	0.005	#_189       
 2012	1	3	   139.01	0.005	#_190       
 2013	1	3	  89.5167	0.005	#_191       
 2014	1	3	  81.1609	0.005	#_192       
 2015	1	3	  75.0105	0.005	#_193       
 2016	1	3	  78.3846	0.005	#_194       
 2017	1	3	  189.057	0.005	#_195       
 2018	1	3	  207.978	0.005	#_196       
 2019	1	3	  164.547	0.005	#_197       
 2020	1	3	  123.691	0.005	#_198       
 2021	1	3	   101.42	0.005	#_199       
 2022	1	3	  80.5858	0.005	#_200       
 2023	1	3	  80.9466	0.005	#_201       
 2024	1	3	  64.4707	0.005	#_202       
 2025	1	3	  207.338	0.005	#_203       
 2026	1	3	  157.141	0.005	#_204       
 2027	1	3	  171.834	0.005	#_205       
 2028	1	3	  189.313	0.005	#_206       
 2029	1	3	  211.388	0.005	#_207       
 2030	1	3	  157.335	0.005	#_208       
 2031	1	3	  109.971	0.005	#_209       
 2032	1	3	  118.663	0.005	#_210       
 2033	1	3	  144.305	0.005	#_211       
 2034	1	3	      168	0.005	#_212       
 2035	1	3	  95.3796	0.005	#_213       
 2036	1	3	  101.792	0.005	#_214       
 2037	1	3	  134.552	0.005	#_215       
 2038	1	3	  108.514	0.005	#_216       
 2039	1	3	  88.8086	0.005	#_217       
 2040	1	3	  97.5708	0.005	#_218       
 2041	1	3	  104.881	0.005	#_219       
 2042	1	3	  78.4125	0.005	#_220       
 2043	1	3	  81.3494	0.005	#_221       
 2044	1	3	  89.3358	0.005	#_222       
 2045	1	3	    127.5	0.005	#_223       
 2046	1	3	  108.866	0.005	#_224       
 2047	1	3	  92.1658	0.005	#_225       
 2048	1	3	  92.6458	0.005	#_226       
 2049	1	3	  114.423	0.005	#_227       
 2050	1	3	  121.315	0.005	#_228       
 2051	1	3	  129.999	0.005	#_229       
 2052	1	3	  108.574	0.005	#_230       
 2053	1	3	  107.933	0.005	#_231       
 2054	1	3	  110.868	0.005	#_232       
 2055	1	3	  109.606	0.005	#_233       
 2056	1	3	  96.4298	0.005	#_234       
 2057	1	3	   98.592	0.005	#_235       
 2058	1	3	  92.8374	0.005	#_236       
 2059	1	3	  69.1613	0.005	#_237       
 2060	1	3	  74.5037	0.005	#_238       
 2061	1	3	  80.4912	0.005	#_239       
 2062	1	3	   63.166	0.005	#_240       
 2063	1	3	  71.7329	0.005	#_241       
 2064	1	3	  68.3254	0.005	#_242       
 2065	1	3	  69.8009	0.005	#_243       
 2066	1	3	  76.0427	0.005	#_244       
 2067	1	3	  86.7798	0.005	#_245       
 2068	1	3	  106.588	0.005	#_246       
 2069	1	3	  113.029	0.005	#_247       
 2070	1	3	  103.196	0.005	#_248       
 2071	1	3	  122.982	0.005	#_249       
 2072	1	3	  102.561	0.005	#_250       
 2073	1	3	  117.259	0.005	#_251       
 2074	1	3	  115.241	0.005	#_252       
 -999	1	4	        0	 0.01	#_253       
 1950	1	4	        0	 0.01	#_254       
 1951	1	4	        0	 0.01	#_255       
 1952	1	4	        0	 0.01	#_256       
 1953	1	4	        0	 0.01	#_257       
 1954	1	4	        0	 0.01	#_258       
 1955	1	4	        0	 0.01	#_259       
 1956	1	4	        0	 0.01	#_260       
 1957	1	4	        0	 0.01	#_261       
 1958	1	4	        0	 0.01	#_262       
 1959	1	4	        0	 0.01	#_263       
 1960	1	4	        0	 0.01	#_264       
 1961	1	4	        0	 0.01	#_265       
 1962	1	4	        0	 0.01	#_266       
 1963	1	4	        0	 0.01	#_267       
 1964	1	4	        0	 0.01	#_268       
 1965	1	4	        0	 0.01	#_269       
 1966	1	4	        0	 0.01	#_270       
 1967	1	4	        0	 0.01	#_271       
 1968	1	4	        0	 0.01	#_272       
 1969	1	4	        0	 0.01	#_273       
 1970	1	4	        0	 0.01	#_274       
 1971	1	4	        0	 0.01	#_275       
 1972	1	4	        0	 0.01	#_276       
 1973	1	4	        0	 0.01	#_277       
 1974	1	4	        0	 0.01	#_278       
 1975	1	4	        0	 0.01	#_279       
 1976	1	4	        0	 0.01	#_280       
 1977	1	4	        0	 0.01	#_281       
 1978	1	4	        0	 0.01	#_282       
 1979	1	4	        0	 0.01	#_283       
 1980	1	4	        0	 0.01	#_284       
 1981	1	4	        0	 0.01	#_285       
 1982	1	4	        0	 0.01	#_286       
 1983	1	4	        0	 0.01	#_287       
 1984	1	4	        0	 0.01	#_288       
 1985	1	4	        0	 0.01	#_289       
 1986	1	4	        0	 0.01	#_290       
 1987	1	4	        0	 0.01	#_291       
 1988	1	4	        0	 0.01	#_292       
 1989	1	4	        0	 0.01	#_293       
 1990	1	4	        0	 0.01	#_294       
 1991	1	4	        0	 0.01	#_295       
 1992	1	4	        0	 0.01	#_296       
 1993	1	4	        0	 0.01	#_297       
 1994	1	4	        0	 0.01	#_298       
 1995	1	4	        0	 0.01	#_299       
 1996	1	4	        0	 0.01	#_300       
 1997	1	4	        0	 0.01	#_301       
 1998	1	4	        0	 0.01	#_302       
 1999	1	4	        0	 0.01	#_303       
 2000	1	4	        0	 0.01	#_304       
 2001	1	4	        0	 0.01	#_305       
 2002	1	4	        0	 0.01	#_306       
 2003	1	4	        0	 0.01	#_307       
 2004	1	4	        0	 0.01	#_308       
 2005	1	4	        0	 0.01	#_309       
 2006	1	4	   33.837	0.005	#_310       
 2007	1	4	  7.46164	0.005	#_311       
 2008	1	4	   3.0112	0.005	#_312       
 2009	1	4	    7.227	0.005	#_313       
 2010	1	4	  15.2584	0.005	#_314       
 2011	1	4	  18.4364	0.005	#_315       
 2012	1	4	  48.5001	0.005	#_316       
 2013	1	4	   31.207	0.005	#_317       
 2014	1	4	  22.9254	0.005	#_318       
 2015	1	4	  21.4535	0.005	#_319       
 2016	1	4	  24.6562	0.005	#_320       
 2017	1	4	  33.5875	0.005	#_321       
 2018	1	4	  47.1138	0.005	#_322       
 2019	1	4	    45.13	0.005	#_323       
 2020	1	4	  40.9604	0.005	#_324       
 2021	1	4	   29.029	0.005	#_325       
 2022	1	4	   23.486	0.005	#_326       
 2023	1	4	  22.3576	0.005	#_327       
 2024	1	4	  13.8893	0.005	#_328       
 2025	1	4	   55.337	0.005	#_329       
 2026	1	4	  43.2899	0.005	#_330       
 2027	1	4	  51.5066	0.005	#_331       
 2028	1	4	  55.8686	0.005	#_332       
 2029	1	4	  57.0469	0.005	#_333       
 2030	1	4	  39.7368	0.005	#_334       
 2031	1	4	  31.1313	0.005	#_335       
 2032	1	4	  36.2751	0.005	#_336       
 2033	1	4	  44.1561	0.005	#_337       
 2034	1	4	  46.2027	0.005	#_338       
 2035	1	4	  35.3354	0.005	#_339       
 2036	1	4	  38.4769	0.005	#_340       
 2037	1	4	  50.7317	0.005	#_341       
 2038	1	4	  41.4322	0.005	#_342       
 2039	1	4	  33.3276	0.005	#_343       
 2040	1	4	  36.4178	0.005	#_344       
 2041	1	4	  39.6271	0.005	#_345       
 2042	1	4	  29.6629	0.005	#_346       
 2043	1	4	   30.449	0.005	#_347       
 2044	1	4	   33.694	0.005	#_348       
 2045	1	4	  48.1778	0.005	#_349       
 2046	1	4	  41.7199	0.005	#_350       
 2047	1	4	  34.6352	0.005	#_351       
 2048	1	4	  34.5532	0.005	#_352       
 2049	1	4	  43.8831	0.005	#_353       
 2050	1	4	  45.8434	0.005	#_354       
 2051	1	4	   48.594	0.005	#_355       
 2052	1	4	  40.9096	0.005	#_356       
 2053	1	4	  40.6968	0.005	#_357       
 2054	1	4	   41.793	0.005	#_358       
 2055	1	4	  41.3404	0.005	#_359       
 2056	1	4	  36.5879	0.005	#_360       
 2057	1	4	  37.0198	0.005	#_361       
 2058	1	4	   34.871	0.005	#_362       
 2059	1	4	  26.1274	0.005	#_363       
 2060	1	4	  28.1615	0.005	#_364       
 2061	1	4	  30.5837	0.005	#_365       
 2062	1	4	   23.858	0.005	#_366       
 2063	1	4	  26.7533	0.005	#_367       
 2064	1	4	  25.8884	0.005	#_368       
 2065	1	4	   26.344	0.005	#_369       
 2066	1	4	  28.3467	0.005	#_370       
 2067	1	4	   32.765	0.005	#_371       
 2068	1	4	  40.2591	0.005	#_372       
 2069	1	4	  42.7484	0.005	#_373       
 2070	1	4	  38.5737	0.005	#_374       
 2071	1	4	  46.6083	0.005	#_375       
 2072	1	4	  38.7701	0.005	#_376       
 2073	1	4	  44.5086	0.005	#_377       
 2074	1	4	  43.2425	0.005	#_378       
 -999	1	5	        0	 0.01	#_379       
 1950	1	5	        0	 0.01	#_380       
 1951	1	5	        0	 0.01	#_381       
 1952	1	5	        0	 0.01	#_382       
 1953	1	5	        0	 0.01	#_383       
 1954	1	5	        0	 0.01	#_384       
 1955	1	5	        0	 0.01	#_385       
 1956	1	5	        0	 0.01	#_386       
 1957	1	5	        0	 0.01	#_387       
 1958	1	5	        0	 0.01	#_388       
 1959	1	5	        0	 0.01	#_389       
 1960	1	5	        0	 0.01	#_390       
 1961	1	5	        0	 0.01	#_391       
 1962	1	5	        0	 0.01	#_392       
 1963	1	5	        0	 0.01	#_393       
 1964	1	5	        0	 0.01	#_394       
 1965	1	5	        0	 0.01	#_395       
 1966	1	5	        0	 0.01	#_396       
 1967	1	5	        0	 0.01	#_397       
 1968	1	5	        0	 0.01	#_398       
 1969	1	5	        0	 0.01	#_399       
 1970	1	5	        0	 0.01	#_400       
 1971	1	5	        0	 0.01	#_401       
 1972	1	5	        0	 0.01	#_402       
 1973	1	5	        0	 0.01	#_403       
 1974	1	5	        0	 0.01	#_404       
 1975	1	5	        0	 0.01	#_405       
 1976	1	5	        0	 0.01	#_406       
 1977	1	5	        0	 0.01	#_407       
 1978	1	5	        0	 0.01	#_408       
 1979	1	5	        0	 0.01	#_409       
 1980	1	5	        0	 0.01	#_410       
 1981	1	5	        0	 0.01	#_411       
 1982	1	5	        0	 0.01	#_412       
 1983	1	5	        0	 0.01	#_413       
 1984	1	5	        0	 0.01	#_414       
 1985	1	5	        0	 0.01	#_415       
 1986	1	5	        0	 0.01	#_416       
 1987	1	5	        0	 0.01	#_417       
 1988	1	5	        0	 0.01	#_418       
 1989	1	5	        0	 0.01	#_419       
 1990	1	5	        0	 0.01	#_420       
 1991	1	5	        0	 0.01	#_421       
 1992	1	5	        0	 0.01	#_422       
 1993	1	5	        0	 0.01	#_423       
 1994	1	5	        0	 0.01	#_424       
 1995	1	5	        0	 0.01	#_425       
 1996	1	5	        0	 0.01	#_426       
 1997	1	5	        0	 0.01	#_427       
 1998	1	5	        0	 0.01	#_428       
 1999	1	5	        0	 0.01	#_429       
 2000	1	5	        0	 0.01	#_430       
 2001	1	5	        0	 0.01	#_431       
 2002	1	5	        0	 0.01	#_432       
 2003	1	5	        0	 0.01	#_433       
 2004	1	5	        0	 0.01	#_434       
 2005	1	5	        0	 0.01	#_435       
 2006	1	5	        0	 0.01	#_436       
 2007	1	5	 0.584486	0.005	#_437       
 2008	1	5	 0.892953	0.005	#_438       
 2009	1	5	  2.40668	0.005	#_439       
 2010	1	5	  3.81332	0.005	#_440       
 2011	1	5	  2.91284	0.005	#_441       
 2012	1	5	  1.13129	0.005	#_442       
 2013	1	5	  2.54391	0.005	#_443       
 2014	1	5	  1.11255	0.005	#_444       
 2015	1	5	  1.54802	0.005	#_445       
 2016	1	5	   2.6418	0.005	#_446       
 2017	1	5	  12.0584	0.005	#_447       
 2018	1	5	  6.90385	0.005	#_448       
 2019	1	5	  3.69804	0.005	#_449       
 2020	1	5	  1.69603	0.005	#_450       
 2021	1	5	   1.6724	0.005	#_451       
 2022	1	5	  1.59937	0.005	#_452       
 2023	1	5	  2.02833	0.005	#_453       
 2024	1	5	  3.58706	0.005	#_454       
 2025	1	5	  3.31204	0.005	#_455       
 2026	1	5	  2.94248	0.005	#_456       
 2027	1	5	  3.33707	0.005	#_457       
 2028	1	5	  3.61486	0.005	#_458       
 2029	1	5	  3.37184	0.005	#_459       
 2030	1	5	  2.38382	0.005	#_460       
 2031	1	5	  2.08582	0.005	#_461       
 2032	1	5	  2.44149	0.005	#_462       
 2033	1	5	    2.895	0.005	#_463       
 2034	1	5	  2.75303	0.005	#_464       
 2035	1	5	  2.29333	0.005	#_465       
 2036	1	5	  2.79239	0.005	#_466       
 2037	1	5	  3.10301	0.005	#_467       
 2038	1	5	  2.50384	0.005	#_468       
 2039	1	5	  2.19592	0.005	#_469       
 2040	1	5	  2.47115	0.005	#_470       
 2041	1	5	  2.31411	0.005	#_471       
 2042	1	5	  1.93703	0.005	#_472       
 2043	1	5	  1.97349	0.005	#_473       
 2044	1	5	  2.47532	0.005	#_474       
 2045	1	5	  2.97215	0.005	#_475       
 2046	1	5	  2.51129	0.005	#_476       
 2047	1	5	  2.19133	0.005	#_477       
 2048	1	5	  2.40334	0.005	#_478       
 2049	1	5	  2.83906	0.005	#_479       
 2050	1	5	  3.03391	0.005	#_480       
 2051	1	5	  2.94589	0.005	#_481       
 2052	1	5	  2.65699	0.005	#_482       
 2053	1	5	  2.64842	0.005	#_483       
 2054	1	5	  2.69282	0.005	#_484       
 2055	1	5	  2.54314	0.005	#_485       
 2056	1	5	  2.35107	0.005	#_486       
 2057	1	5	  2.43165	0.005	#_487       
 2058	1	5	  2.07478	0.005	#_488       
 2059	1	5	   1.7196	0.005	#_489       
 2060	1	5	  1.90025	0.005	#_490       
 2061	1	5	  1.80939	0.005	#_491       
 2062	1	5	  1.60081	0.005	#_492       
 2063	1	5	  1.72753	0.005	#_493       
 2064	1	5	  1.66234	0.005	#_494       
 2065	1	5	  1.73602	0.005	#_495       
 2066	1	5	  1.88722	0.005	#_496       
 2067	1	5	  2.22441	0.005	#_497       
 2068	1	5	   2.6622	0.005	#_498       
 2069	1	5	  2.60312	0.005	#_499       
 2070	1	5	   2.7063	0.005	#_500       
 2071	1	5	  2.78777	0.005	#_501       
 2072	1	5	  2.57237	0.005	#_502       
 2073	1	5	  2.87757	0.005	#_503       
 2074	1	5	   2.4913	0.005	#_504       
 -999	1	6	        0	 0.01	#_505       
 1950	1	6	  1.08339	0.005	#_506       
 1951	1	6	  1.08867	0.005	#_507       
 1952	1	6	  1.10762	0.005	#_508       
 1953	1	6	  1.10261	0.005	#_509       
 1954	1	6	  1.09573	0.005	#_510       
 1955	1	6	  1.08567	0.005	#_511       
 1956	1	6	   1.1006	0.005	#_512       
 1957	1	6	  1.09858	0.005	#_513       
 1958	1	6	  1.07805	0.005	#_514       
 1959	1	6	  1.07926	0.005	#_515       
 1960	1	6	  1.08123	0.005	#_516       
 1961	1	6	  1.08739	0.005	#_517       
 1962	1	6	  1.10237	0.005	#_518       
 1963	1	6	  1.08582	0.005	#_519       
 1964	1	6	   1.0862	0.005	#_520       
 1965	1	6	  1.08074	0.005	#_521       
 1966	1	6	  1.08368	0.005	#_522       
 1967	1	6	  1.08075	0.005	#_523       
 1968	1	6	  1.09907	0.005	#_524       
 1969	1	6	  1.09396	0.005	#_525       
 1970	1	6	  1.09059	0.005	#_526       
 1971	1	6	  1.09149	0.005	#_527       
 1972	1	6	  1.08906	0.005	#_528       
 1973	1	6	  1.08678	0.005	#_529       
 1974	1	6	  1.09171	0.005	#_530       
 1975	1	6	  1.10405	0.005	#_531       
 1976	1	6	  1.10318	0.005	#_532       
 1977	1	6	  1.10536	0.005	#_533       
 1978	1	6	  1.10352	0.005	#_534       
 1979	1	6	  1.11634	0.005	#_535       
 1980	1	6	   1.1163	0.005	#_536       
 1981	1	6	  1.10218	0.005	#_537       
 1982	1	6	   1.1193	0.005	#_538       
 1983	1	6	  1.08276	0.005	#_539       
 1984	1	6	  1.07855	0.005	#_540       
 1985	1	6	  1.09218	0.005	#_541       
 1986	1	6	  1.03725	0.005	#_542       
 1987	1	6	 0.973417	0.005	#_543       
 1988	1	6	 0.951619	0.005	#_544       
 1989	1	6	 0.905865	0.005	#_545       
 1990	1	6	 0.870674	0.005	#_546       
 1991	1	6	 0.841035	0.005	#_547       
 1992	1	6	 0.799404	0.005	#_548       
 1993	1	6	 0.752685	0.005	#_549       
 1994	1	6	 0.690082	0.005	#_550       
 1995	1	6	 0.634326	0.005	#_551       
 1996	1	6	 0.627741	0.005	#_552       
 1997	1	6	 0.621892	0.005	#_553       
 1998	1	6	 0.615974	0.005	#_554       
 1999	1	6	 0.658613	0.005	#_555       
 2000	1	6	 0.663509	0.005	#_556       
 2001	1	6	 0.671039	0.005	#_557       
 2002	1	6	 0.698768	0.005	#_558       
 2003	1	6	 0.732672	0.005	#_559       
 2004	1	6	 0.733892	0.005	#_560       
 2005	1	6	  0.74986	0.005	#_561       
 2006	1	6	        0	 0.01	#_562       
 2007	1	6	        0	 0.01	#_563       
 2008	1	6	        0	 0.01	#_564       
 2009	1	6	        0	 0.01	#_565       
 2010	1	6	        0	 0.01	#_566       
 2011	1	6	        0	 0.01	#_567       
 2012	1	6	        0	 0.01	#_568       
 2013	1	6	        0	 0.01	#_569       
 2014	1	6	        0	 0.01	#_570       
 2015	1	6	        0	 0.01	#_571       
 2016	1	6	        0	 0.01	#_572       
 2017	1	6	        0	 0.01	#_573       
 2018	1	6	        0	 0.01	#_574       
 2019	1	6	        0	 0.01	#_575       
 2020	1	6	        0	 0.01	#_576       
 2021	1	6	        0	 0.01	#_577       
 2022	1	6	        0	 0.01	#_578       
 2023	1	6	        0	 0.01	#_579       
 2024	1	6	        0	 0.01	#_580       
 2025	1	6	        0	 0.01	#_581       
 2026	1	6	        0	 0.01	#_582       
 2027	1	6	        0	 0.01	#_583       
 2028	1	6	        0	 0.01	#_584       
 2029	1	6	        0	 0.01	#_585       
 2030	1	6	        0	 0.01	#_586       
 2031	1	6	        0	 0.01	#_587       
 2032	1	6	        0	 0.01	#_588       
 2033	1	6	        0	 0.01	#_589       
 2034	1	6	        0	 0.01	#_590       
 2035	1	6	        0	 0.01	#_591       
 2036	1	6	        0	 0.01	#_592       
 2037	1	6	        0	 0.01	#_593       
 2038	1	6	        0	 0.01	#_594       
 2039	1	6	        0	 0.01	#_595       
 2040	1	6	        0	 0.01	#_596       
 2041	1	6	        0	 0.01	#_597       
 2042	1	6	        0	 0.01	#_598       
 2043	1	6	        0	 0.01	#_599       
 2044	1	6	        0	 0.01	#_600       
 2045	1	6	        0	 0.01	#_601       
 2046	1	6	        0	 0.01	#_602       
 2047	1	6	        0	 0.01	#_603       
 2048	1	6	        0	 0.01	#_604       
 2049	1	6	        0	 0.01	#_605       
 2050	1	6	        0	 0.01	#_606       
 2051	1	6	        0	 0.01	#_607       
 2052	1	6	        0	 0.01	#_608       
 2053	1	6	        0	 0.01	#_609       
 2054	1	6	        0	 0.01	#_610       
 2055	1	6	        0	 0.01	#_611       
 2056	1	6	        0	 0.01	#_612       
 2057	1	6	        0	 0.01	#_613       
 2058	1	6	        0	 0.01	#_614       
 2059	1	6	        0	 0.01	#_615       
 2060	1	6	        0	 0.01	#_616       
 2061	1	6	        0	 0.01	#_617       
 2062	1	6	        0	 0.01	#_618       
 2063	1	6	        0	 0.01	#_619       
 2064	1	6	        0	 0.01	#_620       
 2065	1	6	        0	 0.01	#_621       
 2066	1	6	        0	 0.01	#_622       
 2067	1	6	        0	 0.01	#_623       
 2068	1	6	        0	 0.01	#_624       
 2069	1	6	        0	 0.01	#_625       
 2070	1	6	        0	 0.01	#_626       
 2071	1	6	        0	 0.01	#_627       
 2072	1	6	        0	 0.01	#_628       
 2073	1	6	        0	 0.01	#_629       
 2074	1	6	        0	 0.01	#_630       
 -999	1	7	        0	 0.01	#_631       
 1950	1	7	        0	 0.01	#_632       
 1951	1	7	        0	 0.01	#_633       
 1952	1	7	        0	 0.01	#_634       
 1953	1	7	        0	 0.01	#_635       
 1954	1	7	        0	 0.01	#_636       
 1955	1	7	        0	 0.01	#_637       
 1956	1	7	        0	 0.01	#_638       
 1957	1	7	        0	 0.01	#_639       
 1958	1	7	        0	 0.01	#_640       
 1959	1	7	        0	 0.01	#_641       
 1960	1	7	        0	 0.01	#_642       
 1961	1	7	        0	 0.01	#_643       
 1962	1	7	        0	 0.01	#_644       
 1963	1	7	        0	 0.01	#_645       
 1964	1	7	        0	 0.01	#_646       
 1965	1	7	        0	 0.01	#_647       
 1966	1	7	        0	 0.01	#_648       
 1967	1	7	        0	 0.01	#_649       
 1968	1	7	        0	 0.01	#_650       
 1969	1	7	        0	 0.01	#_651       
 1970	1	7	        0	 0.01	#_652       
 1971	1	7	        0	 0.01	#_653       
 1972	1	7	        0	 0.01	#_654       
 1973	1	7	        0	 0.01	#_655       
 1974	1	7	        0	 0.01	#_656       
 1975	1	7	        0	 0.01	#_657       
 1976	1	7	        0	 0.01	#_658       
 1977	1	7	        0	 0.01	#_659       
 1978	1	7	        0	 0.01	#_660       
 1979	1	7	        0	 0.01	#_661       
 1980	1	7	        0	 0.01	#_662       
 1981	1	7	        0	 0.01	#_663       
 1982	1	7	        0	 0.01	#_664       
 1983	1	7	        0	 0.01	#_665       
 1984	1	7	        0	 0.01	#_666       
 1985	1	7	        0	 0.01	#_667       
 1986	1	7	        0	 0.01	#_668       
 1987	1	7	        0	 0.01	#_669       
 1988	1	7	        0	 0.01	#_670       
 1989	1	7	        0	 0.01	#_671       
 1990	1	7	        0	 0.01	#_672       
 1991	1	7	        0	 0.01	#_673       
 1992	1	7	        0	 0.01	#_674       
 1993	1	7	        0	 0.01	#_675       
 1994	1	7	        0	 0.01	#_676       
 1995	1	7	        0	 0.01	#_677       
 1996	1	7	        0	 0.01	#_678       
 1997	1	7	        0	 0.01	#_679       
 1998	1	7	        0	 0.01	#_680       
 1999	1	7	        0	 0.01	#_681       
 2000	1	7	        0	 0.01	#_682       
 2001	1	7	        0	 0.01	#_683       
 2002	1	7	        0	 0.01	#_684       
 2003	1	7	        0	 0.01	#_685       
 2004	1	7	        0	 0.01	#_686       
 2005	1	7	        0	 0.01	#_687       
 2006	1	7	  0.66124	0.005	#_688       
 2007	1	7	 0.474575	0.005	#_689       
 2008	1	7	  1.17142	0.005	#_690       
 2009	1	7	 0.957871	0.005	#_691       
 2010	1	7	 0.832263	0.005	#_692       
 2011	1	7	  1.60012	0.005	#_693       
 2012	1	7	   2.2844	0.005	#_694       
 2013	1	7	  1.61598	0.005	#_695       
 2014	1	7	  1.69631	0.005	#_696       
 2015	1	7	 0.773218	0.005	#_697       
 2016	1	7	  1.10579	0.005	#_698       
 2017	1	7	  1.37924	0.005	#_699       
 2018	1	7	 0.622658	0.005	#_700       
 2019	1	7	 0.837837	0.005	#_701       
 2020	1	7	 0.847172	0.005	#_702       
 2021	1	7	 0.280757	0.005	#_703       
 2022	1	7	 0.553805	0.005	#_704       
 2023	1	7	 0.341104	0.005	#_705       
 2024	1	7	 0.184529	0.005	#_706       
 2025	1	7	  2.99848	0.005	#_707       
 2026	1	7	  2.85539	0.005	#_708       
 2027	1	7	  2.79252	0.005	#_709       
 2028	1	7	  2.73085	0.005	#_710       
 2029	1	7	  2.69926	0.005	#_711       
 2030	1	7	  2.55361	0.005	#_712       
 2031	1	7	  2.39402	0.005	#_713       
 2032	1	7	  2.27176	0.005	#_714       
 2033	1	7	  2.21505	0.005	#_715       
 2034	1	7	  2.19615	0.005	#_716       
 2035	1	7	   2.0981	0.005	#_717       
 2036	1	7	  2.08749	0.005	#_718       
 2037	1	7	  2.12698	0.005	#_719       
 2038	1	7	  2.12211	0.005	#_720       
 2039	1	7	   2.0737	0.005	#_721       
 2040	1	7	   2.0343	0.005	#_722       
 2041	1	7	  2.06106	0.005	#_723       
 2042	1	7	  1.99049	0.005	#_724       
 2043	1	7	   1.9499	0.005	#_725       
 2044	1	7	  1.91354	0.005	#_726       
 2045	1	7	  1.97362	0.005	#_727       
 2046	1	7	  1.96828	0.005	#_728       
 2047	1	7	  1.92961	0.005	#_729       
 2048	1	7	  1.90935	0.005	#_730       
 2049	1	7	  1.97737	0.005	#_731       
 2050	1	7	  1.99518	0.005	#_732       
 2051	1	7	  2.07432	0.005	#_733       
 2052	1	7	  2.06116	0.005	#_734       
 2053	1	7	  2.08395	0.005	#_735       
 2054	1	7	    2.114	0.005	#_736       
 2055	1	7	  2.12134	0.005	#_737       
 2056	1	7	  2.09475	0.005	#_738       
 2057	1	7	  2.07262	0.005	#_739       
 2058	1	7	   2.0702	0.005	#_740       
 2059	1	7	  1.96671	0.005	#_741       
 2060	1	7	  1.91843	0.005	#_742       
 2061	1	7	  1.87539	0.005	#_743       
 2062	1	7	  1.78458	0.005	#_744       
 2063	1	7	  1.72825	0.005	#_745       
 2064	1	7	  1.64819	0.005	#_746       
 2065	1	7	  1.61001	0.005	#_747       
 2066	1	7	  1.58048	0.005	#_748       
 2067	1	7	  1.57799	0.005	#_749       
 2068	1	7	  1.62839	0.005	#_750       
 2069	1	7	  1.68025	0.005	#_751       
 2070	1	7	  1.68646	0.005	#_752       
 2071	1	7	  1.81507	0.005	#_753       
 2072	1	7	  1.80701	0.005	#_754       
 2073	1	7	  1.89586	0.005	#_755       
 2074	1	7	  1.94842	0.005	#_756       
 -999	1	8	        0	 0.01	#_757       
 1950	1	8	        0	 0.01	#_758       
 1951	1	8	        0	 0.01	#_759       
 1952	1	8	        0	 0.01	#_760       
 1953	1	8	        0	 0.01	#_761       
 1954	1	8	        0	 0.01	#_762       
 1955	1	8	        0	 0.01	#_763       
 1956	1	8	        0	 0.01	#_764       
 1957	1	8	        0	 0.01	#_765       
 1958	1	8	        0	 0.01	#_766       
 1959	1	8	        0	 0.01	#_767       
 1960	1	8	        0	 0.01	#_768       
 1961	1	8	        0	 0.01	#_769       
 1962	1	8	        0	 0.01	#_770       
 1963	1	8	        0	 0.01	#_771       
 1964	1	8	        0	 0.01	#_772       
 1965	1	8	        0	 0.01	#_773       
 1966	1	8	        0	 0.01	#_774       
 1967	1	8	        0	 0.01	#_775       
 1968	1	8	        0	 0.01	#_776       
 1969	1	8	        0	 0.01	#_777       
 1970	1	8	        0	 0.01	#_778       
 1971	1	8	        0	 0.01	#_779       
 1972	1	8	        0	 0.01	#_780       
 1973	1	8	        0	 0.01	#_781       
 1974	1	8	        0	 0.01	#_782       
 1975	1	8	        0	 0.01	#_783       
 1976	1	8	        0	 0.01	#_784       
 1977	1	8	        0	 0.01	#_785       
 1978	1	8	        0	 0.01	#_786       
 1979	1	8	        0	 0.01	#_787       
 1980	1	8	        0	 0.01	#_788       
 1981	1	8	        0	 0.01	#_789       
 1982	1	8	        0	 0.01	#_790       
 1983	1	8	        0	 0.01	#_791       
 1984	1	8	        0	 0.01	#_792       
 1985	1	8	        0	 0.01	#_793       
 1986	1	8	        0	 0.01	#_794       
 1987	1	8	        0	 0.01	#_795       
 1988	1	8	        0	 0.01	#_796       
 1989	1	8	        0	 0.01	#_797       
 1990	1	8	        0	 0.01	#_798       
 1991	1	8	        0	 0.01	#_799       
 1992	1	8	        0	 0.01	#_800       
 1993	1	8	        0	 0.01	#_801       
 1994	1	8	        0	 0.01	#_802       
 1995	1	8	        0	 0.01	#_803       
 1996	1	8	        0	 0.01	#_804       
 1997	1	8	        0	 0.01	#_805       
 1998	1	8	        0	 0.01	#_806       
 1999	1	8	        0	 0.01	#_807       
 2000	1	8	        0	 0.01	#_808       
 2001	1	8	        0	 0.01	#_809       
 2002	1	8	        0	 0.01	#_810       
 2003	1	8	        0	 0.01	#_811       
 2004	1	8	        0	 0.01	#_812       
 2005	1	8	        0	 0.01	#_813       
 2006	1	8	 0.740298	0.005	#_814       
 2007	1	8	 0.415183	0.005	#_815       
 2008	1	8	 0.690788	0.005	#_816       
 2009	1	8	 0.495694	0.005	#_817       
 2010	1	8	 0.848691	0.005	#_818       
 2011	1	8	 0.668558	0.005	#_819       
 2012	1	8	  1.03868	0.005	#_820       
 2013	1	8	 0.677156	0.005	#_821       
 2014	1	8	 0.224951	0.005	#_822       
 2015	1	8	 0.226653	0.005	#_823       
 2016	1	8	 0.311188	0.005	#_824       
 2017	1	8	 0.182194	0.005	#_825       
 2018	1	8	 0.235618	0.005	#_826       
 2019	1	8	 0.355212	0.005	#_827       
 2020	1	8	 0.333511	0.005	#_828       
 2021	1	8	0.0388598	0.005	#_829       
 2022	1	8	0.0321916	0.005	#_830       
 2023	1	8	0.0760579	0.005	#_831       
 2024	1	8	0.0480042	0.005	#_832       
 2025	1	8	  2.99077	0.005	#_833       
 2026	1	8	  2.84392	0.005	#_834       
 2027	1	8	  2.78273	0.005	#_835       
 2028	1	8	   2.7147	0.005	#_836       
 2029	1	8	  2.71209	0.005	#_837       
 2030	1	8	  2.54519	0.005	#_838       
 2031	1	8	  2.36688	0.005	#_839       
 2032	1	8	  2.28933	0.005	#_840       
 2033	1	8	  2.22638	0.005	#_841       
 2034	1	8	  2.20359	0.005	#_842       
 2035	1	8	  2.10433	0.005	#_843       
 2036	1	8	  2.06529	0.005	#_844       
 2037	1	8	  2.13097	0.005	#_845       
 2038	1	8	  2.10784	0.005	#_846       
 2039	1	8	  2.06276	0.005	#_847       
 2040	1	8	  2.04927	0.005	#_848       
 2041	1	8	  2.06338	0.005	#_849       
 2042	1	8	  1.98739	0.005	#_850       
 2043	1	8	   1.9457	0.005	#_851       
 2044	1	8	  1.90086	0.005	#_852       
 2045	1	8	  1.98003	0.005	#_853       
 2046	1	8	  1.96077	0.005	#_854       
 2047	1	8	  1.95152	0.005	#_855       
 2048	1	8	  1.93261	0.005	#_856       
 2049	1	8	  1.94694	0.005	#_857       
 2050	1	8	  2.01964	0.005	#_858       
 2051	1	8	  2.06085	0.005	#_859       
 2052	1	8	  2.04899	0.005	#_860       
 2053	1	8	  2.07153	0.005	#_861       
 2054	1	8	  2.10709	0.005	#_862       
 2055	1	8	  2.11768	0.005	#_863       
 2056	1	8	  2.08714	0.005	#_864       
 2057	1	8	    2.068	0.005	#_865       
 2058	1	8	   2.0478	0.005	#_866       
 2059	1	8	  1.96319	0.005	#_867       
 2060	1	8	  1.89617	0.005	#_868       
 2061	1	8	  1.87648	0.005	#_869       
 2062	1	8	  1.77733	0.005	#_870       
 2063	1	8	  1.73553	0.005	#_871       
 2064	1	8	  1.66827	0.005	#_872       
 2065	1	8	   1.6093	0.005	#_873       
 2066	1	8	  1.56598	0.005	#_874       
 2067	1	8	  1.58893	0.005	#_875       
 2068	1	8	   1.6068	0.005	#_876       
 2069	1	8	   1.6873	0.005	#_877       
 2070	1	8	  1.69458	0.005	#_878       
 2071	1	8	  1.79018	0.005	#_879       
 2072	1	8	   1.8086	0.005	#_880       
 2073	1	8	  1.89028	0.005	#_881       
 2074	1	8	  1.95558	0.005	#_882       
-9999	0	0	        0	    0	#_terminator
#_CPUE_and_surveyabundance_observations
#_Units:  0=numbers; 1=biomass; 2=F; >=30 for special types
#_Errtype:  -1=normal; 0=lognormal; >0=T
#_SD_Report: 0=no sdreport; 1=enable sdreport
#_fleet	units	errtype	SD_report
1	 1	0	1	#_Observer_inshore_u10        
2	 1	0	0	#_Pot_fisheries_historical    
3	 1	0	1	#_Pot_fisheries_u10           
4	 1	0	1	#_Pot_fisheries_10to12        
5	 1	0	1	#_Pot_fisheries_o12           
6	 1	0	0	#_Bycatch_fisheries_historical
7	 1	0	0	#_Bycatch_fisheries_gillnet   
8	 1	0	1	#_Bycatch_fisheries_trawl     
9	33	0	1	#_Observer_prerecruit_u10     
#
#_CPUE_data
#_year	month	index	obs	se_log
 2019	 9	1	 0.0034898	 0.1544	#_1         
 2020	11	1	0.00330155	 0.1851	#_2         
 2021	 9	1	0.00255971	 0.1524	#_3         
 2022	 9	1	0.00351104	 0.1481	#_4         
 2023	 9	1	0.00269975	 0.1466	#_5         
 2024	 9	1	0.00487111	 0.1485	#_6         
 2025	 7	1	0.00440282	0.15585	#_7         
 2026	 7	1	0.00340838	0.15585	#_8         
 2027	 7	1	  0.003098	0.15585	#_9         
 2028	 7	1	0.00292043	0.15585	#_10        
 2029	 7	1	 0.0038923	0.15585	#_11        
 2030	 7	1	0.00304444	0.15585	#_12        
 2031	 7	1	0.00245832	0.15585	#_13        
 2032	 7	1	0.00181588	0.15585	#_14        
 2033	 7	1	0.00292882	0.15585	#_15        
 2034	 7	1	0.00268205	0.15585	#_16        
 2035	 7	1	0.00140561	0.15585	#_17        
 2036	 7	1	0.00277891	0.15585	#_18        
 2037	 7	1	0.00226816	0.15585	#_19        
 2038	 7	1	0.00299544	0.15585	#_20        
 2039	 7	1	0.00229276	0.15585	#_21        
 2040	 7	1	0.00169053	0.15585	#_22        
 2041	 7	1	0.00181236	0.15585	#_23        
 2042	 7	1	0.00173219	0.15585	#_24        
 2043	 7	1	0.00186285	0.15585	#_25        
 2044	 7	1	 0.0020238	0.15585	#_26        
 2045	 7	1	0.00324788	0.15585	#_27        
 2046	 7	1	0.00180838	0.15585	#_28        
 2047	 7	1	0.00204536	0.15585	#_29        
 2048	 7	1	0.00193507	0.15585	#_30        
 2049	 7	1	0.00220716	0.15585	#_31        
 2050	 7	1	0.00221624	0.15585	#_32        
 2051	 7	1	0.00337609	0.15585	#_33        
 2052	 7	1	0.00201152	0.15585	#_34        
 2053	 7	1	0.00268197	0.15585	#_35        
 2054	 7	1	0.00241567	0.15585	#_36        
 2055	 7	1	0.00239121	0.15585	#_37        
 2056	 7	1	 0.0021965	0.15585	#_38        
 2057	 7	1	0.00262411	0.15585	#_39        
 2058	 7	1	0.00181715	0.15585	#_40        
 2059	 7	1	0.00161146	0.15585	#_41        
 2060	 7	1	0.00235988	0.15585	#_42        
 2061	 7	1	0.00134203	0.15585	#_43        
 2062	 7	1	0.00141661	0.15585	#_44        
 2063	 7	1	0.00126817	0.15585	#_45        
 2064	 7	1	0.00139186	0.15585	#_46        
 2065	 7	1	0.00130932	0.15585	#_47        
 2066	 7	1	0.00163147	0.15585	#_48        
 2067	 7	1	0.00151212	0.15585	#_49        
 2068	 7	1	0.00139778	0.15585	#_50        
 2069	 7	1	0.00268034	0.15585	#_51        
 2070	 7	1	 0.0018929	0.15585	#_52        
 2071	 7	1	0.00208804	0.15585	#_53        
 2072	 7	1	0.00165009	0.15585	#_54        
 2073	 7	1	0.00183869	0.15585	#_55        
 2074	 7	1	0.00270194	0.15585	#_56        
 2006	 7	3	 0.0652264	 0.0956	#_57        
 2007	 7	3	 0.0390465	 0.0939	#_58        
 2008	 7	3	 0.0174075	 0.0933	#_59        
 2009	 7	3	 0.0347693	 0.0903	#_60        
 2010	 7	3	 0.0713808	 0.0901	#_61        
 2011	 7	3	 0.0703241	 0.0901	#_62        
 2012	 7	3	  0.165833	 0.0901	#_63        
 2013	 7	3	  0.136055	 0.0906	#_64        
 2014	 7	3	  0.115227	   0.09	#_65        
 2015	 7	3	   0.11036	 0.0899	#_66        
 2016	 7	3	  0.131001	 0.0897	#_67        
 2017	 7	3	  0.206328	 0.0897	#_68        
 2018	 7	3	  0.212677	 0.0897	#_69        
 2019	 7	3	  0.139868	 0.0896	#_70        
 2020	 7	3	  0.145426	   0.09	#_71        
 2021	 7	3	  0.169333	   0.09	#_72        
 2022	 7	3	  0.135721	 0.0903	#_73        
 2023	 7	3	  0.161168	 0.0908	#_74        
 2024	 7	3	  0.133761	 0.0909	#_75        
 2006	 7	4	 0.0163009	 0.3566	#_76        
 2007	 7	4	  0.013554	 0.3552	#_77        
 2008	 7	4	0.00441492	 0.3546	#_78        
 2009	 7	4	 0.0177136	 0.3517	#_79        
 2010	 7	4	 0.0275738	 0.3511	#_80        
 2011	 7	4	 0.0357866	 0.3513	#_81        
 2012	 7	4	 0.0961869	  0.351	#_82        
 2013	 7	4	  0.046807	 0.3509	#_83        
 2014	 7	4	 0.0271441	 0.3512	#_84        
 2015	 7	4	  0.044214	 0.3514	#_85        
 2016	 7	4	 0.0747089	 0.3516	#_86        
 2017	 7	4	 0.0691532	 0.3517	#_87        
 2018	 7	4	 0.0848731	 0.3518	#_88        
 2019	 7	4	 0.0706685	 0.3512	#_89        
 2020	 7	4	 0.0536836	 0.3518	#_90        
 2021	 7	4	 0.0706113	 0.3519	#_91        
 2022	 7	4	 0.0604991	 0.3517	#_92        
 2023	 7	4	 0.0506509	  0.352	#_93        
 2024	 7	4	 0.0453283	 0.3528	#_94        
 2006	 7	5	  0.017388	  0.391	#_95        
 2007	 7	5	  0.012425	   0.38	#_96        
 2008	 7	5	0.00770186	  0.396	#_97        
 2009	 7	5	 0.0037796	  0.404	#_98        
 2010	 7	5	 0.0138744	  0.368	#_99        
 2011	 7	5	 0.0749825	  0.366	#_100       
 2012	 7	5	  0.080452	   0.36	#_101       
 2013	 7	5	 0.0484499	  0.368	#_102       
 2014	 7	5	 0.0195071	  0.369	#_103       
 2015	 7	5	 0.0441082	  0.363	#_104       
 2016	 7	5	 0.0867822	  0.358	#_105       
 2017	 7	5	 0.0954496	  0.359	#_106       
 2018	 7	5	   0.02561	  0.362	#_107       
 2019	 7	5	  0.149931	  0.382	#_108       
 2020	 7	5	 0.0673386	  0.373	#_109       
 2021	 7	5	 0.0746793	  0.399	#_110       
 2022	 7	5	 0.0323673	  0.389	#_111       
 2023	 7	5	 0.0646786	  0.382	#_112       
 2024	 7	5	  0.084223	  0.424	#_113       
 2006	 7	8	 0.0526789	 0.1827	#_114       
 2007	 7	8	 0.0353086	 0.1767	#_115       
 2008	 7	8	 0.0426539	 0.1817	#_116       
 2009	 7	8	 0.0325057	 0.1813	#_117       
 2010	 7	8	 0.0472913	 0.1848	#_118       
 2011	 7	8	 0.0345151	 0.1762	#_119       
 2012	 7	8	 0.0251665	 0.1733	#_120       
 2013	 7	8	 0.0424877	  0.183	#_121       
 2014	 7	8	 0.0325434	 0.2167	#_122       
 2015	 7	8	 0.0258956	 0.1839	#_123       
 2016	 7	8	 0.0402326	 0.1854	#_124       
 2017	 7	8	 0.0458559	 0.1959	#_125       
 2018	 7	8	 0.0731146	 0.2778	#_126       
 2019	 7	8	 0.0491702	 0.2869	#_127       
 2020	 7	8	 0.0566302	 0.2339	#_128       
 2021	 7	8	 0.0509963	 0.2669	#_129       
 2022	 7	8	 0.0475466	 0.4254	#_130       
 2023	 7	8	   0.11224	  0.321	#_131       
 2024	 7	8	 0.0588486	 0.2779	#_132       
 2015	 9	9	  0.912466	 0.3849	#_133       
 2016	11	9	  0.874442	 0.3602	#_134       
 2017	 9	9	   2.19579	 0.2319	#_135       
 2018	 9	9	   1.36817	 0.2212	#_136       
 2019	 9	9	  0.793113	 0.2318	#_137       
 2020	 9	9	   1.64949	  0.216	#_138       
-9999	 0	0	         0	      0	#_terminator
5 #_N_discard_fleets
#_discard_units (1=same_as_catchunits(bio/num); 2=fraction; 3=numbers)
#_discard_errtype:  >0 for DF of T-dist(read CV below); 0 for normal with CV; -1 for normal with se; -2 for lognormal
#
#_discard_fleet_info
#_fleet	units	errtype
1	2	-1	#_Observer_inshore_u10    
2	2	-1	#_Pot_fisheries_historical
3	2	-1	#_Pot_fisheries_u10       
4	2	-1	#_Pot_fisheries_10to12    
5	2	-1	#_Pot_fisheries_o12       
#
#_discard_data
#_year	month	fleet	obs	stderr
 2019	 9	1	   0.001	   0.248	#_1         
 2020	11	1	   0.001	    0.23	#_2         
 2021	 9	1	   0.001	   0.214	#_3         
 2022	 9	1	   0.001	   0.237	#_4         
 2023	 9	1	   0.001	   0.221	#_5         
 2024	 9	1	   0.001	   0.228	#_6         
 2025	 7	1	   0.001	0.229667	#_7         
 2026	 7	1	   0.001	0.229667	#_8         
 2027	 7	1	   0.001	0.229667	#_9         
 2028	 7	1	   0.001	0.229667	#_10        
 2029	 7	1	   0.001	0.229667	#_11        
 2030	 7	1	   0.001	0.229667	#_12        
 2031	 7	1	   0.001	0.229667	#_13        
 2032	 7	1	   0.001	0.229667	#_14        
 2033	 7	1	   0.001	0.229667	#_15        
 2034	 7	1	   0.001	0.229667	#_16        
 2035	 7	1	   0.001	0.229667	#_17        
 2036	 7	1	   0.001	0.229667	#_18        
 2037	 7	1	   0.001	0.229667	#_19        
 2038	 7	1	   0.001	0.229667	#_20        
 2039	 7	1	   0.001	0.229667	#_21        
 2040	 7	1	   0.001	0.229667	#_22        
 2041	 7	1	   0.001	0.229667	#_23        
 2042	 7	1	   0.001	0.229667	#_24        
 2043	 7	1	   0.001	0.229667	#_25        
 2044	 7	1	   0.001	0.229667	#_26        
 2045	 7	1	   0.001	0.229667	#_27        
 2046	 7	1	   0.001	0.229667	#_28        
 2047	 7	1	   0.001	0.229667	#_29        
 2048	 7	1	   0.001	0.229667	#_30        
 2049	 7	1	   0.001	0.229667	#_31        
 2050	 7	1	   0.001	0.229667	#_32        
 2051	 7	1	   0.001	0.229667	#_33        
 2052	 7	1	   0.001	0.229667	#_34        
 2053	 7	1	   0.001	0.229667	#_35        
 2054	 7	1	   0.001	0.229667	#_36        
 2055	 7	1	   0.001	0.229667	#_37        
 2056	 7	1	   0.001	0.229667	#_38        
 2057	 7	1	   0.001	0.229667	#_39        
 2058	 7	1	   0.001	0.229667	#_40        
 2059	 7	1	   0.001	0.229667	#_41        
 2060	 7	1	   0.001	0.229667	#_42        
 2061	 7	1	   0.001	0.229667	#_43        
 2062	 7	1	   0.001	0.229667	#_44        
 2063	 7	1	   0.001	0.229667	#_45        
 2064	 7	1	   0.001	0.229667	#_46        
 2065	 7	1	   0.001	0.229667	#_47        
 2066	 7	1	   0.001	0.229667	#_48        
 2067	 7	1	   0.001	0.229667	#_49        
 2068	 7	1	   0.001	0.229667	#_50        
 2069	 7	1	   0.001	0.229667	#_51        
 2070	 7	1	   0.001	0.229667	#_52        
 2071	 7	1	   0.001	0.229667	#_53        
 2072	 7	1	   0.001	0.229667	#_54        
 2073	 7	1	   0.001	0.229667	#_55        
 2074	 7	1	   0.001	0.229667	#_56        
 1983	 7	2	  0.6021	    0.23	#_57        
 1984	 7	2	0.376378	    0.23	#_58        
 1985	 7	2	0.281728	    0.23	#_59        
 1986	 7	2	0.459011	    0.23	#_60        
 1987	 7	2	  0.2065	    0.23	#_61        
 1988	 7	2	0.457465	    0.23	#_62        
 1989	 7	2	0.542547	    0.23	#_63        
 1990	 7	2	0.617367	    0.23	#_64        
 1991	 7	2	0.788212	    0.23	#_65        
 1992	 7	2	0.693056	    0.23	#_66        
 1993	 7	2	0.229648	    0.23	#_67        
 1994	 7	2	0.480436	    0.23	#_68        
 1995	 7	2	0.449113	    0.23	#_69        
 1996	 7	2	0.615043	    0.23	#_70        
 1997	 7	2	0.562599	    0.23	#_71        
 1998	 7	2	0.340985	    0.23	#_72        
 1999	 7	2	0.387145	    0.23	#_73        
 2000	 7	2	0.734531	    0.23	#_74        
 2001	 7	2	  0.2065	    0.23	#_75        
 2002	 7	2	0.212879	    0.23	#_76        
 2003	 7	2	0.388254	    0.23	#_77        
 2004	 7	2	 0.30811	    0.23	#_78        
 2005	 7	2	 0.27475	    0.23	#_79        
 2006	 7	3	0.323298	    0.23	#_80        
 2007	 7	3	  0.2065	    0.23	#_81        
 2008	 7	3	0.658244	    0.23	#_82        
 2009	 7	3	0.681851	    0.23	#_83        
 2010	 7	3	0.229548	    0.23	#_84        
 2011	 7	3	0.575259	    0.23	#_85        
 2012	 7	3	0.320629	    0.23	#_86        
 2013	 7	3	  0.2065	    0.23	#_87        
 2014	 7	3	0.331957	    0.23	#_88        
 2015	 7	3	0.368168	    0.23	#_89        
 2016	 7	3	0.675057	    0.23	#_90        
 2017	 7	3	0.854746	    0.23	#_91        
 2018	 7	3	0.417492	    0.23	#_92        
 2019	 7	3	0.210168	   0.248	#_93        
 2020	 7	3	  0.2065	    0.23	#_94        
-9999	 0	0	       0	       0	#_terminator
#
#_meanbodywt
0 #_use_meanbodywt
 #_DF_for_meanbodywt_T-distribution_like
#
#_population_length_bins
2 # length bin method: 1=use databins; 2=generate from binwidth,min,max below; 3=read vector
0.2 # binwidth for population size comp
1 # minimum size in the population (lower edge of first bin and size at age 0.00)
23 # maximum size in the population (lower edge of last bin)
1 #_use_lencomp
#
#_len_info
#_mintailcomp	addtocomp	combine_M_F	CompressBins	CompError	ParmSelect	minsamplesize
-1	1e-04	0	0	0	0	0.01	#_Observer_inshore_u10        
-1	1e-04	0	0	0	0	0.01	#_Pot_fisheries_historical    
-1	1e-04	0	0	0	0	0.01	#_Pot_fisheries_u10           
-1	1e-04	0	0	0	0	0.01	#_Pot_fisheries_10to12        
-1	1e-04	0	0	0	0	0.01	#_Pot_fisheries_o12           
-1	1e-04	0	0	0	0	0.01	#_Bycatch_fisheries_historical
-1	1e-04	0	0	0	0	0.01	#_Bycatch_fisheries_gillnet   
-1	1e-04	0	0	0	0	0.01	#_Bycatch_fisheries_trawl     
-1	1e-04	0	0	0	0	0.01	#_Observer_prerecruit_u10     
95 #_N_lbins
#_lbin_vector
1 1.2 1.4 1.6 1.8 2 2.2 2.4 2.6 2.8 3 3.2 3.4 3.6 3.8 4 4.2 4.4 4.6 4.8 5 5.2 5.4 5.6 5.8 6 6.2 6.4 6.6 6.8 7 7.2 7.4 7.6 7.8 8 8.2 8.4 8.6 8.8 9 9.2 9.4 9.6 9.8 10 10.2 10.4 10.6 10.8 11 11.2 11.4 11.6 11.8 12 12.2 12.4 12.6 12.8 13 13.2 13.4 13.6 13.8 14 14.2 14.4 14.6 14.8 15 15.2 15.4 15.6 15.8 16 16.2 16.4 16.6 16.8 17 17.2 17.4 17.6 17.8 18 18.2 18.4 18.6 18.8 19 19.2 19.4 19.6 19.8 #_lbin_vector
#
#_lencomp
#_year	month	fleet	sex	part	Nsamp	f1	f1.2	f1.4	f1.6	f1.8	f2	f2.2	f2.4	f2.6	f2.8	f3	f3.2	f3.4	f3.6	f3.8	f4	f4.2	f4.4	f4.6	f4.8	f5	f5.2	f5.4	f5.6	f5.8	f6	f6.2	f6.4	f6.6	f6.8	f7	f7.2	f7.4	f7.6	f7.8	f8	f8.2	f8.4	f8.6	f8.8	f9	f9.2	f9.4	f9.6	f9.8	f10	f10.2	f10.4	f10.6	f10.8	f11	f11.2	f11.4	f11.6	f11.8	f12	f12.2	f12.4	f12.6	f12.8	f13	f13.2	f13.4	f13.6	f13.8	f14	f14.2	f14.4	f14.6	f14.8	f15	f15.2	f15.4	f15.6	f15.8	f16	f16.2	f16.4	f16.6	f16.8	f17	f17.2	f17.4	f17.6	f17.8	f18	f18.2	f18.4	f18.6	f18.8	f19	f19.2	f19.4	f19.6	f19.8	m1	m1.2	m1.4	m1.6	m1.8	m2	m2.2	m2.4	m2.6	m2.8	m3	m3.2	m3.4	m3.6	m3.8	m4	m4.2	m4.4	m4.6	m4.8	m5	m5.2	m5.4	m5.6	m5.8	m6	m6.2	m6.4	m6.6	m6.8	m7	m7.2	m7.4	m7.6	m7.8	m8	m8.2	m8.4	m8.6	m8.8	m9	m9.2	m9.4	m9.6	m9.8	m10	m10.2	m10.4	m10.6	m10.8	m11	m11.2	m11.4	m11.6	m11.8	m12	m12.2	m12.4	m12.6	m12.8	m13	m13.2	m13.4	m13.6	m13.8	m14	m14.2	m14.4	m14.6	m14.8	m15	m15.2	m15.4	m15.6	m15.8	m16	m16.2	m16.4	m16.6	m16.8	m17	m17.2	m17.4	m17.6	m17.8	m18	m18.2	m18.4	m18.6	m18.8	m19	m19.2	m19.4	m19.6	m19.8
 2019	 9	1	3	0	 563	1	0	0	0	0	0	0	0	0	0	1	0	0	0	0	0	0	0	0	0	0	0	0	0	0	0	1	0	1	 3	 5	 6	 6	 8	 7	 8	12	 13	 14	 15	 18	 14	 11	  9	 19	 11	 13	  8	  5	  6	  4	  4	  2	 5	 2	 1	 0	 2	 1	 1	 0	 0	 0	 0	 0	 0	 0	 0	 0	 0	0	0	1	0	0	0	0	0	1	0	0	0	1	0	0	0	0	0	0	0	0	0	0	1	1	0	0	0	0	0	0	0	0	0	0	0	1	1	0	0	0	0	0	0	0	1	0	0	0	0	0	0	3	5	 3	 2	 2	 5	12	 6	12	10	 18	 14	 21	 20	 11	 16	 13	 20	 18	 15	 15	  5	 12	 9	 8	 6	10	 4	 6	 1	 2	 2	 4	 0	 0	 2	 2	 2	 1	 0	 0	0	 1	0	0	0	0	0	0	0	0	0	0	0	0	0	0	0	0	0	0	0	0	0	0	0	0	0	#_1         
 2020	11	1	3	0	 563	0	0	0	0	0	0	0	0	0	0	0	0	0	0	0	0	0	0	0	1	1	0	0	0	0	0	3	2	0	 0	 7	 6	 3	 8	12	 4	 7	  6	 20	 11	 15	 15	 15	 18	 15	 10	 10	  6	 12	  6	  5	  6	  4	 1	 4	 1	 1	 2	 1	 0	 0	 0	 1	 1	 0	 0	 0	 0	 0	 0	0	0	0	0	0	0	0	0	0	0	0	0	0	0	0	0	0	0	0	0	0	0	0	0	0	0	0	0	0	0	0	0	0	0	0	0	0	0	0	0	0	0	0	0	0	0	1	0	0	0	0	0	2	4	 3	 4	 3	 7	 7	15	13	12	 20	 12	 18	 21	 15	 14	 15	 13	 14	 13	 12	  9	 14	17	 7	 7	 3	 8	 5	 5	 1	 1	 0	 3	 0	 1	 1	 0	 0	 1	 0	2	 0	0	0	0	0	0	0	0	0	0	0	0	0	0	0	0	0	0	0	0	0	0	0	0	0	0	#_2         
 2021	 9	1	3	0	 563	0	0	0	0	0	0	0	0	0	1	1	0	0	1	0	0	0	0	0	0	0	0	0	0	0	1	2	4	1	 1	 1	 0	 2	 8	 6	10	 7	 13	  9	 22	 11	 12	 23	 16	 12	 17	 10	 13	  9	  7	  8	 10	  3	 2	 0	 0	 1	 2	 0	 0	 0	 0	 0	 0	 0	 1	 0	 0	 0	 0	0	0	0	0	0	0	0	0	0	0	0	0	0	0	1	0	0	0	0	0	0	0	0	0	0	0	0	0	0	0	0	0	0	0	0	0	1	0	0	1	0	0	0	0	0	0	1	0	1	1	0	2	1	2	 6	 1	 2	 5	 8	 7	 7	13	 13	 20	 12	 15	 25	 17	 17	 13	 13	  6	 16	 19	 15	11	10	 3	 1	 4	 7	 6	 3	 1	 1	 0	 1	 1	 3	 0	 0	 0	 0	0	 0	1	1	0	0	0	0	0	0	0	0	0	1	0	0	0	0	0	0	0	0	0	0	0	0	0	#_3         
 2022	 9	1	3	0	 563	0	0	0	0	0	0	0	0	0	0	0	0	0	0	0	0	0	0	0	0	1	0	0	0	0	0	1	2	3	 8	 0	 5	 9	 7	 7	11	12	  4	 13	 13	 16	 13	 11	 13	 10	  8	  5	 13	  8	  6	  9	  4	  3	 3	 1	 1	 2	 2	 3	 0	 0	 2	 0	 0	 0	 0	 0	 0	 0	 0	0	0	0	0	0	0	0	0	0	0	0	0	0	0	0	0	0	0	1	0	0	0	1	0	0	0	0	0	1	0	0	0	0	0	0	0	0	0	0	0	0	0	0	0	0	0	0	1	0	1	1	3	0	3	 5	 3	 3	 8	 4	12	 7	12	 18	 15	 14	 18	 16	  9	 17	 18	 14	 16	 11	 16	 12	14	 9	 9	13	 4	 2	 5	 3	 2	 3	 2	 0	 2	 1	 2	 0	 0	 0	0	 0	0	0	0	0	0	1	0	0	0	0	0	0	1	0	0	1	0	0	0	0	0	0	0	0	0	#_4         
 2023	 9	1	3	0	 563	0	0	0	0	0	0	0	0	0	0	0	0	0	0	0	0	0	0	0	0	0	0	0	1	0	1	0	0	3	 7	 2	 9	 5	10	 7	 7	 8	 21	 11	 18	 22	 17	 15	 18	 20	 13	  9	 13	  5	  3	  9	  3	  2	 2	 0	 2	 0	 2	 0	 0	 0	 0	 0	 0	 0	 1	 0	 0	 0	 0	0	0	0	0	0	0	0	0	0	0	0	0	0	0	0	0	0	0	0	0	0	1	0	0	0	0	0	0	0	0	0	0	1	0	0	1	0	0	0	0	0	0	0	1	0	0	1	0	0	1	0	0	0	1	 2	 5	 5	 3	 6	10	 5	14	 14	 23	 17	 20	 17	 28	 17	 13	 15	 11	 12	  5	  7	 6	 2	 7	 6	 4	 5	 2	 3	 0	 1	 1	 2	 0	 1	 1	 0	 0	 0	0	 0	0	0	0	0	0	0	0	0	0	0	0	0	0	0	0	0	0	0	0	0	0	0	0	0	0	#_5         
 2024	 9	1	3	0	 563	0	0	0	0	0	0	0	1	0	0	0	0	1	0	0	0	0	0	0	0	0	0	0	0	1	3	1	1	0	 7	 5	 7	 5	10	 7	11	 8	 12	 16	 11	 16	 11	 17	 16	 17	 10	  5	  8	  7	  4	  5	  6	  3	 3	 3	 2	 2	 1	 0	 0	 3	 0	 0	 0	 0	 0	 0	 1	 0	 0	0	0	0	0	0	0	0	0	0	0	0	0	0	0	0	0	0	0	0	0	0	0	0	0	1	0	0	0	0	0	0	0	0	0	0	0	0	0	0	0	0	0	0	0	0	0	1	0	0	0	0	2	1	3	 1	 5	 7	 4	17	 9	 8	19	 18	 13	 19	 15	 11	 16	  7	 23	  8	 13	 14	  9	 13	12	13	 3	 5	 4	 5	 5	 3	 2	 1	 1	 2	 0	 0	 1	 0	 0	 1	0	 1	0	0	0	0	0	0	0	0	0	0	0	0	0	0	0	0	0	0	0	0	0	0	0	0	0	#_6         
 2019	 9	1	3	2	 563	1	0	0	0	0	0	0	0	0	0	0	1	0	0	0	0	0	0	0	0	0	0	0	0	0	0	0	0	0	 0	 0	 0	 0	 0	 0	 0	 0	  0	  2	 20	 21	 17	 18	 23	 20	 12	 16	 11	 10	 12	 12	  6	  3	 1	 5	 0	 1	 3	 1	 0	 0	 0	 0	 1	 0	 1	 0	 2	 0	 0	0	0	1	1	0	0	0	0	0	0	0	0	0	0	0	0	0	0	0	0	0	0	1	0	0	1	0	0	0	0	0	0	0	0	0	0	0	0	0	0	0	0	0	0	0	0	0	0	0	0	0	0	0	0	 0	 0	 0	 0	 0	 0	 0	 0	  2	  4	 24	 20	 23	 26	 26	 30	 23	 18	 15	 23	 10	18	13	11	 9	 6	 6	 4	 8	 4	 3	 4	 0	 4	 3	 0	 2	 0	 0	0	 0	0	0	0	0	0	0	0	0	0	0	0	0	0	0	0	0	0	0	0	0	0	0	0	0	0	#_7         
 2021	 9	1	3	2	 563	1	0	0	0	0	0	0	0	0	0	0	0	0	0	0	0	0	0	0	0	0	0	0	0	0	0	0	0	0	 0	 0	 0	 0	 0	 0	 0	 0	  0	  3	 23	 24	 16	 23	 19	 15	 19	 23	 11	 11	 10	  6	  4	  3	11	 8	 1	 0	 0	 0	 0	 0	 0	 0	 0	 0	 0	 0	 0	 0	 0	0	0	0	1	0	0	0	0	0	0	0	0	0	0	0	0	0	0	0	0	0	0	0	0	1	0	0	0	0	0	0	0	0	0	0	0	0	0	0	0	0	0	0	0	0	0	0	0	0	0	0	0	0	0	 0	 0	 0	 0	 0	 0	 0	 0	  1	  2	 12	 13	 26	 22	 28	 28	 27	 23	 18	 15	 15	22	16	21	 4	 3	 3	 7	 4	 5	 1	 5	 2	 2	 1	 0	 1	 0	 1	1	 1	0	0	0	0	0	0	0	0	0	0	0	0	0	0	0	0	0	0	0	0	0	0	0	0	0	#_8         
 2022	 9	1	3	2	 563	0	0	0	0	1	0	0	0	0	0	0	0	0	0	0	1	0	0	0	0	0	1	0	0	0	0	0	0	0	 0	 0	 1	 0	 0	 0	 0	 0	  1	  7	 10	 21	 18	 27	 20	 22	 15	 17	 15	 14	 12	  5	  5	  3	 3	 7	 2	 1	 1	 0	 1	 0	 0	 0	 0	 0	 0	 0	 0	 0	 1	0	0	0	0	0	0	0	0	1	0	0	0	0	1	0	0	0	0	0	0	0	0	0	0	0	0	0	0	0	0	1	0	0	0	0	0	0	0	0	0	0	0	0	0	0	0	0	0	0	0	0	0	0	0	 0	 0	 0	 0	 0	 0	 0	 1	  1	  4	 10	 25	 31	 21	 32	 25	 23	 22	 16	 17	 11	13	15	13	 7	 6	 6	 6	 6	 2	 2	 4	 2	 2	 0	 0	 2	 0	 1	0	 0	0	0	0	1	0	0	0	0	0	0	1	0	0	0	0	0	0	0	0	0	0	0	0	0	0	#_9         
 2023	 9	1	3	2	 563	0	0	0	0	0	0	1	0	0	0	0	0	0	0	0	1	1	0	0	0	0	0	0	0	0	0	0	0	0	 0	 0	 0	 0	 0	 0	 0	 0	  0	  2	 16	 25	 29	 22	 27	 24	 13	 21	 19	  6	 15	  8	  7	  6	 5	 4	 0	 5	 2	 1	 0	 0	 0	 0	 0	 0	 0	 0	 0	 0	 0	0	0	0	0	0	0	0	1	0	0	1	0	0	0	0	1	0	0	0	0	0	0	0	0	0	0	0	0	1	0	0	0	0	0	0	0	0	0	0	0	0	0	0	0	0	0	0	0	0	0	0	0	0	0	 0	 0	 0	 0	 0	 0	 0	 0	  0	  5	 14	 29	 21	 29	 19	 22	 26	 20	 18	 10	 16	 5	12	 9	 5	 7	 5	 7	 2	 6	 1	 1	 1	 3	 2	 1	 0	 0	 2	0	 0	0	0	0	0	0	0	0	0	0	0	0	0	0	1	0	0	0	0	0	0	0	0	0	0	0	#_10        
 2024	 9	1	3	2	 563	0	0	0	0	0	0	0	0	0	0	0	0	0	0	0	0	0	0	0	0	0	0	0	0	0	0	0	0	0	 0	 0	 0	 0	 0	 0	 0	 1	  2	  4	 11	 16	 31	 19	 21	 21	 18	 18	 21	 18	 17	 11	  9	  3	 2	 6	 0	 2	 1	 1	 1	 0	 0	 0	 0	 0	 1	 0	 0	 0	 0	0	0	0	0	0	0	0	0	0	1	0	0	0	0	0	0	0	0	0	1	0	0	0	0	0	0	0	0	0	0	1	0	0	0	0	0	0	0	0	0	0	0	0	0	0	0	0	0	0	0	0	0	0	0	 0	 0	 0	 0	 1	 0	 0	 0	  1	  1	  9	 36	 21	 22	 19	 21	 22	 20	 16	 16	 21	12	11	 6	 8	 7	10	 6	 1	 1	 4	 4	 1	 1	 3	 1	 0	 2	 0	0	 0	1	0	0	0	0	0	0	0	0	0	0	0	0	0	0	0	0	0	0	0	0	0	0	0	0	#_11        
 2019	 9	1	3	1	 563	1	0	0	0	0	0	0	0	0	0	0	0	0	0	0	0	0	0	0	0	1	0	0	0	2	0	4	2	4	 6	 7	 8	 8	 8	15	23	22	 20	 22	 21	  8	  9	  9	  8	  4	  6	  4	  7	  3	  1	  0	  0	  1	 1	 0	 1	 0	 0	 0	 0	 0	 0	 0	 0	 1	 0	 0	 0	 0	 0	0	0	0	0	0	0	0	0	0	0	1	0	0	0	0	1	0	0	0	0	0	0	0	0	2	0	1	0	0	0	0	0	0	0	1	0	0	0	0	0	0	0	0	0	0	0	0	0	0	1	0	2	3	4	10	12	13	14	19	26	15	21	 29	 23	 18	  9	 10	  7	 12	  7	  9	  8	  3	  5	  4	 3	 4	 5	 2	 4	 3	 0	 4	 1	 1	 1	 0	 2	 0	 1	 0	 0	 1	0	 0	0	1	0	0	0	0	0	0	1	0	1	0	1	0	0	0	0	0	0	0	0	0	0	0	0	#_12        
 2020	11	1	3	1	 563	0	0	0	0	0	0	0	1	0	0	0	0	0	0	0	0	0	0	0	0	0	0	0	0	1	1	0	4	6	 3	 8	10	 8	12	 9	18	19	 29	 19	 26	 13	 12	 14	  7	  7	  3	  4	  4	  3	  3	  1	  2	  0	 0	 0	 0	 0	 0	 0	 1	 0	 0	 0	 0	 0	 0	 0	 0	 0	 0	0	0	0	0	0	0	0	0	0	0	0	0	0	0	0	0	0	0	0	0	0	0	0	0	0	0	0	0	0	0	0	0	1	0	0	0	0	0	0	0	0	0	0	0	0	0	0	1	0	1	1	1	0	7	 4	11	 6	 9	10	20	21	31	 40	 31	 22	 11	  7	  6	  9	  6	 10	  5	  3	  4	  8	 3	 4	 3	 3	 2	 2	 3	 0	 1	 0	 2	 0	 0	 2	 0	 0	 0	 0	0	 0	1	0	0	0	0	2	0	0	0	0	0	0	0	1	0	0	0	0	0	0	0	0	0	0	0	#_13        
 2021	 9	1	3	1	 563	0	1	0	0	0	1	0	0	0	0	0	0	0	0	0	0	0	0	0	0	0	0	0	0	1	0	1	1	2	 5	 8	 8	 4	10	20	17	32	 22	 18	 13	 11	 10	 15	 11	  8	  4	  8	  4	  2	  3	  2	  2	  2	 0	 0	 2	 1	 0	 1	 0	 1	 0	 0	 0	 0	 0	 0	 0	 0	 0	0	0	1	0	0	0	0	1	0	0	0	0	0	0	0	1	0	0	0	1	1	0	0	0	0	0	0	0	0	0	0	0	0	0	0	0	0	0	0	1	0	0	0	0	0	0	0	0	0	3	2	0	3	5	 5	 7	 8	14	18	11	20	26	 38	 20	 25	  9	  9	  5	 13	 11	  2	  6	  6	  0	  4	 5	 5	 2	 1	 6	 3	 1	 2	 2	 1	 1	 0	 2	 0	 1	 0	 1	 1	1	 0	0	0	0	1	0	0	0	0	0	0	0	0	0	0	0	0	0	0	0	0	0	0	0	0	0	#_14        
 2022	 9	1	3	1	 563	0	0	0	0	0	0	0	0	0	0	0	0	0	0	0	0	0	0	0	0	0	0	0	1	0	1	2	6	7	 6	17	 8	 7	16	14	20	26	 18	 18	 11	 12	  5	  6	  5	  8	  7	  8	  5	  3	  5	  2	  3	  1	 0	 1	 0	 1	 0	 0	 0	 1	 0	 0	 0	 1	 0	 0	 0	 0	 0	0	0	0	0	0	0	0	0	0	0	0	0	0	0	0	0	0	0	0	0	0	0	0	0	0	0	0	0	0	0	0	0	0	0	0	0	0	0	0	0	0	0	0	0	0	0	0	0	1	1	4	4	5	3	 9	 9	18	16	21	13	23	19	 24	 22	 20	  9	 15	  6	  2	 13	  5	  1	  8	  7	  4	 3	 4	 2	 3	 3	 1	 3	 1	 0	 2	 1	 0	 2	 0	 1	 0	 0	 0	0	 0	0	0	0	0	1	0	0	1	0	0	0	0	0	0	0	0	0	0	0	0	0	0	1	0	0	#_15        
 2023	 9	1	3	1	 563	0	0	0	0	0	0	0	1	0	0	0	0	0	0	0	0	0	0	0	0	1	0	0	0	0	0	0	3	2	 4	 3	10	12	10	24	19	20	 27	 25	 18	  8	  5	  5	  8	  7	  3	  5	  5	  4	  4	  2	  5	  0	 3	 0	 2	 0	 0	 1	 0	 0	 0	 0	 0	 0	 0	 0	 0	 1	 0	0	0	0	0	0	0	0	0	0	0	0	0	0	0	0	0	0	0	0	0	0	0	0	0	0	0	0	0	0	0	0	0	0	0	0	0	0	0	0	0	0	0	0	0	0	0	0	0	1	0	2	0	0	6	 4	 4	13	 9	19	19	29	40	 35	 31	 15	 17	  8	  7	  6	  3	  3	  6	  2	  8	  3	 4	 5	 1	 4	 1	 4	 2	 1	 0	 0	 1	 1	 0	 0	 0	 0	 0	 0	1	 0	0	0	0	0	1	0	0	0	0	0	0	0	0	0	0	0	0	0	0	0	0	0	0	0	0	#_16        
 2024	 9	1	3	1	 563	0	0	0	0	0	0	0	0	0	0	0	0	1	0	1	0	0	0	0	0	0	0	1	1	0	0	2	5	7	10	10	 7	16	 9	15	20	23	 16	 21	 13	 10	  9	  6	  6	  7	  2	  9	  7	  3	  1	  2	  1	  4	 2	 2	 0	 0	 0	 0	 1	 1	 1	 0	 0	 0	 0	 0	 0	 0	 0	0	0	0	0	0	0	0	0	0	0	0	0	0	0	0	0	0	0	0	0	0	0	0	0	0	0	0	0	0	0	0	0	0	1	0	0	0	0	0	0	0	1	0	0	0	0	0	0	0	5	5	1	5	7	 8	10	 9	 8	22	12	22	25	 23	 34	 27	 12	  5	 10	  5	 10	  6	  5	  7	  4	  4	 5	 2	 1	 1	 1	 3	 1	 1	 0	 1	 0	 1	 0	 1	 0	 0	 0	 0	0	 0	0	0	0	0	0	0	0	0	0	0	0	0	0	0	0	0	0	0	0	0	0	0	0	0	0	#_17        
 2025	 7	1	3	0	 563	0	0	0	0	0	0	0	0	0	1	0	0	0	0	0	0	0	0	0	0	0	0	0	0	0	0	1	0	0	 2	 3	 3	 5	12	 7	18	13	 14	 19	 13	 17	 14	 16	 15	 17	 12	 14	  9	  5	  7	  4	  5	  2	 2	 2	 0	 4	 1	 1	 0	 1	 0	 0	 0	 0	 0	 0	 0	 0	 0	0	1	0	0	0	1	0	0	0	0	0	0	0	0	0	0	0	0	0	0	0	0	0	0	0	0	0	0	0	0	0	0	0	0	0	0	0	0	0	0	0	0	0	0	1	0	0	1	0	2	0	1	1	0	 3	 5	 3	11	 6	13	12	15	 13	 15	 17	 17	 15	 16	 14	 12	 17	 13	 12	 14	 10	 9	 2	 5	 4	 4	 2	 2	 3	 0	 1	 3	 0	 2	 3	 1	 0	 0	 1	1	 0	0	0	0	0	0	0	0	0	0	0	0	0	0	0	0	0	0	0	0	0	0	0	0	0	0	#_18        
 2026	 7	1	3	0	 563	0	0	0	0	0	0	0	0	0	0	0	0	0	0	0	0	0	0	0	0	0	0	0	0	1	2	2	1	1	 2	 4	11	 4	 9	 8	 9	10	 13	 15	 10	 10	 14	 17	 12	 12	 13	 10	 11	  7	  9	 13	  8	  1	 3	 2	 1	 2	 2	 0	 0	 0	 0	 0	 0	 0	 0	 0	 0	 0	 0	1	1	0	0	0	0	0	0	0	0	0	0	0	0	0	0	0	0	1	0	0	0	0	0	0	0	0	0	0	0	0	0	0	0	0	0	0	0	0	0	1	0	0	0	0	0	0	0	0	0	1	0	3	5	 3	 4	 4	 6	 9	 6	10	12	 11	 16	 13	 15	 11	 12	 21	 15	 16	  9	 19	 13	 12	 9	 8	 6	 6	 5	 8	 7	 2	 2	 4	 0	 1	 0	 0	 2	 0	 0	 1	0	 0	0	0	0	0	0	0	0	0	0	0	0	0	0	0	0	1	0	0	0	0	1	0	1	0	0	#_19        
 2027	 7	1	3	0	 563	1	0	0	0	0	0	0	0	0	0	0	0	0	0	0	0	0	0	0	0	0	0	0	0	0	1	1	2	1	 6	 5	 3	10	 3	 7	12	12	 22	 15	 17	 16	 16	 18	 11	 18	  6	  8	  8	  4	  5	  3	  4	  2	 1	 1	 3	 0	 1	 0	 0	 1	 0	 1	 0	 0	 0	 0	 0	 0	 0	0	1	0	0	0	0	0	0	0	0	0	0	0	0	0	0	0	0	0	0	0	0	0	0	0	0	0	0	0	0	0	0	0	0	0	0	0	0	0	0	0	0	0	0	0	0	0	0	0	1	1	5	0	2	 5	 6	 4	10	 8	 9	 8	18	 23	 24	 19	 18	 22	 16	 15	 20	 10	  9	 10	  6	  5	 4	 8	 4	 5	 0	 4	 2	 2	 2	 0	 1	 2	 3	 0	 1	 2	 1	 0	0	 0	0	0	0	0	0	0	1	0	0	0	0	1	0	0	0	0	0	0	0	0	0	0	0	0	0	#_20        
 2028	 7	1	3	0	 563	0	0	0	0	0	0	0	0	0	0	0	1	0	0	0	0	0	0	0	0	0	0	1	0	0	1	4	2	4	 4	 5	 3	10	 9	14	 9	12	 15	 12	 12	 16	 14	 12	 16	 16	 10	  7	 11	  6	  8	  5	  6	  3	 1	 1	 3	 0	 2	 1	 0	 0	 0	 0	 0	 0	 0	 0	 0	 0	 0	0	0	0	0	0	0	0	0	0	0	0	0	0	0	0	0	0	0	0	0	0	0	0	0	0	0	0	0	0	0	0	0	0	0	0	0	1	0	0	1	0	0	0	0	1	0	0	0	0	0	0	0	3	1	 3	 5	10	 6	11	 6	19	18	 25	 18	 13	 24	 10	 16	 20	 14	  9	 11	 11	 13	  5	 4	 5	 2	 4	 4	 3	 2	 2	 2	 0	 0	 1	 0	 1	 0	 0	 0	 0	0	 0	0	0	0	0	0	0	0	1	0	0	0	0	0	0	1	0	0	0	0	1	0	0	0	0	0	#_21        
 2029	 7	1	3	0	 563	1	0	0	0	1	0	0	0	0	0	0	0	0	0	0	0	0	0	0	0	0	0	0	0	0	0	0	2	2	 2	 2	 1	 5	 5	11	 8	 8	 16	 15	 24	 19	 22	 13	 15	 11	 16	  6	 13	  2	 11	  3	  3	  3	 2	 0	 3	 1	 1	 0	 0	 0	 0	 0	 0	 0	 0	 0	 0	 0	 0	0	0	0	0	0	0	0	0	0	0	0	0	0	0	0	0	0	0	0	0	0	0	1	0	0	0	0	0	0	0	0	0	0	0	0	1	0	0	0	0	0	1	0	0	0	0	0	0	1	1	1	0	0	3	 2	 2	 6	 6	10	12	11	11	 24	 23	 18	 14	 21	 18	 15	 15	 14	 15	 12	 15	 12	 4	 6	 5	 4	 2	 2	 1	 2	 2	 1	 0	 0	 2	 0	 0	 0	 0	 0	0	 0	0	0	0	0	0	0	0	0	0	0	0	0	0	0	0	0	0	0	0	0	0	0	0	0	0	#_22        
 2030	 7	1	3	0	 563	0	0	0	0	0	0	0	0	0	0	0	2	0	0	0	0	0	0	0	0	0	0	0	0	0	0	0	0	3	 3	 2	 4	 4	 2	 8	 9	10	 14	 12	 12	 17	 17	  9	 17	 13	 15	 19	  9	  8	 10	  6	  5	  0	 2	 1	 2	 3	 1	 0	 1	 0	 0	 0	 0	 0	 0	 0	 0	 0	 0	0	0	0	0	0	0	0	0	0	0	0	1	0	0	0	1	0	0	0	0	1	0	2	0	0	0	0	0	0	0	1	0	0	0	0	0	0	0	0	0	0	0	0	0	0	0	0	0	0	0	0	0	2	1	 1	 2	 4	 8	 4	10	 9	10	 12	 14	 17	 19	 13	 19	 17	 21	 18	 19	 16	 11	 14	11	 5	 7	 5	 7	 8	 5	 1	 1	 2	 0	 1	 0	 0	 1	 0	 2	 0	0	 0	0	0	0	0	0	0	0	0	0	0	0	0	0	0	0	0	0	0	0	0	0	0	0	0	0	#_23        
 2031	 7	1	3	0	 563	0	0	0	0	0	0	0	1	0	0	0	0	0	0	0	0	0	0	0	0	1	0	0	0	0	0	2	2	3	 5	 5	 6	10	 4	 9	18	 9	 12	 12	 17	 13	  5	 13	 12	 13	 11	 10	 11	  9	  8	  3	  7	  3	 3	 5	 4	 2	 1	 1	 0	 0	 0	 0	 1	 0	 0	 0	 0	 0	 0	0	0	0	0	0	0	1	0	0	0	0	0	0	0	1	0	0	0	1	0	0	0	0	0	1	0	0	0	0	0	0	0	0	0	0	0	0	0	0	0	0	0	0	0	1	0	1	1	0	1	2	3	3	3	 7	 4	 8	 2	 6	 8	14	12	 14	 14	  7	 13	 10	 18	 11	 12	 20	  7	 16	 10	  9	 7	 8	15	11	 3	 8	 3	 1	 2	 5	 3	 0	 0	 1	 1	 0	 0	 1	0	 0	1	0	0	0	0	0	0	0	0	0	1	0	0	0	0	0	0	0	0	0	0	0	0	0	0	#_24        
 2032	 7	1	3	0	 563	0	0	0	0	0	0	0	0	0	0	0	0	0	0	0	0	0	0	0	0	0	0	0	0	1	1	0	0	4	 6	 5	 4	 6	 9	 9	12	17	 15	 18	 24	 18	 13	 13	 10	 18	 12	 14	  8	  8	  1	  5	  2	  3	 2	 0	 0	 1	 0	 0	 1	 0	 0	 0	 0	 0	 0	 0	 0	 0	 0	0	0	0	0	0	0	0	1	0	0	0	0	0	0	1	0	0	0	0	0	0	0	0	0	0	0	0	0	0	0	0	0	0	0	0	0	0	0	0	0	0	1	0	0	0	0	0	0	0	0	1	1	2	3	 4	 6	 7	 5	 8	15	19	15	 16	 14	 16	 15	 16	 16	 12	 16	 13	 11	 11	  9	 10	 3	 5	 2	 3	 6	 1	 4	 2	 2	 0	 2	 1	 1	 1	 1	 0	 0	 1	0	 0	0	0	0	0	1	0	0	0	0	0	0	1	0	0	1	0	0	0	0	0	0	0	0	1	0	#_25        
 2033	 7	1	3	0	 563	0	0	0	0	0	0	0	0	0	0	1	0	0	0	0	0	0	0	0	0	0	2	0	0	0	3	0	1	3	 6	 4	 8	 6	 9	10	10	10	 10	 16	 26	 20	 21	 21	 14	 14	 16	  7	  6	  7	  5	  5	  5	  2	 1	 2	 1	 1	 0	 0	 0	 0	 2	 0	 0	 0	 0	 0	 1	 0	 0	0	0	1	0	0	0	0	0	0	0	0	0	0	0	0	0	1	0	0	0	0	0	0	0	0	0	0	0	0	0	1	0	0	0	0	0	1	0	0	0	0	0	0	0	0	0	0	1	0	0	1	0	3	4	 2	 6	 6	12	 6	10	10	17	 12	 20	 14	 16	 16	 17	 18	 12	 13	 13	  6	  5	  4	 6	 5	 5	 4	 4	 4	 1	 1	 1	 4	 1	 0	 0	 0	 1	 0	 0	 1	0	 0	0	0	0	0	0	0	0	0	0	0	0	0	1	0	0	0	0	0	0	0	0	0	0	0	0	#_26        
 2034	 7	1	3	0	 563	0	0	0	0	0	0	0	0	0	0	1	0	0	0	0	0	0	0	0	0	0	0	0	0	0	0	0	1	0	 1	 2	 3	 1	 5	10	17	14	 10	 15	 12	 19	 12	 19	 15	 16	 15	 16	 10	  6	  4	  8	  2	  3	 1	 0	 0	 1	 0	 1	 0	 0	 0	 0	 0	 0	 0	 0	 0	 0	 0	0	0	0	0	0	0	0	0	2	0	0	0	0	0	0	0	0	0	0	0	0	1	1	0	0	0	0	0	0	0	0	0	0	0	0	0	0	0	0	0	0	0	0	0	0	0	0	0	0	1	1	0	1	0	 5	 2	 8	 5	 6	12	10	15	 18	 21	 17	 26	 18	 20	 22	 21	 18	 13	  3	 11	  7	10	 5	 3	 3	 1	 1	 1	 5	 3	 1	 0	 3	 1	 0	 0	 0	 0	 0	0	 0	0	0	0	0	1	0	0	0	0	0	0	0	0	0	0	0	0	0	0	0	0	0	0	0	0	#_27        
 2035	 7	1	3	0	 563	0	0	0	0	0	0	0	0	0	0	0	0	0	0	0	0	0	0	0	0	0	0	0	0	0	3	0	1	6	 1	 1	 7	 3	 2	 8	 7	 8	 10	 13	 16	 16	  9	 10	 16	 16	 12	 10	  9	 11	 10	  5	  9	  4	 3	 2	 2	 1	 0	 0	 0	 0	 0	 0	 0	 0	 0	 0	 0	 0	 0	0	0	0	0	0	0	0	0	0	0	0	0	0	0	0	0	0	0	0	0	0	0	0	0	0	0	0	0	1	0	0	0	0	0	0	0	0	0	0	1	0	0	0	0	0	0	0	0	0	1	1	1	1	0	 4	 4	 5	 7	 5	 9	12	17	 18	 15	 13	 19	 14	 15	 21	 10	 18	 16	 13	 15	 10	12	 7	10	 8	 3	 7	 2	 3	 3	 2	 3	 0	 0	 0	 1	 1	 0	 0	0	 0	0	0	1	0	1	0	0	0	0	0	0	2	0	0	0	0	0	0	0	0	0	0	0	0	0	#_28        
 2036	 7	1	3	0	 563	0	0	0	0	0	1	1	0	0	0	0	0	0	0	0	0	0	0	0	0	1	1	0	0	0	2	1	2	4	 6	 5	 7	 9	11	13	12	 5	 16	 17	 16	 14	 15	  5	 13	  8	  4	  8	  8	  5	  1	  2	  4	  2	 0	 3	 2	 2	 1	 0	 0	 2	 0	 0	 1	 0	 0	 0	 0	 0	 0	0	0	0	0	0	0	0	2	0	0	0	0	0	0	0	1	0	0	0	0	0	0	0	0	0	0	0	0	0	0	0	0	0	0	0	0	0	0	0	0	0	1	1	0	0	0	0	0	0	1	2	2	0	5	 3	 4	10	11	 7	19	14	 6	 28	 16	 17	 14	 13	 13	 14	 18	 15	  9	  8	 11	 10	 8	 4	 7	 8	 4	 2	 2	 4	 2	 3	 3	 1	 2	 1	 1	 0	 1	 0	2	 1	0	0	0	0	0	0	0	0	0	0	0	0	0	1	0	0	0	0	0	0	0	0	0	0	1	#_29        
 2037	 7	1	3	0	 563	0	0	0	0	0	0	0	0	0	0	0	0	0	0	0	0	0	0	0	0	0	0	0	0	0	0	1	0	1	 2	 1	 4	 7	 9	 4	 8	16	  9	 15	 25	 19	 10	 16	 18	 11	 16	  4	  7	  7	  7	  8	  5	  5	 3	 0	 1	 0	 2	 1	 0	 0	 0	 0	 0	 0	 0	 0	 0	 0	 0	0	0	0	0	0	0	0	0	0	0	0	0	0	0	0	0	0	0	0	0	1	0	0	0	0	0	0	0	0	0	0	0	0	0	0	0	0	0	0	0	0	0	0	0	0	0	0	0	0	0	0	1	3	3	 3	 3	 7	 8	15	17	 8	15	 16	 21	 24	 20	 16	 14	 21	 12	 13	  7	  5	 10	 13	 4	10	 8	 2	 7	 7	 2	 0	 1	 1	 0	 0	 2	 1	 0	 0	 0	 0	0	 0	0	0	0	0	0	0	0	0	0	0	0	0	0	0	0	0	0	0	0	0	0	0	0	0	0	#_30        
 2038	 7	1	3	0	 563	0	0	0	1	0	0	0	0	0	0	0	0	0	0	0	0	0	0	0	0	0	0	0	0	0	1	1	1	2	 0	 5	 7	 1	 5	 7	 7	 7	  8	 14	 19	 18	 16	 14	 20	 12	 17	  6	 10	 11	  6	  5	  1	  3	 2	 2	 2	 1	 1	 1	 1	 1	 0	 0	 0	 0	 1	 0	 0	 0	 0	0	0	0	0	0	0	0	0	0	0	0	0	0	0	1	0	0	0	0	0	0	0	0	0	1	0	0	0	0	1	1	0	0	0	0	0	0	0	0	0	0	0	0	0	0	0	0	0	0	1	0	0	2	4	 3	 6	 7	 9	10	 7	10	21	 13	 14	 15	 17	 15	 12	 11	 18	  7	 15	 13	 14	 14	 9	 6	11	 6	 9	 4	 2	 2	 5	 1	 3	 1	 0	 0	 0	 1	 0	 0	2	 0	0	0	0	0	0	0	0	0	0	0	0	0	0	0	0	0	0	0	0	0	0	1	0	0	1	#_31        
 2039	 7	1	3	0	 563	0	0	0	0	0	0	0	1	0	0	0	0	0	0	0	0	1	0	1	0	0	0	0	0	0	1	1	2	3	 3	 5	 6	 7	 5	 2	11	10	 10	 23	 11	 14	 16	 13	 15	 10	 10	 16	 13	  7	  2	  5	  4	  7	 3	 1	 0	 3	 0	 0	 0	 0	 0	 0	 0	 0	 0	 0	 0	 0	 0	0	0	0	0	0	0	0	0	0	0	0	0	0	0	0	0	0	0	0	0	0	0	0	0	0	0	1	0	0	0	0	0	0	0	0	0	0	0	0	0	0	0	0	0	0	0	0	0	0	2	2	1	0	2	 3	 5	 3	 7	11	12	 7	 8	 15	 18	 15	 13	 15	 19	 12	  6	 14	 11	 12	  6	  8	13	11	 7	11	10	 7	 7	 4	 7	 3	 4	 1	 0	 1	 2	 1	 1	 0	0	 0	0	0	0	0	0	1	2	0	0	0	0	0	0	0	0	0	0	0	0	0	0	0	0	0	0	#_32        
 2040	 7	1	3	0	 563	0	0	0	1	0	0	0	0	1	0	0	0	0	0	0	0	1	0	0	2	0	0	0	0	0	0	1	0	3	 5	 4	 4	10	 6	12	 6	12	 22	 18	 15	 19	 11	  8	 13	 14	 10	 15	 13	  7	  5	  3	  0	  3	 0	 2	 0	 1	 0	 1	 0	 0	 0	 0	 0	 0	 0	 0	 0	 0	 0	0	0	1	1	0	0	0	1	1	0	0	0	1	0	0	0	0	0	0	0	0	0	0	0	0	0	0	0	0	0	0	0	0	0	0	0	0	0	0	0	0	0	0	0	0	0	1	0	0	2	1	0	1	2	 3	10	 3	 8	10	 5	18	12	 19	 17	  8	 23	 20	 16	 10	 14	  9	 19	  7	 12	 12	10	 6	 4	 1	 4	 3	 5	 2	 1	 0	 3	 1	 1	 1	 0	 1	 0	 0	1	 0	1	0	0	0	0	0	0	1	0	0	0	0	0	0	0	1	0	0	0	0	0	0	0	0	1	#_33        
 2041	 7	1	3	0	 563	0	0	0	0	0	0	0	0	1	0	0	0	0	0	0	0	0	1	0	0	0	0	0	0	0	0	2	0	0	 2	 3	 0	 6	 5	 4	 7	 7	 12	 11	 17	 18	 20	 19	 12	 14	 14	 25	 10	  4	  9	  5	  3	  2	 2	 2	 2	 1	 0	 0	 0	 0	 1	 0	 0	 0	 0	 2	 0	 0	 0	0	0	0	0	0	0	0	0	0	0	0	0	0	0	0	0	0	0	0	0	0	0	0	0	0	0	0	0	0	0	0	0	0	0	0	0	0	1	0	0	0	0	0	0	0	0	0	1	0	1	2	0	2	2	 2	 7	 2	 7	11	 5	10	17	 17	 22	 21	 20	 18	 11	 25	 11	 18	 18	  9	  7	 11	 7	 8	 4	 3	 5	 2	 3	 0	 3	 2	 0	 1	 0	 1	 0	 0	 0	 0	0	 0	0	0	0	0	0	0	0	0	1	0	0	0	0	1	0	0	0	0	0	0	0	1	0	0	0	#_34        
 2042	 7	1	3	0	 563	0	0	0	0	0	0	0	0	0	0	0	0	0	0	1	0	0	0	0	0	0	0	0	0	1	1	2	2	2	 4	 6	 4	11	 2	 6	 5	 5	 12	  7	  8	 10	  8	 12	 15	 15	 21	 12	 13	  8	  7	  7	  5	  3	 2	 4	 2	 1	 1	 0	 1	 1	 1	 1	 0	 0	 0	 0	 0	 0	 0	0	0	0	0	0	0	0	0	0	0	0	1	0	0	0	0	0	0	0	0	0	0	0	0	1	0	0	0	0	0	0	0	0	0	0	0	1	0	0	0	0	0	0	0	0	0	1	0	0	0	1	1	0	7	 6	 2	 6	 4	 6	 8	13	17	  8	  6	 19	 19	 14	 16	 18	 23	 10	 19	 14	 11	 11	 7	18	13	 9	 6	 2	 5	 3	 6	 1	 0	 0	 0	 0	 0	 0	 0	 1	0	 0	0	0	0	0	0	0	0	0	0	0	0	0	0	0	0	0	0	0	0	0	0	0	0	0	0	#_35        
 2043	 7	1	3	0	 563	1	0	0	0	0	0	0	0	0	0	0	0	0	0	0	0	0	0	0	0	0	0	0	0	0	1	0	1	0	 3	 3	 3	 5	 8	11	 7	13	 15	 17	 14	 14	 15	 17	  8	 15	  8	 13	  6	  6	  4	  6	  6	  1	 2	 0	 2	 2	 1	 1	 0	 0	 0	 0	 0	 0	 0	 0	 0	 0	 0	0	1	0	0	0	0	0	0	0	1	0	0	0	0	0	1	0	2	0	0	0	0	0	0	0	0	0	0	1	0	0	0	0	0	0	0	0	0	0	0	0	0	0	0	0	0	0	0	0	1	0	0	2	2	 3	 4	 8	 8	 9	13	18	14	 15	 17	 24	 11	 12	 15	 19	 17	 18	 11	  8	 12	  9	12	 8	 5	 7	 5	 2	 0	 3	 3	 2	 2	 2	 2	 1	 0	 0	 0	 2	1	 0	0	0	0	0	0	0	0	0	0	0	0	0	0	0	0	0	0	0	0	1	0	0	0	0	0	#_36        
 2044	 7	1	3	0	 563	0	0	0	0	0	0	0	0	0	0	0	0	0	0	0	0	0	0	0	0	1	0	0	1	0	1	3	2	3	 5	 9	 9	15	 8	 8	15	 8	 14	 17	 10	 14	 18	 15	 15	  6	  8	  5	  5	  8	  6	  4	  6	  2	 1	 2	 0	 2	 0	 0	 0	 1	 0	 0	 0	 0	 0	 0	 0	 0	 0	0	0	0	0	0	0	0	0	0	0	0	0	0	0	0	0	0	1	0	0	0	0	0	0	0	0	0	0	0	0	0	0	0	0	0	0	0	0	0	0	0	0	0	0	0	0	1	0	1	0	2	4	5	5	 8	 9	11	 8	 8	 7	17	16	 10	 12	 14	 12	 17	 15	 13	 11	 16	 16	  5	  6	 11	 5	11	 7	 8	 6	 3	 2	 0	 1	 2	 2	 0	 1	 2	 1	 1	 1	 0	1	 0	0	0	0	0	0	0	0	0	0	0	0	0	0	0	0	0	0	0	0	0	1	0	0	0	0	#_37        
 2045	 7	1	3	0	 563	0	0	0	0	0	0	0	0	0	0	0	0	0	0	0	0	1	0	0	0	0	0	0	0	0	0	1	1	1	 1	 6	10	 8	 7	 8	10	17	 16	 18	 18	 25	 19	 14	 13	  9	 16	 10	  8	  8	  6	  1	  4	  3	 1	 2	 1	 1	 0	 0	 1	 0	 0	 0	 1	 0	 0	 0	 0	 0	 0	0	0	0	0	0	0	0	0	0	0	0	0	1	0	0	0	0	0	0	0	0	0	0	0	0	0	0	0	0	0	0	0	0	0	0	0	0	0	0	0	0	0	0	0	0	0	0	0	0	0	1	2	0	0	 4	 6	 5	 6	 7	14	18	22	 17	 22	 21	 20	 19	 15	 19	 10	  8	 10	 11	  6	  7	 4	 5	 5	 1	 1	 2	 1	 0	 1	 0	 0	 0	 1	 1	 1	 1	 0	 0	0	 1	0	0	0	0	0	0	0	0	0	0	0	0	0	0	0	0	0	0	0	0	0	0	0	1	0	#_38        
 2046	 7	1	3	0	 563	0	0	0	0	0	1	0	0	0	1	0	0	0	0	0	0	0	0	0	0	0	1	1	0	0	1	0	1	1	 3	 5	 6	 2	 2	 7	 8	12	  9	 16	 13	 16	 14	 13	 16	 15	 17	 10	 10	 13	  7	  2	  6	  3	 1	 1	 1	 0	 0	 0	 1	 2	 0	 0	 1	 0	 0	 0	 1	 0	 0	0	0	0	0	0	0	0	0	0	0	0	0	0	0	0	0	0	0	0	0	1	0	0	0	0	0	0	0	0	0	0	0	0	0	0	0	0	0	0	1	0	0	0	0	0	0	0	0	0	2	0	0	1	3	 3	 3	 5	 9	 5	 6	16	10	 24	 20	 18	 18	 15	 13	  9	 18	 11	 18	 12	 11	 13	 5	 8	 9	 9	 3	 4	 4	 3	 5	 2	 1	 1	 0	 1	 0	 0	 1	 0	0	 0	0	0	0	0	0	0	1	0	0	0	0	0	0	0	1	0	0	0	0	0	0	0	0	0	0	#_39        
 2047	 7	1	3	0	 563	0	0	0	0	0	0	0	0	0	0	0	0	0	0	1	0	0	0	0	0	1	0	0	0	1	0	1	1	2	 2	 4	 2	 7	 8	 9	10	 8	  8	 15	  8	 10	 21	  7	 10	 16	  6	  7	 10	  8	  7	  4	  7	  3	 2	 4	 3	 2	 1	 0	 0	 0	 0	 0	 0	 0	 0	 0	 1	 0	 0	1	0	0	0	0	0	0	0	0	0	0	0	0	0	0	1	0	0	0	0	0	0	0	0	0	0	0	0	0	0	0	0	0	0	0	0	1	0	0	0	0	0	0	0	0	0	1	0	1	0	1	1	5	0	 6	 4	 7	 4	 3	11	 8	 9	 17	 19	 15	 17	 17	 22	 12	 30	 17	 13	 10	 16	 10	 9	 8	13	 2	 5	 3	 3	 5	 2	 3	 2	 3	 1	 1	 1	 1	 0	 0	0	 3	1	1	0	0	0	0	0	0	0	0	0	0	0	0	0	0	0	0	0	0	0	0	0	0	0	#_40        
 2048	 7	1	3	0	 563	0	0	0	0	0	0	0	0	0	0	0	0	0	0	0	1	0	0	0	0	0	1	0	0	0	2	0	3	6	 3	 2	 6	12	 5	 8	12	13	 10	 10	 16	 20	 13	 13	 13	 12	 10	 10	  8	 11	  2	  6	  3	  2	 6	 0	 1	 0	 1	 0	 1	 0	 0	 1	 0	 0	 0	 0	 0	 0	 2	0	0	0	0	1	0	0	0	0	0	0	0	1	0	0	0	0	1	0	0	0	0	0	0	0	0	0	0	0	0	0	0	0	0	0	0	0	0	0	0	0	0	0	0	0	0	1	1	1	2	3	1	3	4	 5	 7	 4	 6	11	 8	 9	13	 18	 21	 13	 17	 11	 15	 21	 17	  9	 12	 12	  4	 14	 4	 8	 9	 6	 3	 5	 2	 2	 1	 4	 3	 0	 1	 1	 1	 1	 0	 0	0	 0	0	0	0	0	0	0	0	0	1	0	0	0	0	0	0	0	0	0	0	0	0	0	0	0	0	#_41        
 2049	 7	1	3	0	 563	0	0	0	0	0	0	0	0	0	0	0	0	0	0	0	0	0	0	0	0	0	0	0	0	0	0	0	0	0	 2	 4	 5	 7	11	 9	 6	10	 17	 21	 18	 18	 12	 21	  9	 14	  8	 12	 10	  8	  5	  6	  4	  1	 0	 1	 0	 0	 0	 0	 0	 0	 1	 0	 0	 1	 0	 0	 0	 0	 0	0	0	0	0	0	1	0	0	0	0	0	0	0	0	0	0	0	0	0	0	0	1	0	0	0	0	0	0	0	0	0	0	0	0	0	0	0	0	0	0	0	0	0	0	0	0	0	0	2	2	2	1	3	2	 6	 5	 3	 7	 9	16	11	18	 15	 22	 14	 14	 21	 13	 19	 17	 14	 15	 15	  6	  9	10	 3	 3	 6	 4	 4	 1	 3	 1	 0	 0	 1	 0	 2	 0	 0	 0	 0	0	 0	0	0	0	0	0	0	0	0	0	0	0	0	0	0	0	0	0	0	0	0	0	0	1	0	0	#_42        
 2050	 7	1	3	0	 563	0	0	0	0	0	0	1	0	0	0	0	0	1	0	0	0	0	0	0	0	0	0	0	0	1	0	1	2	4	 3	 5	 7	 4	 7	10	15	11	 10	 23	 11	 12	 15	 15	 10	 22	  9	  9	 11	  6	  7	  5	  4	  3	 1	 1	 1	 0	 1	 0	 1	 0	 0	 0	 0	 0	 0	 0	 0	 0	 0	0	0	0	0	0	0	0	0	0	0	0	0	0	0	0	0	0	0	0	0	0	0	0	0	0	0	0	0	0	0	0	0	0	0	0	0	1	0	0	0	0	0	0	0	0	1	0	0	1	0	2	3	1	3	 3	 5	 5	 6	15	 8	13	14	 12	 12	 19	 20	 14	 17	 18	 16	 15	 13	 15	 10	 11	 9	 5	 6	 3	 3	 0	 5	 3	 2	 3	 1	 0	 1	 0	 0	 0	 0	 0	0	 0	0	0	0	0	0	0	0	0	0	0	0	0	0	0	0	0	0	0	0	0	0	0	0	0	0	#_43        
 2051	 7	1	3	0	 563	0	0	0	0	0	0	0	0	0	0	0	0	0	0	0	0	0	0	0	0	2	0	0	0	1	1	0	1	2	 3	 2	 2	 8	 9	 6	11	13	 17	 22	 15	 20	 22	 20	 16	 14	  8	  7	  8	  9	  4	  4	  3	  1	 2	 0	 0	 0	 0	 0	 0	 1	 0	 0	 0	 0	 0	 0	 0	 0	 0	0	0	0	0	0	0	1	0	0	0	0	0	0	0	0	0	0	0	0	0	0	0	0	1	0	0	0	0	0	0	0	0	0	0	0	0	0	0	0	1	0	0	0	0	0	0	1	1	0	2	1	1	0	4	 0	 6	 8	 5	 5	 8	10	11	 18	 14	 12	 13	 20	 18	 17	 18	 11	 14	 21	  7	 12	 4	 7	 3	 2	 3	 7	 4	 4	 3	 1	 1	 2	 2	 1	 0	 0	 0	 1	0	 0	0	0	0	0	1	0	0	0	0	0	1	0	0	0	0	0	0	0	0	0	1	0	0	0	0	#_44        
 2052	 7	1	3	0	 563	0	0	0	0	0	0	0	0	0	0	0	0	0	0	0	0	0	0	0	0	0	0	0	0	1	1	1	0	3	 2	 5	 5	 8	 2	 9	 9	14	  9	 12	 11	  8	 15	 14	 16	 13	 13	  8	  6	 11	  6	  3	  7	  3	 3	 2	 0	 2	 2	 0	 1	 1	 0	 0	 0	 0	 0	 0	 1	 0	 0	0	0	0	0	0	0	1	0	0	0	0	0	0	0	0	0	0	0	0	1	0	1	0	0	1	0	0	0	0	0	0	0	0	0	0	0	0	0	0	0	0	0	0	0	0	1	0	0	1	0	1	0	2	5	 2	 4	 4	 4	 7	 7	15	12	 18	 16	 15	 11	 17	 16	 25	 16	 10	 11	 10	 11	 17	12	 7	10	 8	 5	 6	 3	 3	 2	 4	 4	 3	 2	 1	 0	 1	 0	 0	0	 0	1	0	0	0	0	0	0	0	1	0	0	0	0	0	0	0	0	0	0	0	0	0	0	1	0	#_45        
 2053	 7	1	3	0	 563	0	0	0	0	0	0	0	0	0	0	0	0	0	0	0	0	0	0	0	0	0	0	0	1	0	0	2	3	3	 3	 2	 6	 8	 8	 8	12	10	 19	 19	 13	  7	 14	 12	 10	 12	  5	  6	  2	  4	  9	  8	  6	  4	 1	 3	 1	 1	 1	 0	 2	 0	 1	 0	 0	 0	 0	 0	 0	 0	 1	0	0	0	1	0	0	0	0	0	0	0	0	0	0	0	0	0	0	0	1	0	0	0	0	0	0	0	0	0	0	0	0	0	0	0	0	1	0	0	0	0	0	0	0	0	0	0	1	1	0	2	5	2	5	 4	 1	 9	 7	 7	12	19	18	 12	 21	 17	 17	 15	 16	 20	 25	 14	 11	 10	 10	  5	 8	 4	 5	 2	 5	 4	 3	 2	 3	 3	 2	 1	 2	 1	 1	 0	 0	 0	0	 0	0	0	0	0	0	0	0	0	0	0	1	0	0	0	0	0	0	0	0	0	0	0	0	0	0	#_46        
 2054	 7	1	3	0	 563	1	0	0	0	1	0	0	0	0	0	0	0	0	0	0	0	0	0	0	0	0	0	0	0	0	0	0	2	2	 3	 7	 7	 6	 9	 8	 7	12	 14	 14	 18	 14	 13	 11	 17	 16	 17	 12	  6	  7	  4	  5	  3	  2	 1	 3	 0	 0	 2	 0	 0	 1	 0	 0	 0	 0	 0	 0	 0	 0	 0	0	0	0	0	1	0	0	0	0	0	0	0	1	0	0	0	0	0	0	0	0	0	0	0	0	2	0	0	0	0	0	0	0	0	0	0	0	0	0	0	0	0	1	0	0	0	1	0	1	0	1	0	3	3	 0	 1	 8	 8	15	12	16	15	 21	 15	 14	 18	 15	 15	 19	  6	 11	  7	  9	 12	  9	10	 8	 8	 8	 3	 1	 4	 2	 0	 5	 0	 2	 1	 1	 1	 0	 1	 1	0	 0	0	0	0	1	0	0	1	0	0	0	0	0	0	0	0	0	0	0	0	0	0	0	0	0	0	#_47        
 2055	 7	1	3	0	 563	0	0	0	1	0	0	0	0	0	0	0	0	0	0	0	0	0	0	0	0	0	0	0	0	0	1	2	1	2	 4	 4	 2	 3	 7	 6	10	12	 21	 20	 15	 11	 18	 19	 15	 17	 10	 14	  7	  4	  1	  6	  4	  1	 2	 1	 0	 1	 0	 1	 2	 0	 0	 1	 0	 0	 0	 0	 1	 1	 0	0	0	0	0	0	0	0	0	0	0	0	0	1	0	0	0	0	0	0	0	1	0	0	0	0	0	0	0	0	0	0	0	0	0	0	0	0	1	0	0	0	0	0	0	0	0	0	0	0	1	2	2	0	3	 4	 3	 5	11	 7	 3	10	16	 16	 25	 18	 27	 16	 15	 13	  9	 16	 17	 15	 11	  6	 4	 8	 4	 4	 4	 5	 2	 2	 0	 0	 3	 1	 1	 0	 0	 1	 0	 1	0	 0	0	1	0	0	0	0	0	0	0	0	0	0	0	0	0	0	0	0	0	0	0	0	0	0	0	#_48        
 2056	 7	1	3	0	 563	0	0	0	0	0	0	0	0	0	0	0	0	0	0	0	0	0	0	0	0	0	0	0	0	0	0	1	2	2	 4	 3	 2	 2	 8	 8	 9	 5	 13	 17	 17	 16	 15	 15	 10	 16	 11	  8	  5	  6	  3	  2	  6	  5	 1	 0	 0	 2	 3	 0	 0	 0	 0	 0	 0	 0	 0	 0	 0	 0	 0	0	1	0	0	0	0	0	0	0	0	0	0	0	0	0	0	0	0	0	0	0	0	0	0	0	0	0	0	0	0	0	0	0	0	0	0	0	0	0	0	0	0	0	0	0	0	0	1	0	2	1	1	2	2	 9	 4	12	 0	10	 9	13	16	 19	  7	 21	 13	 25	 28	 17	 16	 10	 18	 15	 12	  9	 5	 7	 7	 6	 2	 5	 4	 3	 2	 2	 3	 0	 0	 2	 0	 0	 0	 0	0	 0	0	0	1	0	1	0	1	0	0	0	0	0	1	0	0	1	0	0	0	0	0	0	0	0	0	#_49        
 2057	 7	1	3	0	 563	0	0	0	0	0	0	0	0	0	0	0	0	0	0	0	0	0	0	0	0	0	0	0	0	0	0	1	0	3	 1	 1	 7	 9	 4	 3	13	11	 12	 15	 12	 18	 15	 10	 11	  8	 15	 10	  8	  6	  5	  6	  4	  1	 2	 1	 2	 1	 1	 1	 0	 0	 0	 0	 0	 0	 0	 0	 0	 1	 0	0	0	0	0	1	0	0	0	0	0	0	0	0	0	0	0	0	0	1	0	0	0	0	0	1	0	0	0	0	0	0	0	0	0	0	0	1	0	0	0	0	0	0	0	0	0	1	0	1	0	0	0	1	3	 3	 7	 8	11	 5	10	17	13	 20	 19	 15	 12	 22	 17	 17	 15	 16	 19	 14	  7	 10	 2	11	 3	 2	 7	 6	 5	 5	 2	 4	 4	 1	 1	 1	 0	 0	 0	 1	0	 0	1	0	0	0	0	1	0	1	0	0	0	0	0	0	0	0	0	0	0	0	0	0	0	0	0	#_50        
 2058	 7	1	3	0	 563	0	1	0	0	0	0	0	0	0	0	0	0	0	0	0	0	0	0	0	0	0	0	0	1	0	1	1	3	6	 0	 3	 0	 5	 2	 9	 9	15	 19	 20	 14	 21	 17	 13	 11	 11	 17	  6	 11	  5	  3	  5	  4	  1	 3	 1	 1	 0	 2	 0	 0	 0	 1	 1	 0	 0	 1	 0	 0	 0	 0	0	0	0	0	0	0	0	0	0	0	0	0	0	0	0	0	0	0	0	0	0	0	1	0	0	0	0	0	1	0	1	0	0	1	0	0	0	0	0	0	0	0	0	0	0	0	0	0	1	0	0	1	0	3	 2	 3	 5	 2	11	 7	13	12	 12	 22	 14	 17	 28	 21	 18	 18	 13	  8	 16	  6	 10	 9	 7	 3	 5	 2	 4	 3	 7	 3	 0	 1	 3	 2	 0	 0	 1	 1	 0	0	 0	0	0	0	0	0	0	0	0	0	0	0	0	0	0	0	0	0	1	0	0	0	0	0	0	0	#_51        
 2059	 7	1	3	0	 563	0	0	0	0	0	0	0	0	0	1	0	0	0	0	0	0	0	0	0	0	1	0	0	0	0	0	2	0	2	 2	 3	 3	 8	 7	 4	11	 9	 10	 14	 11	  9	 18	 14	  9	 18	  8	 15	 12	  7	  6	  8	  3	  4	 4	 1	 1	 1	 1	 1	 0	 1	 0	 0	 0	 0	 0	 0	 0	 0	 0	0	0	0	0	0	0	0	0	0	1	0	0	0	0	0	0	0	0	0	0	0	0	0	0	0	0	1	0	0	0	0	0	0	0	0	0	0	0	0	0	0	0	0	0	0	1	0	0	0	0	3	1	2	4	 5	 3	 9	 3	 7	11	 8	16	 16	 13	 11	 17	 20	 19	 13	 13	 14	 16	  9	 17	 13	11	11	 7	10	 5	 4	 2	 4	 4	 4	 0	 0	 1	 1	 0	 0	 1	 2	0	 0	1	0	0	0	0	0	0	0	0	0	0	0	0	0	0	0	0	0	0	0	0	0	0	0	0	#_52        
 2060	 7	1	3	0	 563	0	0	0	0	0	0	0	0	0	0	1	0	0	0	0	0	0	0	0	0	0	1	0	0	0	1	2	1	2	 7	 7	 6	10	 5	 6	13	12	 14	 19	 13	 15	 10	 16	 12	 10	 10	  9	 11	  7	  6	  3	  2	  0	 2	 1	 2	 0	 1	 0	 0	 0	 0	 0	 0	 0	 0	 0	 0	 0	 0	1	0	0	0	0	0	0	0	0	0	0	0	0	0	0	0	1	0	0	0	0	0	0	0	1	0	0	0	0	0	0	0	0	0	0	0	0	0	1	0	0	0	0	0	0	0	0	0	0	0	1	0	2	7	 6	 4	12	 9	 4	 8	13	15	 14	 25	 20	 14	 20	 17	 20	 16	 11	 10	 11	  7	  9	 7	 6	 3	 3	 4	 2	 4	 4	 4	 3	 1	 0	 1	 0	 0	 0	 0	 0	0	 1	0	1	0	0	0	0	0	1	0	0	0	0	0	0	0	0	0	0	0	0	0	0	0	0	2	#_53        
 2061	 7	1	3	0	 563	0	0	1	0	0	1	0	0	0	1	0	0	0	0	0	0	0	0	0	0	0	1	0	0	0	0	1	2	2	 1	 1	 3	 1	 8	 5	 6	16	 21	 17	 24	 17	 13	 22	 14	 11	 17	 11	  5	  7	  6	  4	  5	  5	 2	 1	 2	 0	 0	 0	 1	 1	 1	 0	 0	 0	 0	 0	 0	 0	 0	0	0	0	0	0	0	0	0	0	0	0	0	0	0	0	0	0	1	0	0	0	0	0	0	1	0	0	0	1	0	0	0	0	0	0	0	0	0	0	1	0	0	0	0	0	0	1	0	0	1	0	1	1	0	 2	 0	 6	10	 8	15	15	 9	 12	 26	 16	 17	 14	 16	 15	 14	  9	 13	 10	 10	 15	 9	 4	11	 1	 4	 4	 0	 1	 5	 2	 0	 1	 1	 1	 0	 0	 0	 0	0	 0	0	0	1	0	0	0	0	0	0	0	0	0	0	0	0	0	0	0	0	0	1	0	0	0	0	#_54        
 2062	 7	1	3	0	 563	0	0	0	0	0	0	0	0	0	0	0	0	0	0	0	0	0	0	0	0	0	0	2	0	1	0	1	0	4	 4	 6	 8	 3	 7	 7	 9	18	 10	 13	  8	 10	 12	 11	 15	 17	 18	  9	 11	  4	  6	  5	 10	  6	 6	 0	 2	 1	 0	 0	 0	 1	 0	 0	 0	 0	 0	 0	 0	 1	 0	0	0	0	1	0	0	0	0	0	1	0	1	1	0	0	0	0	0	1	0	0	0	0	0	0	0	0	0	0	0	0	0	0	0	0	0	0	0	0	0	0	0	0	0	0	0	0	0	1	1	2	2	2	4	 5	 4	 6	 6	13	 6	 9	12	 11	 14	 17	 15	 19	 17	 15	 14	 12	 10	 11	 15	  4	11	 9	10	 8	 3	 5	 0	 2	 0	 2	 0	 2	 1	 1	 1	 4	 0	 3	0	 0	1	0	0	0	0	0	2	0	0	0	0	0	0	0	0	0	0	0	0	0	0	0	0	0	0	#_55        
 2063	 7	1	3	0	 563	0	0	0	0	0	0	0	0	0	0	0	0	0	0	0	0	0	0	0	0	0	0	0	0	0	1	0	1	2	 3	 4	 7	 9	 9	 9	12	17	 15	 16	 16	 17	 15	 15	 13	 10	 17	 11	 13	  8	  2	  3	  7	  3	 1	 1	 0	 1	 1	 0	 1	 0	 0	 2	 0	 0	 1	 0	 0	 0	 0	0	0	0	0	0	0	0	0	0	0	0	0	0	0	0	0	0	0	0	0	0	0	0	0	1	0	0	0	0	0	0	0	0	0	0	0	0	0	0	0	0	0	0	0	0	0	1	0	1	1	1	1	3	5	 3	 5	 6	 6	 9	 8	16	11	 18	 14	 27	 20	 12	 16	 16	  9	  8	 14	 12	  8	  5	 4	 7	 7	 1	 5	 2	 4	 2	 2	 3	 0	 1	 1	 2	 1	 0	 0	 0	0	 0	0	0	0	0	1	0	0	0	0	0	0	0	0	0	0	0	0	0	0	0	0	0	0	0	0	#_56        
 2064	 7	1	3	0	 563	0	0	0	0	1	0	0	0	0	1	0	0	0	0	0	0	0	0	0	0	0	0	0	0	1	0	2	3	3	 2	 4	 3	 4	 9	 7	12	 7	 15	 13	 13	  9	 14	 16	 18	 13	  9	 11	 10	  3	  5	  9	  5	  3	 3	 2	 1	 0	 0	 1	 0	 0	 0	 0	 0	 0	 0	 0	 0	 0	 0	0	0	0	0	0	0	0	1	0	0	0	0	0	0	0	0	1	0	0	0	0	0	0	0	0	0	0	0	0	0	0	0	1	0	0	0	0	0	0	0	0	0	0	0	0	0	2	0	1	0	1	0	0	4	 5	 3	 8	 6	 7	16	10	16	 18	 25	 11	 24	 15	 13	 24	 11	 17	 11	 12	 15	  9	 9	 7	 5	 2	 4	 2	 2	 1	 2	 0	 0	 0	 0	 0	 0	 0	 1	 1	1	 0	1	0	0	0	0	0	0	1	0	0	0	0	0	0	0	0	0	0	0	1	0	1	1	2	0	#_57        
 2065	 7	1	3	0	 563	0	0	0	0	0	0	0	0	0	0	0	0	0	0	0	0	0	0	0	0	0	0	0	0	0	0	0	4	2	 1	 8	 5	 6	 6	14	13	13	 15	 19	 18	 16	 13	 14	 12	 11	 12	  4	 11	 11	  6	  7	  4	  4	 1	 2	 1	 3	 0	 2	 1	 0	 0	 0	 0	 0	 0	 0	 0	 0	 0	0	0	0	0	0	0	0	0	0	0	0	0	0	0	0	0	0	0	0	0	0	0	0	0	0	0	0	0	0	1	0	0	0	0	1	0	1	0	0	0	0	0	0	0	1	0	1	0	0	1	0	0	3	2	 6	 4	 3	 7	 5	12	17	15	 16	 15	 19	 19	 13	 15	  9	 14	 11	 10	 14	 13	  9	 5	 5	 6	 6	 4	 6	 0	 2	 3	 0	 1	 1	 1	 1	 2	 2	 1	 1	0	 0	0	0	0	0	0	0	0	0	0	0	0	0	0	0	0	0	0	0	0	0	0	0	0	0	0	#_58        
 2066	 7	1	3	0	 563	0	0	0	0	0	0	0	0	0	0	0	0	0	0	0	0	0	0	0	0	0	0	0	0	1	1	3	0	5	 2	 3	 4	 7	12	 6	 8	12	  9	 12	 21	 16	 13	 12	 20	 19	 15	  9	  7	 10	  7	  1	  4	  5	 3	 3	 1	 1	 0	 1	 0	 0	 0	 1	 0	 1	 0	 0	 0	 0	 0	0	0	0	0	0	0	0	0	0	0	0	0	0	0	0	0	0	0	0	0	0	0	0	0	1	0	0	0	0	0	0	0	0	0	0	0	0	0	0	0	0	0	0	0	0	0	0	0	1	0	0	4	2	2	 1	 5	 8	 4	11	 8	 7	14	 16	 22	 18	 19	 17	 13	 15	 12	 11	 13	 14	 10	  6	 8	 6	 6	 9	 5	 6	 4	 1	 2	 1	 0	 1	 2	 0	 1	 1	 0	 0	0	 0	0	0	0	0	0	0	0	0	0	0	0	1	0	0	0	0	0	0	0	0	0	0	0	0	0	#_59        
 2067	 7	1	3	0	 563	0	0	0	0	0	0	0	0	0	0	0	0	0	0	0	0	0	0	0	0	0	0	0	0	0	1	2	5	2	 2	 6	 4	 8	 8	10	 8	14	 13	 17	 24	 10	 17	 11	 18	  7	 16	 14	 13	  3	  8	  5	  3	  1	 2	 3	 0	 1	 0	 0	 0	 0	 0	 0	 0	 0	 0	 0	 0	 0	 0	0	1	1	0	0	0	0	0	0	2	0	0	0	0	0	0	0	0	0	0	0	0	1	1	0	0	0	1	0	0	0	0	0	0	0	0	0	0	0	0	0	0	0	0	0	0	0	1	1	0	0	4	3	1	 6	 6	 8	 7	 8	 9	15	13	 16	 10	 20	 16	 18	 14	 18	 19	 11	 14	  5	  8	  8	 7	 2	 3	 4	 6	 4	 2	 1	 4	 1	 1	 1	 1	 1	 0	 1	 0	 0	0	 0	0	1	0	0	0	1	0	0	0	0	0	0	0	0	0	0	0	0	0	0	0	0	0	0	0	#_60        
 2068	 7	1	3	0	 563	0	0	0	0	0	0	0	0	0	0	0	0	0	0	0	0	0	0	0	0	0	0	0	0	0	2	1	1	3	 8	 6	 3	 4	 8	18	10	15	 18	 15	 18	 11	 13	 14	 15	 16	  8	  8	  6	  4	  2	  5	  0	  1	 1	 1	 2	 1	 0	 0	 0	 0	 1	 0	 0	 0	 0	 0	 0	 0	 0	0	0	0	0	0	0	0	0	0	0	0	0	0	0	0	0	0	0	0	0	0	0	0	0	0	0	0	0	0	0	0	0	0	0	0	0	0	0	0	0	0	0	0	0	0	0	0	0	0	0	0	1	4	0	 4	 1	12	 9	10	11	13	17	 18	 19	 26	 19	 16	 24	 15	 13	 14	 17	 11	 10	  6	 7	 1	 3	 6	 3	 3	 5	 2	 0	 2	 0	 1	 0	 0	 1	 0	 0	 0	0	 0	0	0	0	0	0	0	0	0	0	0	0	0	0	0	0	0	0	0	0	0	0	0	0	0	0	#_61        
 2069	 7	1	3	0	 563	0	0	0	0	0	0	0	0	1	0	0	0	0	0	1	0	0	0	0	0	1	0	0	0	1	1	0	0	1	 0	 4	 6	 3	 6	 7	 5	13	 10	 14	 20	 15	 20	 21	 12	 18	 12	  9	  5	  5	  9	  4	  3	  2	 1	 0	 0	 0	 1	 1	 0	 0	 1	 0	 0	 0	 0	 0	 0	 0	 0	0	0	0	0	0	0	0	0	0	0	0	0	0	0	0	0	0	0	0	0	0	0	0	0	0	0	0	0	0	0	0	0	0	0	0	0	0	0	0	1	0	0	0	0	0	1	0	0	0	0	0	1	0	4	 4	 2	 4	 6	 8	 8	12	16	 16	 13	 27	 17	 26	 22	 24	 18	 17	 16	  9	 11	  5	 4	 2	 8	 6	 8	 2	 2	 4	 0	 0	 0	 1	 0	 0	 0	 1	 1	 0	0	 0	0	0	1	0	0	0	0	0	0	0	0	0	0	0	1	1	0	0	0	0	0	0	0	0	0	#_62        
 2070	 7	1	3	0	 563	0	0	0	0	0	0	0	0	0	0	0	0	0	0	0	0	0	0	0	0	0	0	1	0	0	3	2	3	4	 3	 3	 3	 9	 5	 8	 7	15	 14	 16	 11	 13	 14	 12	 22	  9	 13	  4	 10	  2	  4	  8	  4	  4	 4	 1	 1	 0	 1	 0	 1	 0	 0	 0	 1	 0	 1	 0	 0	 1	 0	0	0	0	0	0	0	0	0	0	0	0	0	0	1	0	0	0	0	0	0	0	0	0	0	1	0	0	0	0	0	0	0	0	0	0	0	0	0	0	0	0	0	0	1	0	0	0	0	0	0	2	2	1	5	 4	 6	 5	12	12	10	10	14	 16	 14	 14	 16	 20	 17	 13	 20	 14	 14	 16	 10	  7	 3	 8	 5	 8	 2	 2	 5	 2	 1	 0	 4	 2	 4	 1	 1	 0	 0	 0	0	 0	0	0	0	0	0	0	0	0	0	0	0	0	0	0	0	0	1	0	0	0	0	0	0	0	0	#_63        
 2071	 7	1	3	0	 563	0	0	1	0	0	0	0	0	0	0	0	0	0	0	0	0	0	0	0	1	0	0	0	0	0	0	0	1	1	 0	 0	 4	 5	13	 6	13	14	 19	 18	 13	 23	 15	 16	 13	  9	 11	 11	  4	  3	  3	  4	  5	  2	 1	 1	 0	 0	 1	 0	 0	 0	 1	 0	 0	 0	 0	 0	 0	 0	 0	0	0	1	0	1	0	0	0	0	0	0	0	0	0	0	0	0	0	0	0	0	1	0	0	0	0	0	0	0	0	0	0	0	0	0	0	0	2	0	0	0	0	0	0	0	0	0	1	0	0	0	0	2	1	 2	 6	 6	 4	10	10	18	15	 23	 22	 20	 19	 21	 15	 16	 16	 14	 15	  7	  6	 11	 7	 3	 4	 8	 4	 8	 1	 3	 1	 3	 1	 1	 0	 1	 1	 0	 0	 0	0	 0	0	0	0	0	0	0	0	0	0	0	0	0	0	0	0	0	0	0	0	0	0	0	0	0	0	#_64        
 2072	 7	1	3	0	 563	0	0	0	0	0	0	0	0	0	0	0	0	0	1	0	0	0	0	0	0	0	0	0	0	0	0	0	4	2	 3	 3	 2	 1	 7	 5	 9	13	  7	 12	  7	 12	 12	 20	 14	 17	 11	  8	 14	  6	  4	  9	  6	  3	 3	 3	 1	 5	 0	 0	 2	 0	 0	 0	 0	 0	 0	 0	 0	 0	 1	0	0	0	0	0	0	0	0	0	0	0	0	0	0	0	0	0	0	0	0	0	0	0	0	0	0	0	0	0	0	0	0	0	0	0	0	0	1	0	0	0	0	0	0	0	0	0	1	2	2	1	1	1	3	 7	 7	 4	10	 7	 7	15	13	 14	 21	 11	 13	 11	 14	 10	 13	 16	 10	 14	 17	 18	13	 7	13	 5	10	 2	 3	 4	 2	 1	 0	 1	 1	 4	 2	 2	 0	 0	1	 0	0	0	0	0	0	0	0	0	0	0	0	0	0	0	0	1	0	0	0	0	0	0	0	0	0	#_65        
 2073	 7	1	3	0	 563	0	0	0	0	0	1	0	0	1	0	0	0	0	1	0	0	0	0	0	0	0	0	0	0	0	0	2	1	2	 3	 4	 6	 4	 4	 9	10	19	 16	 25	 16	 17	 20	 15	 18	 15	 20	  6	  5	  5	  4	  5	  3	  3	 2	 2	 2	 1	 1	 0	 0	 0	 0	 0	 0	 0	 0	 0	 0	 0	 0	0	0	0	0	0	0	0	0	0	0	0	1	0	0	0	0	0	0	0	0	0	0	0	0	0	0	0	0	0	0	0	0	0	0	0	0	0	0	0	0	0	0	0	0	0	1	0	1	1	0	2	3	2	3	 9	 1	 8	 8	 5	15	16	12	 18	 18	 27	 13	 16	 15	 13	  9	 12	  6	 11	 10	  5	 2	 4	 0	 3	 5	 3	 2	 1	 1	 2	 0	 3	 1	 0	 1	 0	 0	 1	1	 0	1	0	0	0	1	0	0	0	0	1	0	0	0	0	0	0	1	0	0	0	0	0	0	0	0	#_66        
 2074	 7	1	3	0	 563	0	0	1	0	0	0	0	0	0	0	0	0	0	0	0	0	0	1	0	0	0	0	0	1	0	0	1	1	1	 1	 1	 6	 3	 6	 8	 5	15	 11	 13	 28	 18	 16	 18	 16	 12	 11	 17	 12	  4	  6	  6	  2	  4	 2	 2	 1	 1	 1	 0	 0	 0	 1	 0	 0	 0	 0	 0	 0	 0	 0	0	0	0	0	0	0	0	0	0	0	1	0	0	0	0	0	0	0	0	0	0	0	0	0	0	0	0	0	0	0	0	0	0	0	0	0	0	0	0	0	1	0	0	0	0	0	0	0	0	0	0	1	2	0	 2	 2	 1	 3	 4	14	 6	14	 27	 17	 24	 20	 18	 12	 15	 18	  9	 14	 14	 17	  7	 7	 4	 7	11	 1	 2	 3	 1	 4	 2	 2	 1	 0	 0	 1	 0	 0	 0	1	 0	0	0	0	0	0	0	0	0	0	0	0	0	0	0	0	0	0	0	0	0	0	0	0	0	0	#_67        
 1983	 9	2	3	2	4658	1	0	0	0	0	1	1	0	1	2	0	1	0	2	0	1	2	0	1	0	1	1	3	0	1	1	0	0	0	 0	 2	 1	 1	 0	 8	22	64	143	168	149	175	164	173	168	157	113	132	107	126	 85	 78	 76	 61	57	53	47	35	50	43	26	23	26	19	23	16	15	12	10	 9	 5	7	2	2	1	3	3	1	1	1	0	0	1	1	1	1	0	0	1	2	1	0	0	0	0	0	0	0	0	0	0	0	0	1	0	1	1	0	1	0	1	0	3	0	0	0	0	0	0	1	0	0	0	0	1	 2	 0	 0	 1	 0	 2	23	67	117	129	143	123	109	119	113	 94	 97	 80	 81	 77	 71	66	54	49	41	36	41	31	31	25	16	16	17	18	 8	10	 5	 6	 7	8	 4	3	0	2	3	3	0	1	0	1	1	0	1	0	0	0	0	0	0	1	0	0	2	0	1	1	#_68        
 1984	 8	2	3	2	4658	0	1	2	2	0	1	0	1	1	1	1	1	0	1	0	1	0	0	0	0	1	0	0	0	0	0	0	3	1	 0	 0	 0	 0	 2	 4	18	71	137	139	173	163	172	183	134	163	111	131	137	113	 89	 88	 64	 95	57	53	43	42	37	26	25	23	34	20	16	14	19	12	 6	 6	 7	7	2	7	0	1	2	1	1	1	1	1	1	0	1	1	0	0	1	0	1	0	2	0	2	0	0	0	0	2	2	0	0	0	0	1	1	3	0	0	0	0	0	1	0	0	0	0	1	0	0	0	1	1	0	 0	 0	 1	 1	 1	 3	15	51	115	149	138	130	136	119	121	 92	113	 92	 80	 69	 68	52	48	38	36	33	44	36	34	17	17	12	14	12	 8	 7	11	 4	 7	5	 3	6	5	2	4	1	2	2	2	3	0	0	0	2	0	0	1	0	2	0	1	0	0	1	1	0	#_69        
 1985	 9	2	3	2	4658	0	1	2	0	1	1	2	2	1	1	1	0	0	2	0	1	0	1	1	0	0	0	1	0	0	0	1	1	2	 1	 0	 1	 0	 1	 2	20	75	122	170	167	160	159	167	174	154	160	138	111	 95	 93	105	 66	 79	63	53	58	55	50	30	21	16	17	19	11	14	13	10	 6	 6	 4	4	5	3	2	3	1	3	2	2	0	0	0	0	0	1	0	0	1	0	0	0	0	0	0	0	0	0	0	0	1	0	1	0	0	0	0	1	0	0	0	0	0	0	0	0	0	0	0	1	0	0	0	0	1	 1	 0	 0	 0	 0	 5	14	48	112	147	140	144	110	128	114	 97	 88	 98	 71	 70	 56	55	56	42	46	41	30	34	31	24	26	19	18	12	 6	 7	 5	 6	 5	3	 2	1	1	5	5	3	4	1	0	0	0	0	1	0	1	1	0	0	0	1	2	0	1	0	0	0	#_70        
 1987	 8	2	3	2	4658	0	0	2	2	0	3	0	1	0	0	0	1	0	0	0	1	1	1	0	1	1	0	0	1	1	0	1	0	2	 1	 1	 0	 0	 1	 2	11	71	113	164	155	155	131	141	144	116	127	106	112	 91	102	 84	 81	 72	63	47	61	48	54	32	50	44	20	19	18	23	13	16	15	10	 4	5	8	2	0	7	0	5	3	2	2	1	1	1	0	1	2	1	1	0	0	0	0	1	2	0	0	1	2	0	1	0	0	0	1	0	0	0	0	1	0	2	0	0	1	1	1	1	2	0	0	1	0	0	0	 0	 0	 0	 1	 2	 2	14	58	110	129	138	145	136	119	103	115	 90	 74	 84	 83	 58	63	54	55	39	41	50	23	39	32	34	29	18	17	16	10	 9	12	 7	7	 9	7	4	3	3	4	1	0	1	0	2	1	1	0	1	1	1	1	1	1	0	0	2	0	0	1	#_71        
 1988	 9	2	3	2	4658	0	0	0	0	1	1	0	0	0	1	0	2	2	0	0	0	1	1	0	1	0	1	0	1	0	0	0	0	0	 2	 0	 0	 2	 1	 5	 9	76	108	143	170	150	157	147	150	145	133	117	 93	104	 77	 99	 65	 64	52	43	51	35	41	48	30	29	28	21	36	22	23	12	16	10	 9	6	6	9	3	3	2	2	2	2	0	2	1	1	0	1	1	0	3	0	0	1	1	0	1	0	0	1	0	0	2	1	0	0	0	0	0	0	0	0	1	1	0	0	1	0	0	1	1	0	0	0	1	2	1	 0	 0	 0	 2	 3	 3	 8	64	114	157	146	130	106	123	102	119	101	 87	 70	 63	 75	51	66	42	44	29	45	42	35	33	26	24	26	19	12	15	 9	12	 9	9	 6	6	5	2	2	2	2	1	6	3	1	1	0	1	1	0	1	0	0	0	0	0	1	1	0	0	#_72        
 1989	 9	2	3	2	4658	1	0	0	0	1	0	0	1	0	0	1	0	1	1	0	0	0	1	0	2	0	0	0	1	1	0	1	2	1	 1	 0	 0	 0	 1	 6	28	81	155	177	194	201	163	148	142	131	127	116	103	 95	 81	 70	 78	 49	53	51	45	33	29	36	28	22	21	16	17	17	10	13	10	 4	 8	9	4	4	4	0	2	2	1	0	0	2	0	0	0	3	2	1	2	0	0	1	0	0	0	0	1	0	0	0	0	0	1	0	1	0	0	2	0	0	0	2	0	0	0	0	0	0	0	0	0	0	2	0	1	 0	 0	 0	 1	 1	 3	18	64	133	178	167	160	119	130	104	 99	 90	 82	 74	 69	 71	52	47	39	42	35	29	16	27	19	21	15	15	15	10	 8	14	 7	11	6	 6	5	3	6	6	1	2	1	5	1	1	1	2	0	1	1	0	1	1	0	0	0	1	0	0	0	#_73        
 1990	 8	2	3	2	4658	1	0	3	0	1	1	0	0	1	3	1	0	1	0	0	0	0	2	0	1	0	0	1	0	0	0	0	0	1	 0	 0	 1	 0	 2	 2	38	91	169	201	199	208	189	160	174	140	104	113	124	 87	 81	 57	 61	 59	51	37	40	33	26	23	21	21	11	15	 6	10	 7	 6	 1	 4	 1	3	4	2	5	4	2	1	1	1	1	3	0	2	1	1	1	0	0	1	2	0	0	1	0	3	1	0	1	0	1	0	1	1	1	1	0	1	0	0	0	0	0	0	1	0	0	0	0	1	0	1	2	2	0	 0	 0	 1	 0	 2	 3	12	72	153	183	168	156	139	136	124	111	 95	 76	 78	 66	 55	53	50	43	33	31	19	 7	15	18	20	14	11	 8	10	 7	 5	 6	 8	2	 3	2	2	3	2	1	1	1	2	2	0	0	1	2	1	0	0	0	0	0	1	0	0	0	0	0	#_74        
 1991	 9	2	3	2	4658	1	1	1	1	0	0	1	0	0	0	0	0	2	0	0	1	0	1	0	0	0	0	1	0	0	0	0	0	0	 1	 0	 1	 0	 1	 4	16	78	153	178	216	212	197	172	161	175	135	127	 91	102	 84	 73	 63	 52	42	31	39	28	29	14	23	17	13	 7	14	 8	 9	 5	 3	 5	 3	2	2	2	1	2	3	2	2	0	2	0	0	0	0	1	0	0	0	0	0	0	0	0	1	0	0	0	0	1	1	0	0	0	1	0	1	0	0	1	1	1	0	1	0	0	0	0	0	1	0	1	0	1	0	 1	 1	 0	 1	 1	 5	17	50	152	179	183	163	156	132	125	104	108	 97	 82	 57	 63	52	40	41	35	22	20	18	30	15	13	11	 6	 5	 2	 6	 8	 5	 7	2	 4	2	1	0	0	1	0	3	2	1	2	1	0	0	0	0	0	0	1	1	0	0	0	0	0	1	#_75        
 1992	 9	2	3	2	4658	0	1	0	1	0	1	0	0	1	0	0	0	0	0	0	0	0	0	0	0	1	0	1	1	1	0	1	2	0	 1	 2	 1	 1	 0	 5	21	49	114	126	130	133	155	154	144	142	133	120	112	125	 93	 92	110	 78	87	63	63	52	43	30	41	25	24	15	18	17	10	 7	 5	 9	 4	4	3	3	0	1	3	0	2	0	1	0	0	1	1	1	1	0	0	1	0	1	1	1	1	1	0	1	0	0	1	1	1	1	2	0	3	0	1	0	1	1	1	0	0	0	1	0	0	0	0	1	2	1	0	 0	 0	 2	 1	 0	 1	12	51	100	132	122	128	126	135	125	100	124	102	 75	 80	 69	70	66	60	47	45	35	34	30	33	20	19	13	13	18	10	 6	 4	 7	5	 1	4	3	3	4	1	1	0	1	1	0	2	0	1	1	0	1	1	0	1	0	0	1	0	0	0	#_76        
 1993	 9	2	3	2	4658	0	0	1	0	0	0	0	0	1	0	0	0	0	0	1	0	1	2	1	0	1	0	1	1	1	0	0	0	2	 1	 1	 2	 1	 0	 0	 1	10	 52	155	170	213	180	194	171	176	153	137	123	101	106	 95	 81	 56	58	55	53	43	53	45	31	34	23	24	19	 7	 9	10	13	 3	 8	3	3	4	4	1	0	2	1	0	0	0	0	0	0	0	1	0	0	0	1	0	0	0	1	0	0	0	1	1	3	2	0	1	1	2	0	1	0	1	0	0	1	0	0	1	0	1	1	2	0	0	0	0	0	 1	 0	 0	 0	 1	 0	 4	 7	 43	131	167	168	149	130	106	 96	 96	 93	 91	 75	 60	56	59	48	46	32	33	25	36	30	23	18	16	12	10	10	 9	 9	 7	7	 6	6	2	4	1	1	0	2	0	0	4	2	1	0	0	2	0	1	0	1	0	1	0	0	0	0	#_77        
 1994	 9	2	3	2	4658	0	0	0	2	0	0	3	0	0	0	0	0	0	1	0	0	1	0	2	1	0	3	0	0	0	1	2	0	0	 0	 1	 0	 1	 2	 0	 0	 6	 35	114	153	194	158	150	167	129	140	119	119	119	101	101	 99	 78	88	64	45	54	43	34	27	26	15	26	29	14	10	17	 7	 6	 7	7	4	5	2	5	2	3	1	4	1	1	0	1	2	0	1	1	1	1	1	0	0	1	0	0	1	0	0	0	0	0	0	0	1	0	1	0	0	0	0	1	2	0	0	0	2	1	0	1	0	1	0	1	2	 0	 0	 0	 1	 2	 1	 0	 3	 31	110	139	145	142	129	135	132	110	106	100	 93	 77	65	72	58	43	47	44	38	42	31	24	21	24	20	15	19	 9	11	 6	4	10	2	4	3	3	2	1	1	1	1	0	0	0	0	0	1	1	2	1	1	0	0	0	1	0	2	#_78        
 1995	 9	2	3	2	4658	0	1	0	0	0	2	0	1	1	0	0	1	1	1	1	0	0	0	0	0	2	0	0	0	0	0	1	0	1	 0	 2	 0	 0	 0	 1	 1	 9	 52	157	203	236	202	182	177	142	176	142	136	108	113	 83	 72	 72	53	44	34	44	28	31	26	20	25	16	18	16	18	 7	11	12	 8	5	3	2	3	2	2	0	3	3	1	1	0	0	1	0	0	2	1	0	0	1	0	2	0	0	0	0	0	1	1	0	1	2	1	0	0	0	0	0	0	1	0	1	0	1	1	1	0	1	1	0	0	0	0	 0	 0	 1	 0	 0	 0	 2	 9	 42	148	181	163	127	154	108	115	 98	 70	 81	 71	 62	45	60	42	46	34	35	29	26	24	20	18	15	11	16	10	 9	 8	 5	5	 3	2	6	4	4	1	4	1	1	1	0	0	0	0	0	0	0	0	0	1	1	1	2	0	0	1	#_79        
 1996	 9	2	3	2	4658	0	0	0	1	0	0	0	1	0	0	0	0	0	0	0	0	1	0	0	1	0	0	0	0	0	0	3	1	1	 0	 1	 0	 1	 1	 0	 0	 7	 48	155	227	216	222	180	180	185	136	131	136	117	 91	 85	 74	 65	68	56	51	44	33	28	31	29	12	12	 7	12	 8	 8	 4	 5	 3	5	2	1	3	1	1	3	0	0	2	0	1	1	4	0	0	0	2	1	1	2	0	0	0	0	1	1	0	2	0	0	0	0	1	0	0	0	0	0	2	1	1	0	0	0	0	2	0	1	2	1	0	1	0	 0	 0	 0	 0	 1	 1	 0	 9	 47	128	180	195	156	166	153	108	101	 89	 74	 56	 66	55	44	51	41	27	26	15	12	18	16	15	16	 7	 7	 8	 8	 8	 5	4	 2	2	1	0	3	1	2	0	1	1	0	1	1	1	1	2	0	1	0	0	0	0	0	0	1	0	#_80        
 1997	 8	2	3	2	4658	0	0	1	0	0	0	1	1	0	0	0	0	0	0	0	0	2	1	0	1	0	0	0	0	0	1	1	0	0	 0	 0	 0	 1	 0	 0	 3	 8	 15	 53	116	130	155	145	145	168	141	127	140	134	136	119	121	101	91	62	79	58	57	53	36	33	42	26	22	12	15	13	10	17	 5	3	2	3	2	3	2	2	1	0	2	1	0	0	2	1	0	1	1	1	1	0	1	2	1	0	1	0	0	0	0	1	0	0	1	1	1	1	1	0	0	0	3	1	0	0	0	0	0	0	2	0	1	1	0	 0	 1	 1	 1	 1	 1	 1	 2	 14	 46	 91	136	150	134	122	124	108	118	109	109	101	89	76	60	70	48	42	36	31	29	30	16	20	20	 9	 9	13	 9	 8	2	 4	4	3	3	0	1	1	4	2	0	0	0	2	0	0	0	1	1	0	0	0	0	0	0	0	0	#_81        
 1998	 9	2	3	2	4658	0	2	0	0	0	0	0	1	2	0	0	1	0	0	0	1	0	0	1	1	0	0	1	1	0	0	1	0	0	 0	 0	 0	 0	 3	 0	 3	 7	 28	 63	135	167	184	187	175	158	155	138	124	 87	107	112	 85	 91	75	67	66	62	60	50	36	32	34	30	23	23	20	11	 8	16	 8	5	9	5	4	3	0	3	0	0	1	1	2	0	1	0	2	0	1	0	1	0	1	0	1	1	0	0	1	1	0	0	2	0	1	2	0	0	0	1	0	0	0	0	1	0	2	1	0	0	0	1	0	0	0	 0	 1	 2	 1	 0	 0	 2	 9	 23	 69	111	132	144	104	104	119	101	 89	 76	 76	 81	70	66	69	73	54	40	41	34	40	27	37	32	18	19	16	13	 9	12	5	10	5	4	3	4	1	3	1	1	3	0	0	1	0	0	0	1	1	0	0	1	0	0	2	0	2	#_82        
 1999	 9	2	3	2	4658	1	1	0	0	0	0	0	2	0	0	0	1	2	0	0	0	1	0	0	1	0	1	0	0	0	3	0	0	1	 0	 0	 1	 1	 1	 2	 4	 8	 39	 91	154	222	215	212	208	196	184	142	146	104	 92	 86	 75	 65	67	56	56	48	41	32	32	30	28	29	13	16	14	13	 5	11	 4	5	3	4	6	2	3	2	1	1	0	4	1	0	0	0	1	0	0	0	0	1	0	0	0	1	1	0	1	0	2	1	0	1	0	0	1	1	0	1	0	1	2	0	1	0	0	0	0	0	0	0	0	2	0	 0	 0	 0	 1	 1	 0	 2	 7	 23	 65	135	158	184	146	137	131	106	 86	 79	 86	 63	60	43	41	41	22	29	29	23	19	19	18	14	12	 8	 8	 7	 6	 5	7	 3	3	3	1	3	1	2	3	2	0	1	1	0	0	1	3	0	0	0	0	0	1	1	0	0	1	#_83        
 2000	 9	2	3	2	4658	0	0	1	2	1	0	0	1	2	1	1	1	0	1	1	0	2	0	0	1	1	0	0	1	1	0	0	0	0	 0	 0	 1	 0	 2	 0	 1	10	 17	 59	108	141	181	154	146	153	166	135	130	117	112	105	104	 98	87	79	73	63	42	45	55	28	31	25	24	17	18	14	 7	10	 9	7	1	3	3	2	0	3	2	0	0	0	1	0	1	1	0	0	2	1	0	2	0	1	0	0	1	1	1	1	0	0	0	0	1	0	0	0	0	0	0	0	0	1	0	0	0	0	0	0	0	2	0	0	0	 1	 0	 1	 0	 1	 0	 0	 4	 18	 51	100	116	143	135	138	137	135	120	108	108	 86	78	76	60	39	46	55	39	27	21	33	17	13	20	24	10	14	 7	 9	6	 3	4	3	5	2	1	1	2	5	1	2	0	1	2	1	0	1	1	0	0	1	0	1	1	1	0	#_84        
 2001	 9	2	3	2	4658	1	0	1	1	1	1	1	0	0	0	0	0	1	3	1	0	0	0	1	1	1	1	0	0	1	2	0	1	0	 0	 0	 0	 1	 1	 1	 3	11	 21	 76	134	174	170	175	189	160	157	158	130	112	106	 71	 73	 79	79	61	51	58	42	32	32	26	32	34	17	20	20	13	 7	 9	 5	7	7	3	5	2	1	0	1	3	1	1	1	2	1	0	0	0	0	0	0	0	1	1	0	0	1	1	0	0	0	0	0	0	1	0	0	1	3	0	0	1	1	0	0	0	0	0	0	0	1	1	0	1	1	 0	 0	 0	 0	 0	 1	 3	 7	 18	 63	123	169	163	147	135	121	120	 92	 99	116	 69	62	71	51	36	37	43	32	44	29	22	29	20	28	19	 7	11	 6	 7	6	 6	5	2	2	4	5	0	1	2	1	1	0	2	0	0	2	1	3	1	2	0	0	1	0	1	1	#_85        
 2002	 9	2	3	2	4658	1	0	0	1	0	1	0	0	1	0	0	0	0	2	0	0	1	2	1	2	0	0	0	0	1	1	0	0	0	 0	 1	 0	 1	 0	 0	 4	 8	 34	 78	168	226	233	205	194	189	182	140	129	107	100	 78	 74	 68	61	50	48	49	41	32	28	17	12	21	19	13	 9	12	 2	11	 4	6	6	4	3	0	2	1	2	0	3	0	0	0	0	1	0	0	1	0	0	2	0	1	1	1	0	0	0	0	0	0	0	1	0	0	0	0	0	2	0	1	0	0	0	0	0	0	0	1	0	2	0	1	2	 0	 0	 1	 1	 1	 2	 2	 4	 41	 72	141	164	161	153	169	124	123	 89	 88	 83	 62	69	49	46	33	38	27	22	24	21	16	21	 9	12	 9	 9	 6	10	 8	4	 4	5	2	2	2	2	2	0	2	2	1	0	0	0	0	2	1	2	1	0	2	3	1	0	2	0	#_86        
 2003	 9	2	3	2	4658	3	0	0	1	0	1	0	0	1	2	0	2	1	1	0	0	0	0	0	1	1	0	0	0	0	0	0	0	0	 1	 0	 3	 0	 0	 0	 2	 4	 18	 52	116	159	166	166	164	128	152	158	135	116	111	113	 84	 92	88	68	52	53	48	39	40	37	29	22	11	 7	12	 6	14	 7	 5	4	2	1	3	1	3	0	4	3	0	0	3	0	0	1	0	0	0	1	0	0	0	1	2	0	0	0	2	0	0	0	1	0	0	0	0	1	0	0	1	1	0	0	1	0	0	0	1	0	0	0	1	0	1	 1	 0	 2	 0	 0	 0	 1	 4	 21	 76	127	145	131	151	124	130	124	118	100	106	109	87	82	70	71	46	35	45	22	41	29	17	19	18	 5	16	11	 5	 7	8	 4	0	2	2	2	0	3	0	0	0	0	0	3	0	0	1	1	0	0	0	3	1	0	1	0	0	#_87        
 2004	 9	2	3	2	4658	1	0	0	0	0	0	0	0	1	1	0	0	1	1	2	0	0	2	0	1	0	0	0	1	0	0	0	0	0	 0	 1	 0	 1	 0	 0	 1	 6	 25	 75	143	169	231	202	174	193	148	142	125	109	102	100	 71	 62	77	65	43	46	33	31	33	25	27	26	24	16	10	10	 9	 5	 6	6	5	1	1	6	5	1	2	2	0	1	2	0	0	0	0	1	2	1	1	0	0	1	0	0	0	0	1	0	0	1	0	0	2	1	0	0	0	0	1	0	1	0	1	0	1	1	0	0	1	0	0	1	1	 1	 1	 0	 0	 2	 2	 1	 6	 21	 67	141	158	168	135	146	121	117	 99	 97	 86	 81	74	62	54	56	44	41	44	36	25	24	22	15	21	11	 5	 9	 9	 2	5	 4	5	3	0	0	0	0	1	1	2	0	1	0	0	3	0	0	0	0	1	0	0	0	0	0	0	#_88        
 2005	 9	2	3	2	4658	0	0	2	0	0	1	0	0	0	0	2	2	0	2	0	1	1	0	0	1	0	0	1	1	2	0	1	0	0	 0	 0	 0	 0	 0	 0	 1	11	 24	 67	148	167	164	176	162	173	145	128	129	118	108	 91	 74	 61	50	57	58	56	46	34	38	26	28	23	11	22	18	17	10	 2	10	2	7	3	6	4	2	2	0	2	4	0	1	0	0	0	0	0	0	1	0	0	0	0	0	0	1	0	1	0	0	1	0	0	0	0	0	0	0	0	0	3	1	1	1	0	0	1	0	0	1	0	0	0	0	 0	 0	 0	 0	 0	 0	 3	 9	 18	 76	123	165	179	157	140	138	140	101	106	 88	 81	79	58	56	51	37	36	51	28	28	28	18	21	21	21	 9	14	 7	 6	8	 5	4	5	2	3	3	3	1	1	1	1	2	1	2	0	0	0	2	2	1	0	1	1	0	1	0	#_89        
 2006	 9	3	3	2	 283	0	0	0	0	0	0	0	0	0	0	0	0	0	0	0	0	0	0	0	0	0	1	0	1	0	0	0	0	0	 0	 0	 0	 0	 0	 0	 0	 0	  1	  6	  8	 11	 15	  7	  7	 14	  7	 13	  8	  6	  9	  5	  2	  1	 2	 1	 2	 1	 3	 0	 2	 1	 1	 1	 0	 1	 2	 0	 0	 0	 0	0	0	0	0	0	0	0	0	0	0	0	0	0	0	0	0	0	0	0	0	0	0	0	0	0	0	0	0	0	0	0	0	0	0	0	0	0	0	0	0	0	0	0	0	0	0	0	0	0	0	0	0	0	0	 0	 0	 0	 0	 0	 0	 0	 0	  2	  9	 17	 12	 16	 12	 11	 10	  5	  5	  6	  4	  5	 2	 7	 4	 3	 2	 3	 2	 1	 0	 1	 0	 1	 0	 1	 0	 2	 0	 0	0	 1	0	0	0	0	0	0	0	0	0	0	0	0	0	0	0	0	0	0	0	0	0	0	0	0	0	#_90        
 2007	 9	3	3	2	 283	0	0	0	0	0	0	0	0	0	0	0	0	0	0	0	0	0	0	0	0	0	0	0	0	0	0	0	0	0	 0	 0	 0	 0	 0	 0	 0	 0	  0	  5	  9	  9	 10	 11	 16	 14	  8	 13	  6	  8	  5	  4	  5	  3	 0	 3	 3	 1	 1	 1	 3	 0	 0	 0	 1	 1	 1	 0	 0	 0	 0	0	0	0	0	1	0	0	0	0	0	0	0	0	0	0	0	0	0	0	0	0	0	0	0	0	1	0	0	0	0	0	0	0	0	0	0	0	0	0	0	0	0	0	0	0	0	0	0	0	0	0	0	1	0	 0	 0	 0	 0	 1	 0	 0	 0	  1	  5	 12	 24	 15	 12	 11	 11	 10	  4	  6	  5	  0	 2	 6	 2	 5	 0	 1	 1	 1	 0	 1	 1	 1	 1	 0	 0	 0	 0	 0	0	 0	0	0	0	0	0	0	0	0	0	0	0	0	0	0	0	0	0	0	0	0	0	0	0	0	0	#_91        
 2008	 9	3	3	2	 283	0	1	0	0	0	0	0	0	0	0	0	0	0	0	0	0	0	0	0	0	0	0	0	0	0	0	0	0	0	 0	 0	 0	 0	 1	 0	 0	 0	  2	  3	  9	 20	 15	 10	 13	 11	 15	 10	  6	  9	  8	  4	  2	  6	 2	 3	 1	 0	 1	 0	 0	 2	 0	 0	 0	 0	 0	 0	 0	 0	 0	0	0	0	0	0	0	0	1	0	0	0	0	0	0	0	0	0	0	0	0	0	0	0	0	0	0	0	0	0	0	0	0	0	0	0	0	0	0	0	0	0	0	0	1	0	0	0	0	0	0	0	0	0	1	 0	 0	 0	 0	 0	 0	 0	 0	  0	  7	  9	 10	 13	 10	  8	 14	 12	  6	  8	  5	  4	 0	 2	 1	 3	 2	 3	 1	 1	 0	 3	 1	 1	 1	 0	 0	 0	 0	 0	0	 0	0	0	0	0	0	0	0	0	0	0	0	0	0	0	0	0	0	0	1	0	0	0	0	0	0	#_92        
 2009	 9	3	3	2	 283	1	0	0	0	0	0	0	0	0	0	0	0	0	0	0	0	0	0	1	0	0	0	0	0	0	0	0	0	0	 0	 0	 0	 0	 0	 0	 0	 0	  1	  3	 11	 18	 13	 13	 13	  7	  6	 12	  9	  5	  6	  7	  4	  4	 4	 1	 0	 4	 2	 1	 1	 0	 1	 0	 0	 0	 0	 1	 0	 0	 0	0	0	0	0	0	0	0	0	1	0	0	0	0	0	0	0	0	0	0	0	0	0	0	0	0	0	0	0	0	0	0	0	0	0	0	0	0	0	0	0	0	0	0	0	0	0	0	0	0	0	0	0	0	0	 0	 0	 0	 0	 0	 0	 0	 1	  0	  3	 17	 11	 13	 12	 12	 13	  8	  8	 12	  4	  2	 3	 1	 3	 1	 1	 1	 2	 1	 0	 0	 0	 2	 1	 0	 0	 0	 0	 0	0	 0	1	0	0	0	0	0	0	0	0	0	0	0	0	0	0	0	0	0	0	0	0	0	0	0	0	#_93        
 2014	 9	3	3	2	 283	0	0	0	0	0	0	0	0	0	0	0	0	0	0	0	0	0	0	0	0	0	0	0	0	0	0	0	0	0	 0	 0	 0	 0	 0	 0	 0	 0	  0	  3	  7	 13	  9	 12	  7	 14	  6	  7	  6	  5	  6	  5	  6	  4	 6	 1	 3	 2	 1	 2	 0	 3	 3	 0	 0	 0	 0	 0	 0	 0	 0	0	0	0	0	0	0	0	0	0	0	0	0	0	0	0	0	0	0	0	0	0	0	0	0	0	0	0	0	0	0	0	0	0	0	0	0	0	0	0	0	0	0	0	0	0	0	0	0	0	0	0	0	0	0	 0	 0	 0	 0	 0	 0	 0	 0	  1	  4	 13	 12	 12	 14	 14	  8	  6	 10	  6	  4	  6	 7	 2	 6	 4	 3	 6	 1	 3	 3	 1	 0	 0	 0	 0	 1	 0	 1	 0	1	 0	0	0	0	0	0	0	0	0	0	0	1	0	0	1	0	0	1	0	0	0	0	0	0	0	0	#_94        
 2015	 5	3	3	2	 283	0	0	0	0	0	0	0	0	0	0	0	0	0	0	0	0	0	0	0	0	0	0	0	0	0	0	0	0	0	 0	 0	 0	 0	 0	 0	 0	 0	  0	  2	 10	 12	 10	 11	  9	 10	 14	 10	  6	  8	  3	  7	  8	  2	 3	 6	 1	 2	 2	 2	 0	 0	 3	 1	 1	 0	 0	 0	 0	 1	 0	0	0	0	0	0	0	0	0	0	0	0	0	0	0	0	0	0	0	0	0	0	0	0	0	0	0	0	0	0	0	0	0	0	0	0	0	0	0	0	0	0	0	0	0	0	0	0	0	0	0	0	0	0	0	 0	 0	 0	 0	 0	 0	 0	 1	  1	  3	 13	 12	 14	 12	  8	  5	  9	 10	 11	  9	  4	 2	 7	 3	 1	 1	 0	 3	 4	 2	 0	 1	 0	 0	 2	 0	 0	 0	 1	0	 0	0	0	0	0	0	0	0	0	0	0	0	0	0	0	0	0	0	0	0	0	0	0	0	0	0	#_95        
 2016	 7	3	3	2	 283	0	0	0	0	0	0	0	0	0	0	0	0	0	0	0	0	0	0	0	0	0	0	0	0	0	0	0	0	0	 0	 0	 0	 0	 0	 0	 0	 0	  1	  2	 11	  8	  6	 12	  6	 11	  7	  4	  9	  9	  7	  3	  1	  6	 8	 0	 6	 2	 0	 1	 1	 2	 1	 0	 0	 0	 0	 0	 0	 1	 0	0	0	0	0	0	0	0	0	0	0	0	0	0	0	0	0	0	0	0	0	0	0	0	0	0	0	0	0	0	0	0	0	0	1	0	0	0	0	0	0	0	0	0	0	0	0	0	0	0	0	0	0	0	0	 0	 0	 0	 0	 0	 0	 1	 0	  0	  2	 11	 10	  8	  9	 15	 13	 12	 11	  7	 15	  5	 8	 7	 4	 4	 4	 1	 3	 1	 3	 1	 1	 0	 0	 0	 1	 0	 0	 0	0	 0	0	0	0	0	0	0	0	0	0	0	0	0	0	0	0	0	0	0	0	0	0	0	0	0	0	#_96        
 2017	 7	3	3	2	 283	0	0	0	0	0	0	0	0	0	0	0	0	0	0	0	0	0	0	0	0	0	0	0	0	0	0	0	0	0	 0	 0	 0	 0	 0	 0	 0	 0	  0	  5	 11	 14	 10	 20	 21	 11	  6	 12	  5	  6	  3	  5	  4	  6	 3	 2	 0	 2	 2	 2	 0	 0	 0	 0	 1	 1	 0	 0	 0	 0	 0	0	0	1	1	0	0	0	0	0	0	0	0	0	0	0	0	0	0	0	0	0	0	0	0	0	0	0	0	0	0	0	0	0	0	0	0	0	0	0	0	0	0	0	0	0	0	0	0	0	0	0	1	0	1	 0	 0	 0	 0	 0	 0	 0	 0	  3	  5	 12	  5	 11	 12	 10	  8	 17	  4	  6	  6	  8	 8	 3	 3	 0	 2	 1	 0	 1	 1	 1	 0	 0	 0	 0	 0	 0	 0	 0	0	 0	0	0	0	0	0	0	0	0	0	0	0	0	0	0	0	0	0	0	0	0	0	0	0	0	0	#_97        
 2018	 7	3	3	2	 283	0	0	0	0	0	0	0	0	0	0	0	0	0	0	0	0	0	0	0	0	0	0	0	0	1	0	0	0	0	 0	 0	 0	 0	 0	 0	 0	 0	  1	  5	  8	  6	  9	 15	  9	 12	  7	  9	  5	 10	  9	  5	  2	  5	 5	 1	 5	 4	 3	 2	 1	 0	 0	 1	 0	 0	 0	 0	 0	 0	 0	0	0	0	0	0	0	0	0	0	0	0	0	0	0	0	0	0	0	0	0	0	0	0	0	0	0	0	0	0	0	0	0	0	1	0	0	0	0	0	0	0	0	0	0	0	0	0	0	0	0	0	0	0	0	 0	 0	 0	 0	 0	 0	 1	 1	  0	  3	 10	 12	  5	 10	 12	 16	 12	  6	  7	  5	 15	 2	 3	 6	 3	 5	 2	 1	 0	 1	 2	 0	 1	 0	 1	 0	 0	 0	 0	0	 0	0	0	0	0	0	0	0	0	0	0	0	0	0	0	0	0	0	0	0	0	0	0	0	0	0	#_98        
 2019	 7	3	3	2	 283	0	0	0	0	0	0	0	0	0	0	0	1	0	0	0	0	0	1	0	0	0	0	0	0	0	0	0	0	0	 0	 0	 0	 0	 0	 0	 0	 0	  0	  1	  5	  7	 10	 11	  8	  6	  5	 12	  7	  8	  8	  9	  3	  2	 4	 4	 6	 2	 4	 2	 4	 1	 3	 1	 0	 0	 0	 0	 0	 0	 0	0	0	0	0	0	0	0	0	0	0	0	0	0	0	0	0	0	0	0	0	0	0	0	0	0	0	0	0	0	0	0	0	0	0	0	0	0	0	0	0	0	0	0	0	0	0	0	0	0	0	0	0	0	0	 0	 0	 0	 0	 0	 0	 0	 0	  1	  7	  9	  9	 10	 16	  9	  8	 15	 13	 10	  5	  6	 6	 2	 5	 3	 1	 4	 1	 3	 1	 0	 0	 1	 1	 0	 0	 0	 0	 0	0	 0	0	0	0	0	0	0	1	0	0	0	0	0	0	1	0	0	0	0	0	0	0	0	0	0	0	#_99        
 2020	 9	3	3	2	 283	0	0	0	0	0	0	0	0	0	0	0	0	0	0	0	0	0	0	0	0	0	0	0	0	0	0	0	0	0	 0	 0	 0	 0	 0	 0	 0	 0	  0	  9	 11	 13	  6	  6	  8	  6	  4	  9	  7	  8	  7	  4	  8	  2	 4	 3	 1	 1	 2	 2	 0	 1	 0	 2	 0	 0	 0	 0	 0	 0	 0	0	0	0	0	0	0	0	0	1	0	0	0	0	0	1	0	0	0	0	0	0	0	0	0	0	0	0	0	0	0	0	0	0	0	0	1	0	0	0	0	0	0	0	0	0	0	0	0	0	0	0	0	0	0	 1	 0	 0	 0	 0	 0	 0	 0	  1	  2	  7	 11	 12	 12	 15	 11	 10	  7	  6	 14	  6	 8	 5	 7	 1	 3	 1	 1	 4	 2	 1	 2	 1	 0	 3	 1	 0	 0	 0	0	 0	0	0	0	0	0	0	0	0	0	0	0	0	0	1	0	0	0	0	0	0	0	0	0	0	0	#_100       
-9999	 0	0	0	0	   0	0	0	0	0	0	0	0	0	0	0	0	0	0	0	0	0	0	0	0	0	0	0	0	0	0	0	0	0	0	 0	 0	 0	 0	 0	 0	 0	 0	  0	  0	  0	  0	  0	  0	  0	  0	  0	  0	  0	  0	  0	  0	  0	  0	 0	 0	 0	 0	 0	 0	 0	 0	 0	 0	 0	 0	 0	 0	 0	 0	 0	0	0	0	0	0	0	0	0	0	0	0	0	0	0	0	0	0	0	0	0	0	0	0	0	0	0	0	0	0	0	0	0	0	0	0	0	0	0	0	0	0	0	0	0	0	0	0	0	0	0	0	0	0	0	 0	 0	 0	 0	 0	 0	 0	 0	  0	  0	  0	  0	  0	  0	  0	  0	  0	  0	  0	  0	  0	 0	 0	 0	 0	 0	 0	 0	 0	 0	 0	 0	 0	 0	 0	 0	 0	 0	 0	0	 0	0	0	0	0	0	0	0	0	0	0	0	0	0	0	0	0	0	0	0	0	0	0	0	0	0	#_terminator
0 #_N_agebins
#
#_MeanSize_at_Age_obs
0 #_use_MeanSize_at_Age_obs
0 #_N_environ_variables
0 #_N_sizefreq_methods
0 #_do_tags
0 #_morphcomp_data
0 #_use_selectivity_priors
#
999
