#C data file for lobster (wales)
#C file created using an r4ss function
#C file write time: 2026-06-11  17:24:27
#
1950 #_styr
2074 #_endyr
1 #_nseas
12 #_months_per_seas
2 #_Nsubseasons
1 #_spawn_month
2 #_Nsexes
20 #_Nages
1 #_N_areas
9 #_Nfleets
#_fleetinfo
#_type	surveytiming	area	units	need_catch_mult	fleetname
3	 1	1	1	0	Observer_inshore_u10        	#_1
1	-1	1	1	0	Pot_fisheries_historical    	#_2
1	-1	1	1	0	Pot_fisheries_u10           	#_3
1	-1	1	1	0	Pot_fisheries_10to12        	#_4
1	-1	1	1	0	Pot_fisheries_o12           	#_5
1	-1	1	1	0	Bycatch_fisheries_historical	#_6
1	-1	1	1	0	Bycatch_fisheries_gillnet   	#_7
1	-1	1	1	0	Bycatch_fisheries_trawl     	#_8
3	 1	1	2	0	Observer_prerecruit_u10     	#_9
#_Catch data
#_year	season	fleet	catch	catch_se
 -999	1	2	  85.6344	  0.3	#_1         
 1950	1	2	   11.218	0.005	#_2         
 1951	1	2	  6.40441	0.005	#_3         
 1952	1	2	  4.27319	0.005	#_4         
 1953	1	2	  5.24695	0.005	#_5         
 1954	1	2	  6.39321	0.005	#_6         
 1955	1	2	   3.1496	0.005	#_7         
 1956	1	2	  6.85392	0.005	#_8         
 1957	1	2	  7.32207	0.005	#_9         
 1958	1	2	  5.24766	0.005	#_10        
 1959	1	2	  43.3231	0.005	#_11        
 1960	1	2	  4.66869	0.005	#_12        
 1961	1	2	  5.78341	0.005	#_13        
 1962	1	2	  44.8743	0.005	#_14        
 1963	1	2	  68.0956	0.005	#_15        
 1964	1	2	  74.4674	0.005	#_16        
 1965	1	2	  67.3744	0.005	#_17        
 1966	1	2	  84.1085	0.005	#_18        
 1967	1	2	  79.4534	0.005	#_19        
 1968	1	2	  77.2784	0.005	#_20        
 1969	1	2	  94.6069	0.005	#_21        
 1970	1	2	  109.685	0.005	#_22        
 1971	1	2	   117.75	0.005	#_23        
 1972	1	2	  97.1235	0.005	#_24        
 1973	1	2	  114.026	0.005	#_25        
 1974	1	2	  84.9112	0.005	#_26        
 1975	1	2	  59.1565	0.005	#_27        
 1976	1	2	  62.3345	0.005	#_28        
 1977	1	2	   42.715	0.005	#_29        
 1978	1	2	   32.405	0.005	#_30        
 1979	1	2	  49.5503	0.005	#_31        
 1980	1	2	  24.6669	0.005	#_32        
 1981	1	2	  48.3397	0.005	#_33        
 1982	1	2	  68.8641	0.005	#_34        
 1983	1	2	   46.496	0.005	#_35        
 1984	1	2	  47.4769	0.005	#_36        
 1985	1	2	  80.6207	0.005	#_37        
 1986	1	2	  32.4312	0.005	#_38        
 1987	1	2	  108.385	0.005	#_39        
 1988	1	2	  173.934	0.005	#_40        
 1989	1	2	  167.869	0.005	#_41        
 1990	1	2	  213.207	0.005	#_42        
 1991	1	2	  47.2669	0.005	#_43        
 1992	1	2	  53.5036	0.005	#_44        
 1993	1	2	  215.856	0.005	#_45        
 1994	1	2	  41.4941	0.005	#_46        
 1995	1	2	  38.5977	0.005	#_47        
 1996	1	2	  43.3975	0.005	#_48        
 1997	1	2	  65.7121	0.005	#_49        
 1998	1	2	  43.7687	0.005	#_50        
 1999	1	2	   37.166	0.005	#_51        
 2000	1	2	  256.433	0.005	#_52        
 2001	1	2	  91.5906	0.005	#_53        
 2002	1	2	  126.338	0.005	#_54        
 2003	1	2	  221.959	0.005	#_55        
 2004	1	2	  132.444	0.005	#_56        
 2005	1	2	  784.127	0.005	#_57        
 2006	1	2	        0	 0.01	#_58        
 2007	1	2	        0	 0.01	#_59        
 2008	1	2	        0	 0.01	#_60        
 2009	1	2	        0	 0.01	#_61        
 2010	1	2	        0	 0.01	#_62        
 2011	1	2	        0	 0.01	#_63        
 2012	1	2	        0	 0.01	#_64        
 2013	1	2	        0	 0.01	#_65        
 2014	1	2	        0	 0.01	#_66        
 2015	1	2	        0	 0.01	#_67        
 2016	1	2	        0	 0.01	#_68        
 2017	1	2	        0	 0.01	#_69        
 2018	1	2	        0	 0.01	#_70        
 2019	1	2	        0	 0.01	#_71        
 2020	1	2	        0	 0.01	#_72        
 2021	1	2	        0	 0.01	#_73        
 2022	1	2	        0	 0.01	#_74        
 2023	1	2	        0	 0.01	#_75        
 2024	1	2	        0	 0.01	#_76        
 2025	1	2	        0	 0.01	#_77        
 2026	1	2	        0	 0.01	#_78        
 2027	1	2	        0	 0.01	#_79        
 2028	1	2	        0	 0.01	#_80        
 2029	1	2	        0	 0.01	#_81        
 2030	1	2	        0	 0.01	#_82        
 2031	1	2	        0	 0.01	#_83        
 2032	1	2	        0	 0.01	#_84        
 2033	1	2	        0	 0.01	#_85        
 2034	1	2	        0	 0.01	#_86        
 2035	1	2	        0	 0.01	#_87        
 2036	1	2	        0	 0.01	#_88        
 2037	1	2	        0	 0.01	#_89        
 2038	1	2	        0	 0.01	#_90        
 2039	1	2	        0	 0.01	#_91        
 2040	1	2	        0	 0.01	#_92        
 2041	1	2	        0	 0.01	#_93        
 2042	1	2	        0	 0.01	#_94        
 2043	1	2	        0	 0.01	#_95        
 2044	1	2	        0	 0.01	#_96        
 2045	1	2	        0	 0.01	#_97        
 2046	1	2	        0	 0.01	#_98        
 2047	1	2	        0	 0.01	#_99        
 2048	1	2	        0	 0.01	#_100       
 2049	1	2	        0	 0.01	#_101       
 2050	1	2	        0	 0.01	#_102       
 2051	1	2	        0	 0.01	#_103       
 2052	1	2	        0	 0.01	#_104       
 2053	1	2	        0	 0.01	#_105       
 2054	1	2	        0	 0.01	#_106       
 2055	1	2	        0	 0.01	#_107       
 2056	1	2	        0	 0.01	#_108       
 2057	1	2	        0	 0.01	#_109       
 2058	1	2	        0	 0.01	#_110       
 2059	1	2	        0	 0.01	#_111       
 2060	1	2	        0	 0.01	#_112       
 2061	1	2	        0	 0.01	#_113       
 2062	1	2	        0	 0.01	#_114       
 2063	1	2	        0	 0.01	#_115       
 2064	1	2	        0	 0.01	#_116       
 2065	1	2	        0	 0.01	#_117       
 2066	1	2	        0	 0.01	#_118       
 2067	1	2	        0	 0.01	#_119       
 2068	1	2	        0	 0.01	#_120       
 2069	1	2	        0	 0.01	#_121       
 2070	1	2	        0	 0.01	#_122       
 2071	1	2	        0	 0.01	#_123       
 2072	1	2	        0	 0.01	#_124       
 2073	1	2	        0	 0.01	#_125       
 2074	1	2	        0	 0.01	#_126       
 -999	1	3	        0	 0.01	#_127       
 1950	1	3	        0	 0.01	#_128       
 1951	1	3	        0	 0.01	#_129       
 1952	1	3	        0	 0.01	#_130       
 1953	1	3	        0	 0.01	#_131       
 1954	1	3	        0	 0.01	#_132       
 1955	1	3	        0	 0.01	#_133       
 1956	1	3	        0	 0.01	#_134       
 1957	1	3	        0	 0.01	#_135       
 1958	1	3	        0	 0.01	#_136       
 1959	1	3	        0	 0.01	#_137       
 1960	1	3	        0	 0.01	#_138       
 1961	1	3	        0	 0.01	#_139       
 1962	1	3	        0	 0.01	#_140       
 1963	1	3	        0	 0.01	#_141       
 1964	1	3	        0	 0.01	#_142       
 1965	1	3	        0	 0.01	#_143       
 1966	1	3	        0	 0.01	#_144       
 1967	1	3	        0	 0.01	#_145       
 1968	1	3	        0	 0.01	#_146       
 1969	1	3	        0	 0.01	#_147       
 1970	1	3	        0	 0.01	#_148       
 1971	1	3	        0	 0.01	#_149       
 1972	1	3	        0	 0.01	#_150       
 1973	1	3	        0	 0.01	#_151       
 1974	1	3	        0	 0.01	#_152       
 1975	1	3	        0	 0.01	#_153       
 1976	1	3	        0	 0.01	#_154       
 1977	1	3	        0	 0.01	#_155       
 1978	1	3	        0	 0.01	#_156       
 1979	1	3	        0	 0.01	#_157       
 1980	1	3	        0	 0.01	#_158       
 1981	1	3	        0	 0.01	#_159       
 1982	1	3	        0	 0.01	#_160       
 1983	1	3	        0	 0.01	#_161       
 1984	1	3	        0	 0.01	#_162       
 1985	1	3	        0	 0.01	#_163       
 1986	1	3	        0	 0.01	#_164       
 1987	1	3	        0	 0.01	#_165       
 1988	1	3	        0	 0.01	#_166       
 1989	1	3	        0	 0.01	#_167       
 1990	1	3	        0	 0.01	#_168       
 1991	1	3	        0	 0.01	#_169       
 1992	1	3	        0	 0.01	#_170       
 1993	1	3	        0	 0.01	#_171       
 1994	1	3	        0	 0.01	#_172       
 1995	1	3	        0	 0.01	#_173       
 1996	1	3	        0	 0.01	#_174       
 1997	1	3	        0	 0.01	#_175       
 1998	1	3	        0	 0.01	#_176       
 1999	1	3	        0	 0.01	#_177       
 2000	1	3	        0	 0.01	#_178       
 2001	1	3	        0	 0.01	#_179       
 2002	1	3	        0	 0.01	#_180       
 2003	1	3	        0	 0.01	#_181       
 2004	1	3	        0	 0.01	#_182       
 2005	1	3	        0	 0.01	#_183       
 2006	1	3	  391.922	0.005	#_184       
 2007	1	3	  301.815	0.005	#_185       
 2008	1	3	   382.38	0.005	#_186       
 2009	1	3	   69.551	0.005	#_187       
 2010	1	3	   96.304	0.005	#_188       
 2011	1	3	   97.783	0.005	#_189       
 2012	1	3	  95.1768	0.005	#_190       
 2013	1	3	  45.3393	0.005	#_191       
 2014	1	3	  73.5064	0.005	#_192       
 2015	1	3	  96.3257	0.005	#_193       
 2016	1	3	   129.59	0.005	#_194       
 2017	1	3	  167.741	0.005	#_195       
 2018	1	3	  130.983	0.005	#_196       
 2019	1	3	  110.522	0.005	#_197       
 2020	1	3	  103.909	0.005	#_198       
 2021	1	3	  104.062	0.005	#_199       
 2022	1	3	  100.147	0.005	#_200       
 2023	1	3	  66.9263	0.005	#_201       
 2024	1	3	  42.5287	0.005	#_202       
 2025	1	3	   116.08	0.005	#_203       
 2026	1	3	  108.655	0.005	#_204       
 2027	1	3	  150.818	0.005	#_205       
 2028	1	3	  172.789	0.005	#_206       
 2029	1	3	  129.766	0.005	#_207       
 2030	1	3	   126.02	0.005	#_208       
 2031	1	3	  119.045	0.005	#_209       
 2032	1	3	  111.581	0.005	#_210       
 2033	1	3	   90.234	0.005	#_211       
 2034	1	3	  93.9881	0.005	#_212       
 2035	1	3	  97.4779	0.005	#_213       
 2036	1	3	  103.495	0.005	#_214       
 2037	1	3	  90.9847	0.005	#_215       
 2038	1	3	  69.9622	0.005	#_216       
 2039	1	3	  72.0515	0.005	#_217       
 2040	1	3	  66.3826	0.005	#_218       
 2041	1	3	  84.2846	0.005	#_219       
 2042	1	3	  83.8357	0.005	#_220       
 2043	1	3	  98.6108	0.005	#_221       
 2044	1	3	  91.8824	0.005	#_222       
 2045	1	3	  75.1273	0.005	#_223       
 2046	1	3	  74.6701	0.005	#_224       
 2047	1	3	  90.9218	0.005	#_225       
 2048	1	3	  64.7142	0.005	#_226       
 2049	1	3	   61.584	0.005	#_227       
 2050	1	3	  111.212	0.005	#_228       
 2051	1	3	  114.355	0.005	#_229       
 2052	1	3	  86.2699	0.005	#_230       
 2053	1	3	  67.6088	0.005	#_231       
 2054	1	3	  64.5295	0.005	#_232       
 2055	1	3	  50.9682	0.005	#_233       
 2056	1	3	  54.4537	0.005	#_234       
 2057	1	3	   66.688	0.005	#_235       
 2058	1	3	  84.5119	0.005	#_236       
 2059	1	3	  132.566	0.005	#_237       
 2060	1	3	   166.27	0.005	#_238       
 2061	1	3	  139.243	0.005	#_239       
 2062	1	3	  129.563	0.005	#_240       
 2063	1	3	  89.8049	0.005	#_241       
 2064	1	3	  78.9925	0.005	#_242       
 2065	1	3	  66.3399	0.005	#_243       
 2066	1	3	  81.2804	0.005	#_244       
 2067	1	3	  79.3593	0.005	#_245       
 2068	1	3	  94.7975	0.005	#_246       
 2069	1	3	  79.7777	0.005	#_247       
 2070	1	3	  100.504	0.005	#_248       
 2071	1	3	  112.331	0.005	#_249       
 2072	1	3	  76.3164	0.005	#_250       
 2073	1	3	  73.4955	0.005	#_251       
 2074	1	3	  96.8223	0.005	#_252       
 -999	1	4	        0	 0.01	#_253       
 1950	1	4	        0	 0.01	#_254       
 1951	1	4	        0	 0.01	#_255       
 1952	1	4	        0	 0.01	#_256       
 1953	1	4	        0	 0.01	#_257       
 1954	1	4	        0	 0.01	#_258       
 1955	1	4	        0	 0.01	#_259       
 1956	1	4	        0	 0.01	#_260       
 1957	1	4	        0	 0.01	#_261       
 1958	1	4	        0	 0.01	#_262       
 1959	1	4	        0	 0.01	#_263       
 1960	1	4	        0	 0.01	#_264       
 1961	1	4	        0	 0.01	#_265       
 1962	1	4	        0	 0.01	#_266       
 1963	1	4	        0	 0.01	#_267       
 1964	1	4	        0	 0.01	#_268       
 1965	1	4	        0	 0.01	#_269       
 1966	1	4	        0	 0.01	#_270       
 1967	1	4	        0	 0.01	#_271       
 1968	1	4	        0	 0.01	#_272       
 1969	1	4	        0	 0.01	#_273       
 1970	1	4	        0	 0.01	#_274       
 1971	1	4	        0	 0.01	#_275       
 1972	1	4	        0	 0.01	#_276       
 1973	1	4	        0	 0.01	#_277       
 1974	1	4	        0	 0.01	#_278       
 1975	1	4	        0	 0.01	#_279       
 1976	1	4	        0	 0.01	#_280       
 1977	1	4	        0	 0.01	#_281       
 1978	1	4	        0	 0.01	#_282       
 1979	1	4	        0	 0.01	#_283       
 1980	1	4	        0	 0.01	#_284       
 1981	1	4	        0	 0.01	#_285       
 1982	1	4	        0	 0.01	#_286       
 1983	1	4	        0	 0.01	#_287       
 1984	1	4	        0	 0.01	#_288       
 1985	1	4	        0	 0.01	#_289       
 1986	1	4	        0	 0.01	#_290       
 1987	1	4	        0	 0.01	#_291       
 1988	1	4	        0	 0.01	#_292       
 1989	1	4	        0	 0.01	#_293       
 1990	1	4	        0	 0.01	#_294       
 1991	1	4	        0	 0.01	#_295       
 1992	1	4	        0	 0.01	#_296       
 1993	1	4	        0	 0.01	#_297       
 1994	1	4	        0	 0.01	#_298       
 1995	1	4	        0	 0.01	#_299       
 1996	1	4	        0	 0.01	#_300       
 1997	1	4	        0	 0.01	#_301       
 1998	1	4	        0	 0.01	#_302       
 1999	1	4	        0	 0.01	#_303       
 2000	1	4	        0	 0.01	#_304       
 2001	1	4	        0	 0.01	#_305       
 2002	1	4	        0	 0.01	#_306       
 2003	1	4	        0	 0.01	#_307       
 2004	1	4	        0	 0.01	#_308       
 2005	1	4	        0	 0.01	#_309       
 2006	1	4	  35.3932	0.005	#_310       
 2007	1	4	  14.4865	0.005	#_311       
 2008	1	4	  8.55571	0.005	#_312       
 2009	1	4	  14.7511	0.005	#_313       
 2010	1	4	  25.5055	0.005	#_314       
 2011	1	4	  24.1784	0.005	#_315       
 2012	1	4	  27.8419	0.005	#_316       
 2013	1	4	  18.3881	0.005	#_317       
 2014	1	4	  23.9142	0.005	#_318       
 2015	1	4	  30.3811	0.005	#_319       
 2016	1	4	  34.9864	0.005	#_320       
 2017	1	4	  24.9965	0.005	#_321       
 2018	1	4	  28.8243	0.005	#_322       
 2019	1	4	  32.3519	0.005	#_323       
 2020	1	4	  36.8578	0.005	#_324       
 2021	1	4	  31.5339	0.005	#_325       
 2022	1	4	   26.937	0.005	#_326       
 2023	1	4	  16.5201	0.005	#_327       
 2024	1	4	  8.98132	0.005	#_328       
 2025	1	4	  32.2958	0.005	#_329       
 2026	1	4	  33.7713	0.005	#_330       
 2027	1	4	  46.2084	0.005	#_331       
 2028	1	4	  46.8658	0.005	#_332       
 2029	1	4	  35.7238	0.005	#_333       
 2030	1	4	  35.9894	0.005	#_334       
 2031	1	4	  33.2061	0.005	#_335       
 2032	1	4	  30.6717	0.005	#_336       
 2033	1	4	  25.2915	0.005	#_337       
 2034	1	4	  28.9711	0.005	#_338       
 2035	1	4	  36.7855	0.005	#_339       
 2036	1	4	  38.6539	0.005	#_340       
 2037	1	4	  34.0183	0.005	#_341       
 2038	1	4	  26.6486	0.005	#_342       
 2039	1	4	  27.3802	0.005	#_343       
 2040	1	4	  25.2424	0.005	#_344       
 2041	1	4	  31.7769	0.005	#_345       
 2042	1	4	  31.9576	0.005	#_346       
 2043	1	4	  37.2357	0.005	#_347       
 2044	1	4	  34.6015	0.005	#_348       
 2045	1	4	  28.2876	0.005	#_349       
 2046	1	4	  28.1245	0.005	#_350       
 2047	1	4	  34.4845	0.005	#_351       
 2048	1	4	  24.3702	0.005	#_352       
 2049	1	4	  23.2368	0.005	#_353       
 2050	1	4	  42.0966	0.005	#_354       
 2051	1	4	   43.464	0.005	#_355       
 2052	1	4	  32.5613	0.005	#_356       
 2053	1	4	  25.6685	0.005	#_357       
 2054	1	4	   24.114	0.005	#_358       
 2055	1	4	  19.1114	0.005	#_359       
 2056	1	4	  20.5202	0.005	#_360       
 2057	1	4	  25.2174	0.005	#_361       
 2058	1	4	  31.7482	0.005	#_362       
 2059	1	4	  50.9638	0.005	#_363       
 2060	1	4	  63.1629	0.005	#_364       
 2061	1	4	   52.035	0.005	#_365       
 2062	1	4	  48.0925	0.005	#_366       
 2063	1	4	  33.7107	0.005	#_367       
 2064	1	4	  29.5947	0.005	#_368       
 2065	1	4	   25.221	0.005	#_369       
 2066	1	4	  30.4219	0.005	#_370       
 2067	1	4	  30.0235	0.005	#_371       
 2068	1	4	  35.6398	0.005	#_372       
 2069	1	4	  29.8029	0.005	#_373       
 2070	1	4	  37.2602	0.005	#_374       
 2071	1	4	  42.5583	0.005	#_375       
 2072	1	4	  28.9837	0.005	#_376       
 2073	1	4	  27.9651	0.005	#_377       
 2074	1	4	  36.6396	0.005	#_378       
 -999	1	5	        0	 0.01	#_379       
 1950	1	5	        0	 0.01	#_380       
 1951	1	5	        0	 0.01	#_381       
 1952	1	5	        0	 0.01	#_382       
 1953	1	5	        0	 0.01	#_383       
 1954	1	5	        0	 0.01	#_384       
 1955	1	5	        0	 0.01	#_385       
 1956	1	5	        0	 0.01	#_386       
 1957	1	5	        0	 0.01	#_387       
 1958	1	5	        0	 0.01	#_388       
 1959	1	5	        0	 0.01	#_389       
 1960	1	5	        0	 0.01	#_390       
 1961	1	5	        0	 0.01	#_391       
 1962	1	5	        0	 0.01	#_392       
 1963	1	5	        0	 0.01	#_393       
 1964	1	5	        0	 0.01	#_394       
 1965	1	5	        0	 0.01	#_395       
 1966	1	5	        0	 0.01	#_396       
 1967	1	5	        0	 0.01	#_397       
 1968	1	5	        0	 0.01	#_398       
 1969	1	5	        0	 0.01	#_399       
 1970	1	5	        0	 0.01	#_400       
 1971	1	5	        0	 0.01	#_401       
 1972	1	5	        0	 0.01	#_402       
 1973	1	5	        0	 0.01	#_403       
 1974	1	5	        0	 0.01	#_404       
 1975	1	5	        0	 0.01	#_405       
 1976	1	5	        0	 0.01	#_406       
 1977	1	5	        0	 0.01	#_407       
 1978	1	5	        0	 0.01	#_408       
 1979	1	5	        0	 0.01	#_409       
 1980	1	5	        0	 0.01	#_410       
 1981	1	5	        0	 0.01	#_411       
 1982	1	5	        0	 0.01	#_412       
 1983	1	5	        0	 0.01	#_413       
 1984	1	5	        0	 0.01	#_414       
 1985	1	5	        0	 0.01	#_415       
 1986	1	5	        0	 0.01	#_416       
 1987	1	5	        0	 0.01	#_417       
 1988	1	5	        0	 0.01	#_418       
 1989	1	5	        0	 0.01	#_419       
 1990	1	5	        0	 0.01	#_420       
 1991	1	5	        0	 0.01	#_421       
 1992	1	5	        0	 0.01	#_422       
 1993	1	5	        0	 0.01	#_423       
 1994	1	5	        0	 0.01	#_424       
 1995	1	5	        0	 0.01	#_425       
 1996	1	5	        0	 0.01	#_426       
 1997	1	5	        0	 0.01	#_427       
 1998	1	5	        0	 0.01	#_428       
 1999	1	5	        0	 0.01	#_429       
 2000	1	5	        0	 0.01	#_430       
 2001	1	5	        0	 0.01	#_431       
 2002	1	5	        0	 0.01	#_432       
 2003	1	5	        0	 0.01	#_433       
 2004	1	5	        0	 0.01	#_434       
 2005	1	5	        0	 0.01	#_435       
 2006	1	5	        0	 0.01	#_436       
 2007	1	5	  1.28905	0.005	#_437       
 2008	1	5	  2.30881	0.005	#_438       
 2009	1	5	  4.52471	0.005	#_439       
 2010	1	5	  6.44319	0.005	#_440       
 2011	1	5	  2.92262	0.005	#_441       
 2012	1	5	 0.646319	0.005	#_442       
 2013	1	5	  1.78361	0.005	#_443       
 2014	1	5	  1.25638	0.005	#_444       
 2015	1	5	  2.27269	0.005	#_445       
 2016	1	5	   3.0947	0.005	#_446       
 2017	1	5	  8.60363	0.005	#_447       
 2018	1	5	  4.53582	0.005	#_448       
 2019	1	5	  2.85632	0.005	#_449       
 2020	1	5	  1.57473	0.005	#_450       
 2021	1	5	  1.86116	0.005	#_451       
 2022	1	5	   1.6149	0.005	#_452       
 2023	1	5	  1.46516	0.005	#_453       
 2024	1	5	    2.264	0.005	#_454       
 2025	1	5	  2.09119	0.005	#_455       
 2026	1	5	  2.38871	0.005	#_456       
 2027	1	5	  2.97732	0.005	#_457       
 2028	1	5	  2.78005	0.005	#_458       
 2029	1	5	  2.29452	0.005	#_459       
 2030	1	5	  2.28751	0.005	#_460       
 2031	1	5	  2.10737	0.005	#_461       
 2032	1	5	  1.86862	0.005	#_462       
 2033	1	5	  1.66273	0.005	#_463       
 2034	1	5	  2.00816	0.005	#_464       
 2035	1	5	  2.39917	0.005	#_465       
 2036	1	5	  2.43847	0.005	#_466       
 2037	1	5	  2.02024	0.005	#_467       
 2038	1	5	  1.75564	0.005	#_468       
 2039	1	5	  1.69716	0.005	#_469       
 2040	1	5	  1.77399	0.005	#_470       
 2041	1	5	   2.0141	0.005	#_471       
 2042	1	5	  2.14112	0.005	#_472       
 2043	1	5	  2.35625	0.005	#_473       
 2044	1	5	   2.1057	0.005	#_474       
 2045	1	5	  1.77945	0.005	#_475       
 2046	1	5	  2.01322	0.005	#_476       
 2047	1	5	  2.02944	0.005	#_477       
 2048	1	5	  1.45063	0.005	#_478       
 2049	1	5	  1.86211	0.005	#_479       
 2050	1	5	   2.7385	0.005	#_480       
 2051	1	5	  2.55974	0.005	#_481       
 2052	1	5	  1.93138	0.005	#_482       
 2053	1	5	  1.69012	0.005	#_483       
 2054	1	5	  1.48311	0.005	#_484       
 2055	1	5	  1.25872	0.005	#_485       
 2056	1	5	  1.40324	0.005	#_486       
 2057	1	5	  1.66764	0.005	#_487       
 2058	1	5	  2.33246	0.005	#_488       
 2059	1	5	   3.5476	0.005	#_489       
 2060	1	5	  3.74787	0.005	#_490       
 2061	1	5	  3.32355	0.005	#_491       
 2062	1	5	  2.80585	0.005	#_492       
 2063	1	5	  2.18146	0.005	#_493       
 2064	1	5	  1.83374	0.005	#_494       
 2065	1	5	  1.78241	0.005	#_495       
 2066	1	5	  1.92558	0.005	#_496       
 2067	1	5	  2.08511	0.005	#_497       
 2068	1	5	  2.14145	0.005	#_498       
 2069	1	5	  2.06029	0.005	#_499       
 2070	1	5	  2.57456	0.005	#_500       
 2071	1	5	  2.44965	0.005	#_501       
 2072	1	5	  1.80205	0.005	#_502       
 2073	1	5	  1.98922	0.005	#_503       
 2074	1	5	  2.42075	0.005	#_504       
 -999	1	6	        0	 0.01	#_505       
 1950	1	6	  1.08415	0.005	#_506       
 1951	1	6	  1.09601	0.005	#_507       
 1952	1	6	  1.09656	0.005	#_508       
 1953	1	6	  1.09451	0.005	#_509       
 1954	1	6	  1.09191	0.005	#_510       
 1955	1	6	  1.08936	0.005	#_511       
 1956	1	6	  1.09268	0.005	#_512       
 1957	1	6	  1.09651	0.005	#_513       
 1958	1	6	  1.08486	0.005	#_514       
 1959	1	6	  1.09218	0.005	#_515       
 1960	1	6	  1.08505	0.005	#_516       
 1961	1	6	  1.07992	0.005	#_517       
 1962	1	6	  1.09027	0.005	#_518       
 1963	1	6	  1.07754	0.005	#_519       
 1964	1	6	  1.08534	0.005	#_520       
 1965	1	6	  1.08135	0.005	#_521       
 1966	1	6	  1.07874	0.005	#_522       
 1967	1	6	  1.08337	0.005	#_523       
 1968	1	6	  1.09016	0.005	#_524       
 1969	1	6	  1.08769	0.005	#_525       
 1970	1	6	  1.09314	0.005	#_526       
 1971	1	6	  1.09004	0.005	#_527       
 1972	1	6	  1.09612	0.005	#_528       
 1973	1	6	   1.0872	0.005	#_529       
 1974	1	6	  1.09868	0.005	#_530       
 1975	1	6	  1.11009	0.005	#_531       
 1976	1	6	  1.10212	0.005	#_532       
 1977	1	6	  1.11593	0.005	#_533       
 1978	1	6	  1.10202	0.005	#_534       
 1979	1	6	  1.10875	0.005	#_535       
 1980	1	6	  1.11378	0.005	#_536       
 1981	1	6	  1.10033	0.005	#_537       
 1982	1	6	  1.11294	0.005	#_538       
 1983	1	6	  1.08534	0.005	#_539       
 1984	1	6	  1.08364	0.005	#_540       
 1985	1	6	  1.09349	0.005	#_541       
 1986	1	6	  1.05998	0.005	#_542       
 1987	1	6	  1.01972	0.005	#_543       
 1988	1	6	 0.988009	0.005	#_544       
 1989	1	6	 0.959313	0.005	#_545       
 1990	1	6	 0.914274	0.005	#_546       
 1991	1	6	 0.884335	0.005	#_547       
 1992	1	6	  0.83256	0.005	#_548       
 1993	1	6	 0.811295	0.005	#_549       
 1994	1	6	 0.760679	0.005	#_550       
 1995	1	6	 0.698703	0.005	#_551       
 1996	1	6	 0.693118	0.005	#_552       
 1997	1	6	 0.695893	0.005	#_553       
 1998	1	6	 0.720844	0.005	#_554       
 1999	1	6	 0.736563	0.005	#_555       
 2000	1	6	 0.748658	0.005	#_556       
 2001	1	6	 0.728247	0.005	#_557       
 2002	1	6	 0.758046	0.005	#_558       
 2003	1	6	 0.807355	0.005	#_559       
 2004	1	6	 0.864326	0.005	#_560       
 2005	1	6	 0.875335	0.005	#_561       
 2006	1	6	        0	 0.01	#_562       
 2007	1	6	        0	 0.01	#_563       
 2008	1	6	        0	 0.01	#_564       
 2009	1	6	        0	 0.01	#_565       
 2010	1	6	        0	 0.01	#_566       
 2011	1	6	        0	 0.01	#_567       
 2012	1	6	        0	 0.01	#_568       
 2013	1	6	        0	 0.01	#_569       
 2014	1	6	        0	 0.01	#_570       
 2015	1	6	        0	 0.01	#_571       
 2016	1	6	        0	 0.01	#_572       
 2017	1	6	        0	 0.01	#_573       
 2018	1	6	        0	 0.01	#_574       
 2019	1	6	        0	 0.01	#_575       
 2020	1	6	        0	 0.01	#_576       
 2021	1	6	        0	 0.01	#_577       
 2022	1	6	        0	 0.01	#_578       
 2023	1	6	        0	 0.01	#_579       
 2024	1	6	        0	 0.01	#_580       
 2025	1	6	        0	 0.01	#_581       
 2026	1	6	        0	 0.01	#_582       
 2027	1	6	        0	 0.01	#_583       
 2028	1	6	        0	 0.01	#_584       
 2029	1	6	        0	 0.01	#_585       
 2030	1	6	        0	 0.01	#_586       
 2031	1	6	        0	 0.01	#_587       
 2032	1	6	        0	 0.01	#_588       
 2033	1	6	        0	 0.01	#_589       
 2034	1	6	        0	 0.01	#_590       
 2035	1	6	        0	 0.01	#_591       
 2036	1	6	        0	 0.01	#_592       
 2037	1	6	        0	 0.01	#_593       
 2038	1	6	        0	 0.01	#_594       
 2039	1	6	        0	 0.01	#_595       
 2040	1	6	        0	 0.01	#_596       
 2041	1	6	        0	 0.01	#_597       
 2042	1	6	        0	 0.01	#_598       
 2043	1	6	        0	 0.01	#_599       
 2044	1	6	        0	 0.01	#_600       
 2045	1	6	        0	 0.01	#_601       
 2046	1	6	        0	 0.01	#_602       
 2047	1	6	        0	 0.01	#_603       
 2048	1	6	        0	 0.01	#_604       
 2049	1	6	        0	 0.01	#_605       
 2050	1	6	        0	 0.01	#_606       
 2051	1	6	        0	 0.01	#_607       
 2052	1	6	        0	 0.01	#_608       
 2053	1	6	        0	 0.01	#_609       
 2054	1	6	        0	 0.01	#_610       
 2055	1	6	        0	 0.01	#_611       
 2056	1	6	        0	 0.01	#_612       
 2057	1	6	        0	 0.01	#_613       
 2058	1	6	        0	 0.01	#_614       
 2059	1	6	        0	 0.01	#_615       
 2060	1	6	        0	 0.01	#_616       
 2061	1	6	        0	 0.01	#_617       
 2062	1	6	        0	 0.01	#_618       
 2063	1	6	        0	 0.01	#_619       
 2064	1	6	        0	 0.01	#_620       
 2065	1	6	        0	 0.01	#_621       
 2066	1	6	        0	 0.01	#_622       
 2067	1	6	        0	 0.01	#_623       
 2068	1	6	        0	 0.01	#_624       
 2069	1	6	        0	 0.01	#_625       
 2070	1	6	        0	 0.01	#_626       
 2071	1	6	        0	 0.01	#_627       
 2072	1	6	        0	 0.01	#_628       
 2073	1	6	        0	 0.01	#_629       
 2074	1	6	        0	 0.01	#_630       
 -999	1	7	        0	 0.01	#_631       
 1950	1	7	        0	 0.01	#_632       
 1951	1	7	        0	 0.01	#_633       
 1952	1	7	        0	 0.01	#_634       
 1953	1	7	        0	 0.01	#_635       
 1954	1	7	        0	 0.01	#_636       
 1955	1	7	        0	 0.01	#_637       
 1956	1	7	        0	 0.01	#_638       
 1957	1	7	        0	 0.01	#_639       
 1958	1	7	        0	 0.01	#_640       
 1959	1	7	        0	 0.01	#_641       
 1960	1	7	        0	 0.01	#_642       
 1961	1	7	        0	 0.01	#_643       
 1962	1	7	        0	 0.01	#_644       
 1963	1	7	        0	 0.01	#_645       
 1964	1	7	        0	 0.01	#_646       
 1965	1	7	        0	 0.01	#_647       
 1966	1	7	        0	 0.01	#_648       
 1967	1	7	        0	 0.01	#_649       
 1968	1	7	        0	 0.01	#_650       
 1969	1	7	        0	 0.01	#_651       
 1970	1	7	        0	 0.01	#_652       
 1971	1	7	        0	 0.01	#_653       
 1972	1	7	        0	 0.01	#_654       
 1973	1	7	        0	 0.01	#_655       
 1974	1	7	        0	 0.01	#_656       
 1975	1	7	        0	 0.01	#_657       
 1976	1	7	        0	 0.01	#_658       
 1977	1	7	        0	 0.01	#_659       
 1978	1	7	        0	 0.01	#_660       
 1979	1	7	        0	 0.01	#_661       
 1980	1	7	        0	 0.01	#_662       
 1981	1	7	        0	 0.01	#_663       
 1982	1	7	        0	 0.01	#_664       
 1983	1	7	        0	 0.01	#_665       
 1984	1	7	        0	 0.01	#_666       
 1985	1	7	        0	 0.01	#_667       
 1986	1	7	        0	 0.01	#_668       
 1987	1	7	        0	 0.01	#_669       
 1988	1	7	        0	 0.01	#_670       
 1989	1	7	        0	 0.01	#_671       
 1990	1	7	        0	 0.01	#_672       
 1991	1	7	        0	 0.01	#_673       
 1992	1	7	        0	 0.01	#_674       
 1993	1	7	        0	 0.01	#_675       
 1994	1	7	        0	 0.01	#_676       
 1995	1	7	        0	 0.01	#_677       
 1996	1	7	        0	 0.01	#_678       
 1997	1	7	        0	 0.01	#_679       
 1998	1	7	        0	 0.01	#_680       
 1999	1	7	        0	 0.01	#_681       
 2000	1	7	        0	 0.01	#_682       
 2001	1	7	        0	 0.01	#_683       
 2002	1	7	        0	 0.01	#_684       
 2003	1	7	        0	 0.01	#_685       
 2004	1	7	        0	 0.01	#_686       
 2005	1	7	        0	 0.01	#_687       
 2006	1	7	 0.738703	0.005	#_688       
 2007	1	7	 0.539575	0.005	#_689       
 2008	1	7	  1.38265	0.005	#_690       
 2009	1	7	  1.15375	0.005	#_691       
 2010	1	7	  1.05118	0.005	#_692       
 2011	1	7	  2.10576	0.005	#_693       
 2012	1	7	  2.62835	0.005	#_694       
 2013	1	7	  1.70235	0.005	#_695       
 2014	1	7	  1.77524	0.005	#_696       
 2015	1	7	 0.833433	0.005	#_697       
 2016	1	7	  1.25575	0.005	#_698       
 2017	1	7	  1.42858	0.005	#_699       
 2018	1	7	 0.604548	0.005	#_700       
 2019	1	7	 0.789675	0.005	#_701       
 2020	1	7	 0.787398	0.005	#_702       
 2021	1	7	 0.265007	0.005	#_703       
 2022	1	7	 0.535244	0.005	#_704       
 2023	1	7	 0.313583	0.005	#_705       
 2024	1	7	 0.168438	0.005	#_706       
 2025	1	7	   2.5568	0.005	#_707       
 2026	1	7	  2.42852	0.005	#_708       
 2027	1	7	  2.38743	0.005	#_709       
 2028	1	7	   2.3452	0.005	#_710       
 2029	1	7	  2.19473	0.005	#_711       
 2030	1	7	  2.10184	0.005	#_712       
 2031	1	7	   2.0145	0.005	#_713       
 2032	1	7	  1.91352	0.005	#_714       
 2033	1	7	  1.78275	0.005	#_715       
 2034	1	7	  1.69629	0.005	#_716       
 2035	1	7	  1.69576	0.005	#_717       
 2036	1	7	  1.70897	0.005	#_718       
 2037	1	7	  1.71157	0.005	#_719       
 2038	1	7	  1.64786	0.005	#_720       
 2039	1	7	   1.6327	0.005	#_721       
 2040	1	7	  1.59996	0.005	#_722       
 2041	1	7	  1.60143	0.005	#_723       
 2042	1	7	  1.59419	0.005	#_724       
 2043	1	7	  1.61355	0.005	#_725       
 2044	1	7	  1.64476	0.005	#_726       
 2045	1	7	  1.62587	0.005	#_727       
 2046	1	7	  1.60601	0.005	#_728       
 2047	1	7	  1.62796	0.005	#_729       
 2048	1	7	  1.57935	0.005	#_730       
 2049	1	7	  1.50795	0.005	#_731       
 2050	1	7	  1.62695	0.005	#_732       
 2051	1	7	  1.66881	0.005	#_733       
 2052	1	7	  1.65564	0.005	#_734       
 2053	1	7	  1.63015	0.005	#_735       
 2054	1	7	  1.59727	0.005	#_736       
 2055	1	7	  1.52977	0.005	#_737       
 2056	1	7	  1.48844	0.005	#_738       
 2057	1	7	  1.45942	0.005	#_739       
 2058	1	7	  1.46406	0.005	#_740       
 2059	1	7	  1.56603	0.005	#_741       
 2060	1	7	  1.73663	0.005	#_742       
 2061	1	7	  1.83837	0.005	#_743       
 2062	1	7	  1.93636	0.005	#_744       
 2063	1	7	  1.91559	0.005	#_745       
 2064	1	7	   1.9256	0.005	#_746       
 2065	1	7	    1.878	0.005	#_747       
 2066	1	7	  1.86966	0.005	#_748       
 2067	1	7	  1.82852	0.005	#_749       
 2068	1	7	  1.82422	0.005	#_750       
 2069	1	7	  1.77608	0.005	#_751       
 2070	1	7	  1.77099	0.005	#_752       
 2071	1	7	  1.84187	0.005	#_753       
 2072	1	7	  1.77613	0.005	#_754       
 2073	1	7	  1.74381	0.005	#_755       
 2074	1	7	  1.77059	0.005	#_756       
 -999	1	8	        0	 0.01	#_757       
 1950	1	8	        0	 0.01	#_758       
 1951	1	8	        0	 0.01	#_759       
 1952	1	8	        0	 0.01	#_760       
 1953	1	8	        0	 0.01	#_761       
 1954	1	8	        0	 0.01	#_762       
 1955	1	8	        0	 0.01	#_763       
 1956	1	8	        0	 0.01	#_764       
 1957	1	8	        0	 0.01	#_765       
 1958	1	8	        0	 0.01	#_766       
 1959	1	8	        0	 0.01	#_767       
 1960	1	8	        0	 0.01	#_768       
 1961	1	8	        0	 0.01	#_769       
 1962	1	8	        0	 0.01	#_770       
 1963	1	8	        0	 0.01	#_771       
 1964	1	8	        0	 0.01	#_772       
 1965	1	8	        0	 0.01	#_773       
 1966	1	8	        0	 0.01	#_774       
 1967	1	8	        0	 0.01	#_775       
 1968	1	8	        0	 0.01	#_776       
 1969	1	8	        0	 0.01	#_777       
 1970	1	8	        0	 0.01	#_778       
 1971	1	8	        0	 0.01	#_779       
 1972	1	8	        0	 0.01	#_780       
 1973	1	8	        0	 0.01	#_781       
 1974	1	8	        0	 0.01	#_782       
 1975	1	8	        0	 0.01	#_783       
 1976	1	8	        0	 0.01	#_784       
 1977	1	8	        0	 0.01	#_785       
 1978	1	8	        0	 0.01	#_786       
 1979	1	8	        0	 0.01	#_787       
 1980	1	8	        0	 0.01	#_788       
 1981	1	8	        0	 0.01	#_789       
 1982	1	8	        0	 0.01	#_790       
 1983	1	8	        0	 0.01	#_791       
 1984	1	8	        0	 0.01	#_792       
 1985	1	8	        0	 0.01	#_793       
 1986	1	8	        0	 0.01	#_794       
 1987	1	8	        0	 0.01	#_795       
 1988	1	8	        0	 0.01	#_796       
 1989	1	8	        0	 0.01	#_797       
 1990	1	8	        0	 0.01	#_798       
 1991	1	8	        0	 0.01	#_799       
 1992	1	8	        0	 0.01	#_800       
 1993	1	8	        0	 0.01	#_801       
 1994	1	8	        0	 0.01	#_802       
 1995	1	8	        0	 0.01	#_803       
 1996	1	8	        0	 0.01	#_804       
 1997	1	8	        0	 0.01	#_805       
 1998	1	8	        0	 0.01	#_806       
 1999	1	8	        0	 0.01	#_807       
 2000	1	8	        0	 0.01	#_808       
 2001	1	8	        0	 0.01	#_809       
 2002	1	8	        0	 0.01	#_810       
 2003	1	8	        0	 0.01	#_811       
 2004	1	8	        0	 0.01	#_812       
 2005	1	8	        0	 0.01	#_813       
 2006	1	8	 0.820565	0.005	#_814       
 2007	1	8	 0.469519	0.005	#_815       
 2008	1	8	 0.811552	0.005	#_816       
 2009	1	8	 0.596979	0.005	#_817       
 2010	1	8	  1.06543	0.005	#_818       
 2011	1	8	 0.880261	0.005	#_819       
 2012	1	8	  1.18058	0.005	#_820       
 2013	1	8	 0.711967	0.005	#_821       
 2014	1	8	 0.234493	0.005	#_822       
 2015	1	8	 0.243333	0.005	#_823       
 2016	1	8	 0.351662	0.005	#_824       
 2017	1	8	 0.190098	0.005	#_825       
 2018	1	8	 0.228204	0.005	#_826       
 2019	1	8	 0.333792	0.005	#_827       
 2020	1	8	 0.313027	0.005	#_828       
 2021	1	8	0.0363757	0.005	#_829       
 2022	1	8	0.0303984	0.005	#_830       
 2023	1	8	0.0702956	0.005	#_831       
 2024	1	8	  0.04262	0.005	#_832       
 2025	1	8	  2.55175	0.005	#_833       
 2026	1	8	  2.43961	0.005	#_834       
 2027	1	8	  2.38456	0.005	#_835       
 2028	1	8	   2.3485	0.005	#_836       
 2029	1	8	  2.18506	0.005	#_837       
 2030	1	8	  2.09642	0.005	#_838       
 2031	1	8	  2.00927	0.005	#_839       
 2032	1	8	  1.89906	0.005	#_840       
 2033	1	8	  1.78968	0.005	#_841       
 2034	1	8	  1.71573	0.005	#_842       
 2035	1	8	  1.70593	0.005	#_843       
 2036	1	8	  1.71974	0.005	#_844       
 2037	1	8	  1.69606	0.005	#_845       
 2038	1	8	  1.65797	0.005	#_846       
 2039	1	8	  1.64539	0.005	#_847       
 2040	1	8	  1.58557	0.005	#_848       
 2041	1	8	  1.60836	0.005	#_849       
 2042	1	8	   1.5881	0.005	#_850       
 2043	1	8	  1.62884	0.005	#_851       
 2044	1	8	  1.64517	0.005	#_852       
 2045	1	8	  1.61298	0.005	#_853       
 2046	1	8	  1.57732	0.005	#_854       
 2047	1	8	  1.63889	0.005	#_855       
 2048	1	8	  1.59037	0.005	#_856       
 2049	1	8	  1.53017	0.005	#_857       
 2050	1	8	  1.61568	0.005	#_858       
 2051	1	8	  1.67529	0.005	#_859       
 2052	1	8	  1.65358	0.005	#_860       
 2053	1	8	  1.63163	0.005	#_861       
 2054	1	8	  1.60058	0.005	#_862       
 2055	1	8	   1.5455	0.005	#_863       
 2056	1	8	  1.47684	0.005	#_864       
 2057	1	8	  1.45748	0.005	#_865       
 2058	1	8	  1.45918	0.005	#_866       
 2059	1	8	  1.57413	0.005	#_867       
 2060	1	8	  1.75261	0.005	#_868       
 2061	1	8	  1.83469	0.005	#_869       
 2062	1	8	  1.93725	0.005	#_870       
 2063	1	8	  1.92122	0.005	#_871       
 2064	1	8	  1.93244	0.005	#_872       
 2065	1	8	  1.88395	0.005	#_873       
 2066	1	8	  1.86383	0.005	#_874       
 2067	1	8	  1.82901	0.005	#_875       
 2068	1	8	  1.84842	0.005	#_876       
 2069	1	8	  1.76001	0.005	#_877       
 2070	1	8	  1.78062	0.005	#_878       
 2071	1	8	  1.84119	0.005	#_879       
 2072	1	8	  1.77269	0.005	#_880       
 2073	1	8	  1.74053	0.005	#_881       
 2074	1	8	  1.75693	0.005	#_882       
-9999	0	0	        0	    0	#_terminator
#_CPUE_and_surveyabundance_observations
#_Units:  0=numbers; 1=biomass; 2=F; >=30 for special types
#_Errtype:  -1=normal; 0=lognormal; >0=T
#_SD_Report: 0=no sdreport; 1=enable sdreport
#_fleet	units	errtype	SD_report
1	 1	0	1	#_Observer_inshore_u10        
2	 1	0	0	#_Pot_fisheries_historical    
3	 1	0	1	#_Pot_fisheries_u10           
4	 1	0	1	#_Pot_fisheries_10to12        
5	 1	0	1	#_Pot_fisheries_o12           
6	 1	0	0	#_Bycatch_fisheries_historical
7	 1	0	0	#_Bycatch_fisheries_gillnet   
8	 1	0	1	#_Bycatch_fisheries_trawl     
9	33	0	1	#_Observer_prerecruit_u10     
#
#_CPUE_data
#_year	month	index	obs	se_log
 2019	 9	1	 0.00241914	 0.1544	#_1         
 2020	11	1	 0.00285124	 0.1851	#_2         
 2021	 9	1	  0.0026226	 0.1524	#_3         
 2022	 9	1	 0.00434757	 0.1481	#_4         
 2023	 9	1	 0.00270648	 0.1466	#_5         
 2024	 9	1	 0.00204562	 0.1485	#_6         
 2025	 7	1	 0.00237886	0.15585	#_7         
 2026	 7	1	 0.00202606	0.15585	#_8         
 2027	 7	1	 0.00333034	0.15585	#_9         
 2028	 7	1	 0.00332442	0.15585	#_10        
 2029	 7	1	  0.0028345	0.15585	#_11        
 2030	 7	1	 0.00242995	0.15585	#_12        
 2031	 7	1	 0.00285841	0.15585	#_13        
 2032	 7	1	 0.00329945	0.15585	#_14        
 2033	 7	1	 0.00222641	0.15585	#_15        
 2034	 7	1	 0.00186071	0.15585	#_16        
 2035	 7	1	 0.00182072	0.15585	#_17        
 2036	 7	1	  0.0018661	0.15585	#_18        
 2037	 7	1	 0.00213368	0.15585	#_19        
 2038	 7	1	 0.00144583	0.15585	#_20        
 2039	 7	1	 0.00188776	0.15585	#_21        
 2040	 7	1	 0.00131921	0.15585	#_22        
 2041	 7	1	 0.00212732	0.15585	#_23        
 2042	 7	1	  0.0014049	0.15585	#_24        
 2043	 7	1	 0.00175412	0.15585	#_25        
 2044	 7	1	 0.00270133	0.15585	#_26        
 2045	 7	1	 0.00122252	0.15585	#_27        
 2046	 7	1	   0.001469	0.15585	#_28        
 2047	 7	1	 0.00189976	0.15585	#_29        
 2048	 7	1	  0.0012645	0.15585	#_30        
 2049	 7	1	 0.00144151	0.15585	#_31        
 2050	 7	1	 0.00206835	0.15585	#_32        
 2051	 7	1	 0.00177828	0.15585	#_33        
 2052	 7	1	 0.00217101	0.15585	#_34        
 2053	 7	1	 0.00142231	0.15585	#_35        
 2054	 7	1	 0.00143106	0.15585	#_36        
 2055	 7	1	 0.00108018	0.15585	#_37        
 2056	 7	1	0.000913523	0.15585	#_38        
 2057	 7	1	0.000860078	0.15585	#_39        
 2058	 7	1	 0.00173639	0.15585	#_40        
 2059	 7	1	 0.00352632	0.15585	#_41        
 2060	 7	1	 0.00379445	0.15585	#_42        
 2061	 7	1	 0.00340444	0.15585	#_43        
 2062	 7	1	 0.00250416	0.15585	#_44        
 2063	 7	1	 0.00179613	0.15585	#_45        
 2064	 7	1	 0.00157108	0.15585	#_46        
 2065	 7	1	 0.00168224	0.15585	#_47        
 2066	 7	1	 0.00173459	0.15585	#_48        
 2067	 7	1	 0.00178795	0.15585	#_49        
 2068	 7	1	 0.00204213	0.15585	#_50        
 2069	 7	1	 0.00156385	0.15585	#_51        
 2070	 7	1	 0.00235033	0.15585	#_52        
 2071	 7	1	 0.00243432	0.15585	#_53        
 2072	 7	1	 0.00180719	0.15585	#_54        
 2073	 7	1	 0.00202136	0.15585	#_55        
 2074	 7	1	 0.00238565	0.15585	#_56        
 2006	 7	3	  0.0579647	 0.0956	#_57        
 2007	 7	3	  0.0511264	 0.0939	#_58        
 2008	 7	3	  0.0624573	 0.0933	#_59        
 2009	 7	3	  0.0820111	 0.0903	#_60        
 2010	 7	3	   0.102862	 0.0901	#_61        
 2011	 7	3	   0.118825	 0.0901	#_62        
 2012	 7	3	  0.0850084	 0.0901	#_63        
 2013	 7	3	  0.0827145	 0.0906	#_64        
 2014	 7	3	   0.098332	   0.09	#_65        
 2015	 7	3	   0.157009	 0.0899	#_66        
 2016	 7	3	   0.192247	 0.0897	#_67        
 2017	 7	3	   0.134929	 0.0897	#_68        
 2018	 7	3	    0.13716	 0.0897	#_69        
 2019	 7	3	   0.122523	 0.0896	#_70        
 2020	 7	3	   0.118709	   0.09	#_71        
 2021	 7	3	   0.141436	   0.09	#_72        
 2022	 7	3	   0.134076	 0.0903	#_73        
 2023	 7	3	   0.141764	 0.0908	#_74        
 2024	 7	3	  0.0917697	 0.0909	#_75        
 2006	 7	4	  0.0252673	 0.3566	#_76        
 2007	 7	4	  0.0385261	 0.3552	#_77        
 2008	 7	4	  0.0368542	 0.3546	#_78        
 2009	 7	4	  0.0475023	 0.3517	#_79        
 2010	 7	4	  0.0250882	 0.3511	#_80        
 2011	 7	4	  0.0250855	 0.3513	#_81        
 2012	 7	4	  0.0196673	  0.351	#_82        
 2013	 7	4	  0.0240177	 0.3509	#_83        
 2014	 7	4	  0.0518161	 0.3512	#_84        
 2015	 7	4	  0.0631505	 0.3514	#_85        
 2016	 7	4	  0.0449236	 0.3516	#_86        
 2017	 7	4	  0.0850357	 0.3517	#_87        
 2018	 7	4	   0.026625	 0.3518	#_88        
 2019	 7	4	  0.0260795	 0.3512	#_89        
 2020	 7	4	  0.0352718	 0.3518	#_90        
 2021	 7	4	  0.0548205	 0.3519	#_91        
 2022	 7	4	   0.109011	 0.3517	#_92        
 2023	 7	4	  0.0718635	  0.352	#_93        
 2024	 7	4	  0.0307227	 0.3528	#_94        
 2006	 7	5	  0.0469649	  0.391	#_95        
 2007	 7	5	  0.0724144	   0.38	#_96        
 2008	 7	5	 0.00719843	  0.396	#_97        
 2009	 7	5	  0.0377538	  0.404	#_98        
 2010	 7	5	  0.0184303	  0.368	#_99        
 2011	 7	5	  0.0110896	  0.366	#_100       
 2012	 7	5	  0.0683271	   0.36	#_101       
 2013	 7	5	  0.0429636	  0.368	#_102       
 2014	 7	5	  0.0855037	  0.369	#_103       
 2015	 7	5	  0.0287117	  0.363	#_104       
 2016	 7	5	   0.107903	  0.358	#_105       
 2017	 7	5	  0.0348786	  0.359	#_106       
 2018	 7	5	  0.0484878	  0.362	#_107       
 2019	 7	5	  0.0491542	  0.382	#_108       
 2020	 7	5	   0.123765	  0.373	#_109       
 2021	 7	5	  0.0404212	  0.399	#_110       
 2022	 7	5	  0.0272537	  0.389	#_111       
 2023	 7	5	  0.0312523	  0.382	#_112       
 2024	 7	5	  0.0346679	  0.424	#_113       
 2006	 7	8	  0.0505567	 0.1827	#_114       
 2007	 7	8	  0.0471691	 0.1767	#_115       
 2008	 7	8	  0.0349683	 0.1817	#_116       
 2009	 7	8	  0.0364367	 0.1813	#_117       
 2010	 7	8	  0.0331177	 0.1848	#_118       
 2011	 7	8	  0.0413244	 0.1762	#_119       
 2012	 7	8	  0.0352332	 0.1733	#_120       
 2013	 7	8	  0.0401123	  0.183	#_121       
 2014	 7	8	  0.0349338	 0.2167	#_122       
 2015	 7	8	  0.0584218	 0.1839	#_123       
 2016	 7	8	   0.038231	 0.1854	#_124       
 2017	 7	8	   0.031482	 0.1959	#_125       
 2018	 7	8	  0.0530832	 0.2778	#_126       
 2019	 7	8	  0.0210199	 0.2869	#_127       
 2020	 7	8	  0.0540755	 0.2339	#_128       
 2021	 7	8	  0.0289475	 0.2669	#_129       
 2022	 7	8	  0.0264538	 0.4254	#_130       
 2023	 7	8	  0.0330148	  0.321	#_131       
 2024	 7	8	  0.0331696	 0.2779	#_132       
 2015	 9	9	   0.395431	 0.3849	#_133       
 2016	11	9	    1.22099	 0.3602	#_134       
 2017	 9	9	     1.9855	 0.2319	#_135       
 2018	 9	9	    1.01472	 0.2212	#_136       
 2019	 9	9	    1.24518	 0.2318	#_137       
 2020	 9	9	    0.58644	  0.216	#_138       
-9999	 0	0	          0	      0	#_terminator
5 #_N_discard_fleets
#_discard_units (1=same_as_catchunits(bio/num); 2=fraction; 3=numbers)
#_discard_errtype:  >0 for DF of T-dist(read CV below); 0 for normal with CV; -1 for normal with se; -2 for lognormal
#
#_discard_fleet_info
#_fleet	units	errtype
1	2	-1	#_Observer_inshore_u10    
2	2	-1	#_Pot_fisheries_historical
3	2	-1	#_Pot_fisheries_u10       
4	2	-1	#_Pot_fisheries_10to12    
5	2	-1	#_Pot_fisheries_o12       
#
#_discard_data
#_year	month	fleet	obs	stderr
 2019	 9	1	   0.001	   0.248	#_1         
 2020	11	1	   0.001	    0.23	#_2         
 2021	 9	1	   0.001	   0.214	#_3         
 2022	 9	1	   0.001	   0.237	#_4         
 2023	 9	1	   0.001	   0.221	#_5         
 2024	 9	1	   0.001	   0.228	#_6         
 2025	 7	1	   0.001	0.229667	#_7         
 2026	 7	1	   0.001	0.229667	#_8         
 2027	 7	1	   0.001	0.229667	#_9         
 2028	 7	1	   0.001	0.229667	#_10        
 2029	 7	1	   0.001	0.229667	#_11        
 2030	 7	1	   0.001	0.229667	#_12        
 2031	 7	1	   0.001	0.229667	#_13        
 2032	 7	1	   0.001	0.229667	#_14        
 2033	 7	1	   0.001	0.229667	#_15        
 2034	 7	1	   0.001	0.229667	#_16        
 2035	 7	1	   0.001	0.229667	#_17        
 2036	 7	1	   0.001	0.229667	#_18        
 2037	 7	1	   0.001	0.229667	#_19        
 2038	 7	1	   0.001	0.229667	#_20        
 2039	 7	1	   0.001	0.229667	#_21        
 2040	 7	1	   0.001	0.229667	#_22        
 2041	 7	1	   0.001	0.229667	#_23        
 2042	 7	1	   0.001	0.229667	#_24        
 2043	 7	1	   0.001	0.229667	#_25        
 2044	 7	1	   0.001	0.229667	#_26        
 2045	 7	1	   0.001	0.229667	#_27        
 2046	 7	1	   0.001	0.229667	#_28        
 2047	 7	1	   0.001	0.229667	#_29        
 2048	 7	1	   0.001	0.229667	#_30        
 2049	 7	1	   0.001	0.229667	#_31        
 2050	 7	1	   0.001	0.229667	#_32        
 2051	 7	1	   0.001	0.229667	#_33        
 2052	 7	1	   0.001	0.229667	#_34        
 2053	 7	1	   0.001	0.229667	#_35        
 2054	 7	1	   0.001	0.229667	#_36        
 2055	 7	1	   0.001	0.229667	#_37        
 2056	 7	1	   0.001	0.229667	#_38        
 2057	 7	1	   0.001	0.229667	#_39        
 2058	 7	1	   0.001	0.229667	#_40        
 2059	 7	1	   0.001	0.229667	#_41        
 2060	 7	1	   0.001	0.229667	#_42        
 2061	 7	1	   0.001	0.229667	#_43        
 2062	 7	1	   0.001	0.229667	#_44        
 2063	 7	1	   0.001	0.229667	#_45        
 2064	 7	1	   0.001	0.229667	#_46        
 2065	 7	1	   0.001	0.229667	#_47        
 2066	 7	1	   0.001	0.229667	#_48        
 2067	 7	1	   0.001	0.229667	#_49        
 2068	 7	1	   0.001	0.229667	#_50        
 2069	 7	1	   0.001	0.229667	#_51        
 2070	 7	1	   0.001	0.229667	#_52        
 2071	 7	1	   0.001	0.229667	#_53        
 2072	 7	1	   0.001	0.229667	#_54        
 2073	 7	1	   0.001	0.229667	#_55        
 2074	 7	1	   0.001	0.229667	#_56        
 1983	 7	2	 0.44728	    0.23	#_57        
 1984	 7	2	  0.2065	    0.23	#_58        
 1985	 7	2	0.304751	    0.23	#_59        
 1986	 7	2	  0.2065	    0.23	#_60        
 1987	 7	2	 0.50398	    0.23	#_61        
 1988	 7	2	  0.2065	    0.23	#_62        
 1989	 7	2	0.326199	    0.23	#_63        
 1990	 7	2	0.743513	    0.23	#_64        
 1991	 7	2	0.554528	    0.23	#_65        
 1992	 7	2	0.676369	    0.23	#_66        
 1993	 7	2	  0.2065	    0.23	#_67        
 1994	 7	2	0.569486	    0.23	#_68        
 1995	 7	2	0.552342	    0.23	#_69        
 1996	 7	2	  0.6026	    0.23	#_70        
 1997	 7	2	 0.55733	    0.23	#_71        
 1998	 7	2	0.640917	    0.23	#_72        
 1999	 7	2	  0.2065	    0.23	#_73        
 2000	 7	2	0.661925	    0.23	#_74        
 2001	 7	2	  0.2065	    0.23	#_75        
 2002	 7	2	0.227835	    0.23	#_76        
 2003	 7	2	0.577854	    0.23	#_77        
 2004	 7	2	0.595692	    0.23	#_78        
 2005	 7	2	0.276469	    0.23	#_79        
 2006	 7	3	0.502703	    0.23	#_80        
 2007	 7	3	0.440336	    0.23	#_81        
 2008	 7	3	0.260137	    0.23	#_82        
 2009	 7	3	0.323269	    0.23	#_83        
 2010	 7	3	0.544441	    0.23	#_84        
 2011	 7	3	0.424491	    0.23	#_85        
 2012	 7	3	0.560585	    0.23	#_86        
 2013	 7	3	0.564884	    0.23	#_87        
 2014	 7	3	0.225602	    0.23	#_88        
 2015	 7	3	  0.2065	    0.23	#_89        
 2016	 7	3	  0.2065	    0.23	#_90        
 2017	 7	3	0.512633	    0.23	#_91        
 2018	 7	3	0.380923	    0.23	#_92        
 2019	 7	3	  0.2065	   0.248	#_93        
 2020	 7	3	0.773481	    0.23	#_94        
-9999	 0	0	       0	       0	#_terminator
#
#_meanbodywt
0 #_use_meanbodywt
 #_DF_for_meanbodywt_T-distribution_like
#
#_population_length_bins
2 # length bin method: 1=use databins; 2=generate from binwidth,min,max below; 3=read vector
0.2 # binwidth for population size comp
1 # minimum size in the population (lower edge of first bin and size at age 0.00)
23 # maximum size in the population (lower edge of last bin)
1 #_use_lencomp
#
#_len_info
#_mintailcomp	addtocomp	combine_M_F	CompressBins	CompError	ParmSelect	minsamplesize
-1	1e-04	0	0	0	0	0.01	#_Observer_inshore_u10        
-1	1e-04	0	0	0	0	0.01	#_Pot_fisheries_historical    
-1	1e-04	0	0	0	0	0.01	#_Pot_fisheries_u10           
-1	1e-04	0	0	0	0	0.01	#_Pot_fisheries_10to12        
-1	1e-04	0	0	0	0	0.01	#_Pot_fisheries_o12           
-1	1e-04	0	0	0	0	0.01	#_Bycatch_fisheries_historical
-1	1e-04	0	0	0	0	0.01	#_Bycatch_fisheries_gillnet   
-1	1e-04	0	0	0	0	0.01	#_Bycatch_fisheries_trawl     
-1	1e-04	0	0	0	0	0.01	#_Observer_prerecruit_u10     
95 #_N_lbins
#_lbin_vector
1 1.2 1.4 1.6 1.8 2 2.2 2.4 2.6 2.8 3 3.2 3.4 3.6 3.8 4 4.2 4.4 4.6 4.8 5 5.2 5.4 5.6 5.8 6 6.2 6.4 6.6 6.8 7 7.2 7.4 7.6 7.8 8 8.2 8.4 8.6 8.8 9 9.2 9.4 9.6 9.8 10 10.2 10.4 10.6 10.8 11 11.2 11.4 11.6 11.8 12 12.2 12.4 12.6 12.8 13 13.2 13.4 13.6 13.8 14 14.2 14.4 14.6 14.8 15 15.2 15.4 15.6 15.8 16 16.2 16.4 16.6 16.8 17 17.2 17.4 17.6 17.8 18 18.2 18.4 18.6 18.8 19 19.2 19.4 19.6 19.8 #_lbin_vector
#
#_lencomp
#_year	month	fleet	sex	part	Nsamp	f1	f1.2	f1.4	f1.6	f1.8	f2	f2.2	f2.4	f2.6	f2.8	f3	f3.2	f3.4	f3.6	f3.8	f4	f4.2	f4.4	f4.6	f4.8	f5	f5.2	f5.4	f5.6	f5.8	f6	f6.2	f6.4	f6.6	f6.8	f7	f7.2	f7.4	f7.6	f7.8	f8	f8.2	f8.4	f8.6	f8.8	f9	f9.2	f9.4	f9.6	f9.8	f10	f10.2	f10.4	f10.6	f10.8	f11	f11.2	f11.4	f11.6	f11.8	f12	f12.2	f12.4	f12.6	f12.8	f13	f13.2	f13.4	f13.6	f13.8	f14	f14.2	f14.4	f14.6	f14.8	f15	f15.2	f15.4	f15.6	f15.8	f16	f16.2	f16.4	f16.6	f16.8	f17	f17.2	f17.4	f17.6	f17.8	f18	f18.2	f18.4	f18.6	f18.8	f19	f19.2	f19.4	f19.6	f19.8	m1	m1.2	m1.4	m1.6	m1.8	m2	m2.2	m2.4	m2.6	m2.8	m3	m3.2	m3.4	m3.6	m3.8	m4	m4.2	m4.4	m4.6	m4.8	m5	m5.2	m5.4	m5.6	m5.8	m6	m6.2	m6.4	m6.6	m6.8	m7	m7.2	m7.4	m7.6	m7.8	m8	m8.2	m8.4	m8.6	m8.8	m9	m9.2	m9.4	m9.6	m9.8	m10	m10.2	m10.4	m10.6	m10.8	m11	m11.2	m11.4	m11.6	m11.8	m12	m12.2	m12.4	m12.6	m12.8	m13	m13.2	m13.4	m13.6	m13.8	m14	m14.2	m14.4	m14.6	m14.8	m15	m15.2	m15.4	m15.6	m15.8	m16	m16.2	m16.4	m16.6	m16.8	m17	m17.2	m17.4	m17.6	m17.8	m18	m18.2	m18.4	m18.6	m18.8	m19	m19.2	m19.4	m19.6	m19.8
 2019	 9	1	3	0	 563	0	0	0	0	0	0	0	0	0	0	0	0	0	0	0	0	0	0	0	0	1	0	0	1	1	1	3	1	1	1	 3	 4	 4	15	 9	10	13	  8	 16	 23	 12	 15	 13	 14	  9	 10	 10	 11	  9	  9	  6	  2	 1	 2	 1	 5	 0	 2	 1	 0	 0	 1	 1	 0	 0	 0	 0	 0	 0	 0	 0	 0	0	0	0	1	0	0	0	0	0	0	0	2	0	0	0	0	0	0	0	0	0	0	0	0	0	0	0	0	0	0	0	0	0	0	0	0	0	0	0	0	0	1	0	0	0	0	0	0	0	1	3	4	 9	 7	 5	13	 3	 7	13	22	 10	 12	 18	 20	 12	 12	 13	 17	 15	 10	 11	 11	 3	10	 7	 8	 4	 6	 4	 6	 2	 3	 2	 1	 1	 0	 1	 1	 1	 1	 0	 0	0	 0	0	0	0	0	0	0	0	0	0	0	0	0	0	0	0	0	0	0	0	0	0	0	1	0	#_1         
 2020	11	1	3	0	 563	0	0	0	0	0	0	0	0	0	0	0	0	0	0	0	0	0	1	0	0	0	0	0	0	0	0	2	1	1	5	 2	 7	 4	 9	 6	12	13	 13	 16	 17	 13	 16	 23	 15	 12	 19	  8	  7	  3	  8	  5	  4	 3	 3	 1	 1	 2	 0	 0	 0	 0	 0	 1	 0	 0	 1	 0	 0	 0	 0	 0	 0	0	0	0	0	0	0	0	0	0	0	1	0	1	0	0	0	0	0	0	0	0	0	1	0	0	0	0	0	1	0	0	0	0	0	0	0	0	0	0	0	0	0	0	0	0	0	2	0	2	0	4	1	 2	 1	 5	 7	 5	11	15	17	 15	 15	 13	 15	 19	 23	 15	 11	 22	  8	  9	  8	14	 7	13	 5	 2	 3	 2	 2	 0	 0	 2	 2	 0	 3	 0	 1	 0	 1	 0	 1	0	 0	0	0	0	1	0	0	0	0	0	0	0	1	0	0	0	0	0	0	0	0	0	0	0	0	#_2         
 2021	 9	1	3	0	 563	0	0	0	0	0	0	0	0	0	0	0	1	0	0	0	0	0	0	0	0	0	0	0	0	0	0	0	4	2	3	 2	 3	 6	 8	12	17	 8	 11	 14	 16	 13	 13	 22	 22	 10	 11	  7	  9	  9	  2	  4	  4	 2	 1	 3	 4	 0	 1	 2	 1	 0	 0	 0	 0	 0	 0	 0	 0	 0	 0	 0	 1	0	0	0	0	0	0	0	0	0	0	0	0	0	0	1	0	0	0	0	0	0	0	0	0	0	0	0	0	0	0	0	0	0	0	0	0	0	0	0	0	0	0	0	0	0	0	0	0	2	2	2	6	 0	 2	 7	 7	 8	 9	16	14	 16	 14	 18	 12	 16	 25	 19	 15	 14	 15	  4	 12	 6	 3	11	 9	 8	 2	 2	 2	 4	 3	 1	 0	 2	 0	 1	 2	 0	 0	 0	 0	1	 0	0	0	0	0	0	0	0	0	1	0	0	0	0	0	0	0	0	0	0	0	0	0	1	0	#_3         
 2022	 9	1	3	0	 563	0	0	0	0	0	0	0	0	0	0	0	0	0	0	0	0	0	0	1	0	0	0	0	0	0	0	1	0	0	3	 0	 1	 6	 3	 7	 9	10	 21	 17	 14	 18	 17	 18	 13	 14	 11	 14	  8	  7	  7	  5	  3	 4	 3	 1	 1	 1	 0	 0	 1	 0	 1	 0	 0	 0	 0	 0	 0	 0	 1	 0	 0	0	0	0	0	0	0	0	0	1	0	0	0	0	0	0	0	0	0	0	0	0	0	0	0	0	0	0	0	0	0	0	1	0	1	0	0	0	0	0	0	0	0	0	0	0	0	0	0	0	2	1	0	 2	 2	 3	 6	 6	12	13	17	  5	 19	 16	 23	 20	 21	 19	 13	 17	 17	 14	  9	11	 4	 6	 7	 7	 5	 6	 1	 1	 1	 2	 1	 1	 1	 1	 1	 1	 1	 0	 0	0	 0	0	0	0	2	0	0	1	0	0	0	0	0	0	0	0	0	0	0	0	0	0	0	1	0	#_4         
 2023	 9	1	3	0	 563	0	0	0	0	0	0	0	0	0	0	0	0	0	0	0	1	0	0	0	0	0	1	0	0	0	0	0	1	0	1	 4	 7	 7	 4	 6	 4	11	 10	  9	 17	 12	 10	  9	 17	 18	  8	  7	  9	 12	  5	  7	  3	 3	 3	 2	 1	 4	 1	 0	 1	 1	 0	 0	 0	 0	 0	 0	 0	 0	 0	 0	 0	0	0	0	0	0	0	0	1	0	0	0	0	0	1	0	0	0	0	1	1	0	1	0	0	0	0	0	0	0	0	0	0	0	0	0	0	0	0	0	0	0	0	0	0	0	0	1	0	1	3	2	1	 1	 4	 2	 3	 4	 5	 9	11	  5	 18	 15	 18	 19	 21	 17	 17	 21	 16	 13	 16	 8	16	14	19	 9	 4	 7	 2	 2	 2	 4	 2	 2	 2	 0	 0	 1	 1	 0	 0	0	 0	0	0	0	0	0	0	0	0	0	1	1	1	0	0	0	0	0	0	1	0	0	0	0	0	#_5         
 2024	 9	1	3	0	 563	0	0	0	1	0	0	0	0	0	0	0	0	0	0	0	0	1	0	0	0	0	1	0	0	0	1	0	1	4	1	 4	 2	 7	 1	 8	14	10	  8	 14	 11	 15	 15	 12	 16	 12	 14	 10	 14	 10	  5	  8	  3	 3	 4	 1	 2	 3	 2	 0	 0	 2	 1	 0	 0	 1	 1	 0	 0	 0	 0	 0	 0	0	0	0	0	0	0	0	0	0	1	0	0	0	0	0	0	1	0	0	0	0	0	0	0	0	0	0	0	0	0	0	0	0	0	1	0	0	0	0	0	0	0	0	0	1	1	0	2	2	5	1	1	 4	 4	 5	 8	 4	12	 8	16	 14	 16	 14	 11	 14	 13	 14	 20	 19	 12	 13	 10	 8	 7	 9	11	 5	 6	 6	 2	 2	 3	 3	 4	 0	 1	 0	 2	 0	 1	 0	 0	0	 0	0	1	0	0	1	0	1	0	0	0	0	0	0	0	0	0	0	0	0	0	0	0	0	0	#_6         
 2019	 9	1	3	2	 563	0	0	0	0	0	0	0	0	0	0	0	0	0	0	0	0	0	0	1	0	0	0	0	0	0	0	0	0	0	0	 0	 0	 0	 0	 0	 0	 0	  2	  8	 14	 23	 11	 19	 19	 17	 17	 19	 18	  9	 11	  8	  5	 1	 2	 3	 1	 1	 1	 1	 0	 0	 0	 0	 0	 0	 0	 0	 0	 0	 0	 0	 0	0	0	0	0	0	0	0	0	0	0	0	0	0	0	0	0	0	0	0	0	0	0	0	0	0	1	0	0	0	0	0	0	0	0	0	0	0	0	0	0	0	0	0	0	0	0	0	0	0	0	0	0	 0	 0	 0	 0	 0	 0	 0	 0	  1	  9	 17	 13	 32	 33	 22	 30	 12	 24	 21	 20	17	21	 8	 9	12	 8	 3	 5	 6	 4	 4	 3	 4	 1	 0	 1	 3	 4	 0	 0	0	 1	0	1	0	0	0	0	0	0	0	0	0	0	0	0	0	1	0	0	0	0	0	0	0	1	#_7         
 2021	 9	1	3	2	 563	0	0	0	0	0	0	0	0	0	0	0	0	0	0	0	0	0	0	0	0	0	0	0	0	0	0	0	0	0	0	 0	 0	 0	 0	 0	 0	 0	  0	  2	 13	 22	 30	 22	 25	 23	 15	 12	 19	 11	 11	 12	  3	 4	 2	 1	 2	 0	 4	 0	 1	 1	 0	 0	 0	 0	 1	 0	 0	 0	 0	 0	 0	0	0	0	0	0	0	0	0	0	0	0	0	1	0	0	0	0	0	0	0	2	0	0	0	0	0	0	0	0	0	0	0	0	0	0	0	0	0	0	0	0	0	0	1	0	0	0	0	0	0	0	0	 0	 0	 0	 0	 0	 0	 0	 0	  2	  3	 21	 16	 31	 40	 33	 21	 16	 21	 18	 14	12	12	13	10	 4	10	 3	 7	 4	 2	 2	 0	 1	 1	 1	 1	 0	 1	 0	 1	0	 0	0	0	0	0	0	1	0	0	0	0	0	0	0	0	0	0	0	0	0	0	0	0	0	1	#_8         
 2022	 9	1	3	2	 563	0	0	0	0	0	0	0	0	0	0	0	0	0	0	0	0	0	0	0	0	0	0	0	0	0	0	0	0	0	0	 0	 1	 0	 0	 0	 0	 0	  1	  3	 17	 14	 19	 32	 20	 26	 19	 14	 10	  9	 14	  5	  6	 3	 3	 0	 3	 3	 1	 0	 1	 0	 0	 0	 0	 0	 0	 0	 0	 0	 0	 0	 0	0	0	0	0	0	0	0	0	0	0	0	0	0	1	0	0	0	0	0	0	0	0	1	0	0	0	0	0	0	0	1	0	0	0	0	0	0	0	0	0	0	0	0	0	0	0	0	0	0	1	0	0	 0	 0	 0	 0	 0	 0	 0	 1	  1	  4	 17	 30	 21	 26	 37	 19	 27	 12	 28	 18	14	 7	11	11	10	 9	 4	 5	 6	 3	 4	 3	 1	 0	 2	 2	 0	 1	 0	 0	0	 0	0	0	0	0	0	0	0	1	0	0	0	0	0	0	0	0	0	0	0	0	0	0	0	0	#_9         
 2023	 9	1	3	2	 563	0	1	0	0	0	0	0	0	0	0	0	0	0	0	0	0	0	0	0	0	1	0	0	0	0	0	0	0	0	0	 0	 0	 0	 0	 0	 0	 0	  1	  1	 14	 19	 14	 21	 18	 15	 14	 17	 16	 13	 14	  9	  8	 9	 6	 2	 2	 2	 1	 0	 0	 3	 0	 1	 0	 0	 0	 0	 0	 0	 0	 0	 0	0	0	0	0	0	0	0	0	1	0	0	0	0	0	0	0	0	1	0	0	0	0	1	0	0	0	0	0	0	0	0	0	0	0	0	0	0	0	0	0	0	0	0	0	0	0	1	0	0	0	0	0	 0	 0	 0	 0	 0	 0	 0	 0	  0	  2	 11	 24	 18	 24	 28	 26	 22	 20	 19	 19	16	14	16	12	14	 7	 7	 7	 9	 4	 4	 6	 1	 1	 0	 1	 1	 1	 0	 0	1	 1	0	0	0	0	0	0	0	0	0	0	0	0	0	0	0	0	1	0	0	0	0	0	0	0	#_10        
 2024	 9	1	3	2	 563	0	0	0	1	0	0	0	0	0	0	0	0	0	0	0	0	0	0	0	0	0	0	0	0	0	0	0	0	0	0	 0	 0	 0	 0	 1	 0	 0	  0	  8	 21	 17	 19	 23	 29	 18	 19	 15	 14	  7	  8	 12	  2	 7	 4	 2	 0	 2	 4	 2	 1	 0	 0	 0	 0	 0	 0	 2	 0	 0	 0	 0	 0	0	0	0	0	0	0	0	0	0	0	0	0	0	0	0	0	0	0	0	1	0	0	1	0	0	0	0	0	0	0	0	0	0	0	0	0	0	0	0	0	0	0	0	0	0	0	0	0	0	0	0	0	 0	 0	 0	 0	 1	 0	 0	 1	  1	  7	 10	 26	 20	 23	 21	 24	 25	 20	 12	 14	15	17	11	10	11	 8	 8	 9	 5	 6	 2	 4	 0	 3	 2	 2	 2	 1	 0	 2	0	 0	0	0	0	0	0	0	0	0	0	0	0	0	0	0	0	0	0	0	0	0	0	0	0	0	#_11        
 2019	 9	1	3	1	 563	0	0	0	0	0	0	0	0	1	0	0	0	0	0	0	0	0	0	0	0	0	0	0	0	0	1	3	4	2	7	11	13	 6	13	16	14	17	 23	 21	 15	 13	  5	  6	  4	 10	  7	  3	  3	  5	  5	  2	  2	 1	 0	 2	 2	 1	 0	 0	 0	 0	 0	 0	 0	 1	 0	 0	 0	 0	 0	 0	 0	0	0	0	0	0	0	0	0	0	0	0	1	0	0	0	0	0	1	0	0	0	0	0	0	0	0	0	1	0	0	0	0	0	0	0	0	0	0	0	0	0	0	0	0	0	0	1	2	1	3	5	7	 6	10	17	14	14	20	24	30	 28	 23	 22	 19	  8	  5	  5	  4	  8	  5	  3	  3	 3	 6	 5	 2	 2	 4	 1	 0	 0	 1	 0	 0	 0	 2	 1	 2	 1	 0	 0	 0	0	 0	0	1	0	0	0	0	1	0	0	0	0	1	0	0	0	0	0	0	0	0	1	0	0	0	#_12        
 2020	11	1	3	1	 563	0	0	0	0	0	0	0	0	0	0	0	0	0	0	0	0	0	0	1	0	0	0	1	0	0	0	3	4	4	6	 7	 5	15	16	15	29	21	 25	 34	  8	  7	  9	  5	 11	  5	  4	  3	  1	  2	  2	  3	  1	 4	 1	 2	 0	 2	 1	 1	 0	 0	 0	 0	 0	 0	 0	 0	 0	 0	 0	 0	 0	0	1	0	0	0	0	0	0	0	0	0	0	0	0	0	0	0	0	0	0	1	0	0	0	0	0	0	0	0	0	0	0	0	0	0	0	0	0	0	0	0	0	0	0	0	0	1	0	1	3	0	4	 6	 7	13	13	16	20	27	30	 19	 33	 14	 12	  7	  6	  9	  8	 10	  6	  7	  2	 5	 3	 4	 3	 2	 2	 0	 1	 3	 0	 1	 1	 1	 1	 1	 0	 0	 1	 0	 0	0	 0	0	0	0	0	0	0	0	0	0	0	0	0	0	0	0	0	0	0	0	0	0	0	0	0	#_13        
 2021	 9	1	3	1	 563	0	0	0	0	0	0	0	0	0	0	0	0	0	0	0	0	1	0	0	0	0	0	0	0	1	3	1	1	4	2	13	 7	10	12	14	17	29	 19	 27	 12	 10	 15	  4	  5	  7	  4	  7	  5	  5	  4	  0	  1	 1	 2	 1	 1	 1	 0	 1	 0	 0	 0	 0	 0	 0	 0	 1	 0	 0	 0	 1	 0	0	0	0	0	0	0	0	0	0	1	0	0	0	0	0	0	0	0	0	0	0	0	0	0	0	0	0	0	0	0	0	0	0	0	0	0	0	0	0	0	0	0	0	0	0	0	0	2	0	2	6	6	 3	14	 7	11	14	17	24	32	 43	 40	 14	 10	  8	  3	  3	  8	  7	  7	  6	  5	 3	 4	 1	 1	 3	 2	 1	 0	 1	 1	 0	 0	 0	 1	 0	 1	 0	 0	 0	 0	0	 0	0	0	0	0	0	1	0	0	0	0	0	0	0	1	0	0	0	0	0	0	0	0	0	0	#_14        
 2022	 9	1	3	1	 563	0	0	0	0	0	0	0	0	0	0	0	0	0	0	0	0	0	0	0	0	0	0	0	0	0	0	0	0	1	2	 6	 6	11	 9	17	22	25	 25	 32	 18	 10	 13	 13	  7	  8	  7	  6	  5	  4	  3	  6	  0	 1	 0	 2	 0	 0	 1	 1	 0	 0	 0	 0	 0	 0	 0	 0	 0	 0	 0	 1	 0	0	0	0	0	0	0	0	0	0	0	0	0	0	0	0	0	0	0	0	0	0	0	0	0	0	1	0	0	0	0	0	0	0	0	0	0	0	0	0	0	0	0	1	0	0	0	0	1	0	0	0	2	 3	 3	 8	 9	10	27	28	24	 27	 34	 30	  5	 10	 12	  6	  6	  7	  3	  5	  5	 5	 3	 5	 5	 6	 1	 1	 0	 0	 2	 2	 0	 0	 1	 0	 0	 1	 0	 1	 0	0	 0	0	0	0	0	0	0	0	0	0	0	0	0	0	1	0	0	0	0	0	0	0	0	0	0	#_15        
 2023	 9	1	3	1	 563	0	0	0	0	0	0	0	0	1	0	0	0	0	0	0	0	0	0	0	0	0	1	0	0	1	0	2	3	6	4	 6	 8	 9	12	16	19	28	 24	 19	 10	  9	  6	  8	 14	  7	  4	 13	  5	  8	 12	  3	  1	 4	 2	 3	 3	 0	 0	 0	 1	 0	 1	 1	 0	 0	 0	 0	 0	 1	 0	 0	 0	0	0	0	0	0	0	0	0	0	0	0	0	0	0	0	0	0	0	0	0	0	0	0	0	0	0	0	0	0	0	0	0	0	0	0	0	0	0	0	0	0	0	0	0	0	1	0	0	0	1	2	4	 2	 8	 5	 7	10	17	20	26	 28	 18	 17	  9	 10	  5	  3	  9	 11	 11	  5	  9	10	 5	 3	 4	 6	 7	 1	 3	 5	 1	 3	 1	 0	 0	 0	 0	 1	 0	 0	 0	0	 0	0	0	0	0	0	0	0	0	0	0	0	0	0	0	0	0	0	0	0	0	0	0	0	0	#_16        
 2024	 9	1	3	1	 563	0	1	0	0	0	0	0	0	0	0	0	0	0	0	0	0	0	0	0	0	0	0	0	0	0	2	1	3	3	9	 8	12	10	20	19	14	22	 13	 25	 21	  5	  4	  3	 10	  8	 10	  1	  4	  4	  2	  1	  0	 2	 3	 2	 1	 0	 0	 0	 0	 0	 0	 0	 0	 0	 1	 0	 0	 0	 0	 1	 0	0	0	0	0	1	0	0	0	0	0	0	0	0	0	0	0	0	0	0	0	0	0	0	0	0	0	0	0	0	1	0	0	0	0	0	0	0	0	0	0	0	0	0	0	0	0	0	2	0	1	4	7	10	 9	10	15	11	18	20	26	 20	 30	 20	 17	  3	  9	 14	  4	  7	  6	  2	  7	 7	 4	 4	 5	 2	 5	 3	 2	 0	 1	 1	 2	 0	 0	 1	 0	 1	 0	 1	 0	0	 0	0	0	1	1	0	0	0	0	0	1	0	0	0	0	1	1	0	0	0	0	0	0	0	0	#_17        
 2025	 7	1	3	0	 563	0	2	0	0	0	0	0	0	0	0	0	0	0	0	0	0	0	0	0	0	0	0	0	0	0	1	2	1	5	1	 4	 4	 8	 6	12	 7	12	 18	 16	 18	 19	 17	 16	 17	 16	 17	 12	 12	  4	  8	  3	  2	 2	 1	 3	 1	 1	 0	 1	 0	 0	 0	 0	 0	 0	 0	 0	 0	 0	 0	 0	 0	0	0	0	0	0	0	0	0	0	0	0	0	1	0	0	0	0	0	0	0	0	0	0	0	0	0	0	0	1	0	0	0	0	0	0	0	0	1	0	0	0	0	0	1	0	0	1	0	0	0	1	2	 4	 3	 7	 6	 9	10	16	11	 17	 17	 21	 22	 15	 19	 12	 12	 12	 13	 10	 10	 4	 6	 1	 3	 4	 4	 6	 0	 4	 2	 2	 1	 0	 0	 0	 0	 0	 1	 0	 1	0	 0	0	0	0	0	0	0	0	0	0	0	0	0	0	0	0	1	0	0	0	0	0	0	0	0	#_18        
 2026	 7	1	3	0	 563	0	0	0	0	0	0	0	0	0	0	0	0	0	0	0	0	0	1	0	0	0	0	0	1	1	0	2	3	2	5	 3	 5	10	15	 4	 4	16	 10	 22	 10	 21	 14	 17	 19	 11	 13	 11	 13	  2	  4	  7	  8	 0	 3	 1	 1	 0	 1	 0	 0	 0	 1	 0	 1	 0	 0	 0	 0	 0	 0	 0	 0	0	0	0	0	0	0	0	0	0	0	0	0	0	0	0	0	0	0	0	0	0	0	1	0	0	0	0	0	0	0	1	0	0	0	0	0	1	0	0	0	0	0	1	0	0	0	0	1	0	3	4	6	 8	 5	 6	 7	13	10	16	 9	 19	 17	 10	 20	 11	 17	 12	  8	  7	 13	  9	  9	10	10	 3	 3	 9	 5	 1	 0	 5	 0	 4	 0	 1	 0	 2	 0	 0	 1	 0	 0	0	 2	0	0	0	0	0	0	0	0	1	0	0	0	0	0	0	0	0	0	0	0	0	0	0	0	#_19        
 2027	 7	1	3	0	 563	0	0	0	0	0	0	0	0	0	0	0	0	0	0	0	0	0	0	0	0	0	0	0	0	0	0	0	4	4	4	 4	 6	 6	 6	 9	17	13	 15	 22	 24	 24	 12	 20	 13	 18	  8	 13	  9	  2	  3	  3	  0	 5	 4	 1	 0	 0	 0	 2	 0	 0	 1	 0	 0	 0	 0	 0	 0	 0	 0	 0	 0	0	0	1	1	0	0	0	0	0	0	0	0	0	0	0	0	0	0	0	0	0	0	0	0	0	0	0	0	0	0	1	0	0	0	0	0	0	0	0	1	0	0	1	0	0	0	0	0	0	0	2	2	 1	 3	 3	 5	11	 8	17	13	 21	 17	 17	 14	 18	 21	 12	 13	 14	 18	 16	  7	10	 7	 3	 2	 4	 2	 0	 0	 1	 0	 0	 1	 0	 0	 0	 1	 1	 0	 0	 0	0	 0	0	0	0	0	0	0	0	0	0	0	0	0	0	0	0	0	0	0	0	0	1	0	0	0	#_20        
 2028	 7	1	3	0	 563	0	0	0	0	0	0	0	0	0	0	0	0	0	1	0	0	0	0	0	0	0	0	0	0	1	0	0	0	0	4	 3	 7	 1	10	 8	 7	13	 15	 16	 12	 20	 19	 19	 19	 11	 14	  7	  5	  9	  4	  8	  6	 4	 6	 1	 0	 1	 2	 0	 0	 0	 0	 1	 0	 0	 0	 1	 0	 0	 0	 0	 0	1	0	0	0	0	0	0	0	0	0	0	0	0	0	0	0	0	0	0	0	0	0	0	0	0	0	0	0	0	0	1	0	0	0	0	0	0	0	0	0	0	0	0	1	0	0	0	0	1	0	0	1	 3	 7	 5	 9	 5	 6	12	15	 19	 15	 21	 20	 19	 15	 20	 18	 12	 12	  8	  5	 7	10	10	 5	 2	 6	 3	 2	 2	 3	 0	 1	 1	 2	 2	 0	 0	 0	 0	 0	0	 0	0	0	0	0	1	0	0	0	0	0	0	0	0	0	0	0	0	0	0	0	0	0	0	0	#_21        
 2029	 7	1	3	0	 563	0	0	0	0	0	0	0	0	0	0	0	0	0	0	0	0	1	0	0	1	0	0	0	0	1	1	2	3	1	5	 8	 5	 5	 5	 6	14	 6	  8	 16	 13	 12	 10	  9	 16	 13	 14	  7	  6	 10	  4	  7	  8	 5	 3	 1	 3	 3	 2	 1	 1	 1	 1	 1	 0	 1	 1	 0	 0	 0	 1	 0	 0	0	0	0	0	0	0	0	0	1	0	0	0	0	0	0	0	1	0	0	0	0	0	0	0	0	0	0	0	0	0	1	0	0	0	0	0	0	0	0	0	0	0	0	0	0	0	0	0	2	4	1	5	 3	 4	 9	 5	 5	 8	 7	19	 13	 14	 15	 20	 19	 21	  9	 13	 15	 11	 12	 14	12	12	 8	12	 2	 3	 3	 5	 4	 1	 2	 2	 1	 1	 0	 1	 0	 0	 1	 0	0	 0	0	0	0	0	0	0	0	0	0	0	0	0	0	0	0	0	0	0	0	0	0	0	0	0	#_22        
 2030	 7	1	3	0	 563	0	0	0	0	0	0	0	0	1	0	0	0	0	0	1	0	0	1	0	0	0	0	0	1	0	0	0	2	2	1	 3	 6	 8	 9	11	 4	15	 20	 24	 15	 16	 13	 21	 23	 11	 13	 14	  7	  5	 10	  1	  3	 3	 3	 2	 2	 0	 0	 0	 0	 1	 0	 0	 0	 0	 0	 0	 0	 0	 0	 0	 0	0	0	0	0	0	0	0	0	0	0	0	0	0	0	0	0	0	0	0	0	0	0	0	0	0	0	0	0	0	0	0	0	0	0	0	0	1	0	0	0	0	1	0	0	0	0	0	0	1	3	2	1	 2	 2	 8	 7	10	 3	16	 8	 18	 21	 24	 25	 27	 12	  9	  5	  8	 13	  8	 10	11	 5	 4	 5	 7	 4	 1	 1	 1	 1	 1	 1	 1	 1	 1	 0	 0	 0	 0	 0	0	 0	0	0	0	0	0	0	1	0	0	0	0	0	0	0	0	0	0	0	0	0	0	0	0	0	#_23        
 2031	 7	1	3	0	 563	0	0	0	0	0	0	0	0	0	0	0	0	1	1	0	1	1	0	1	0	0	0	0	0	1	0	0	1	0	3	 2	 2	 5	10	 6	13	 7	 10	 18	 17	 12	  8	 17	 18	 14	 11	  9	  9	 12	  7	  9	  9	 4	 1	 2	 1	 1	 1	 1	 0	 0	 0	 0	 0	 0	 0	 0	 0	 0	 0	 0	 0	0	0	0	0	0	0	0	0	0	0	0	0	0	0	0	0	0	1	0	0	0	0	0	0	0	0	0	0	0	0	0	0	0	0	0	0	0	0	0	0	0	0	0	0	0	1	0	1	1	2	1	2	 2	 5	 4	 8	 5	 7	14	13	 18	 15	 11	 21	 22	 12	 18	 16	 22	 16	 10	 15	12	 3	10	 4	 4	 1	 5	 0	 2	 0	 2	 0	 0	 3	 1	 0	 0	 1	 1	 1	0	 0	1	0	0	0	0	0	0	0	0	0	0	0	0	0	0	0	1	1	0	0	0	0	0	1	#_24        
 2032	 7	1	3	0	 563	0	0	0	0	0	0	0	0	0	0	0	0	0	0	0	0	0	0	0	0	0	0	0	1	0	0	0	0	1	4	 0	 4	 6	 4	 8	11	14	  8	 21	 12	 13	 23	 15	 18	 18	 13	 13	  4	  9	 11	  5	  4	 0	 5	 3	 2	 0	 1	 0	 0	 1	 0	 0	 0	 0	 0	 0	 0	 0	 0	 0	 0	0	0	0	0	0	0	0	0	0	1	0	0	0	0	0	0	0	0	0	0	0	0	0	0	0	0	0	0	0	0	0	0	0	0	0	0	0	0	0	0	0	1	1	0	0	0	1	1	1	1	2	3	 3	 4	 2	 4	11	12	16	 7	 16	 20	 17	 17	 14	  9	  9	 19	 16	 11	 13	 13	10	10	 6	 4	 7	 6	 4	 3	 4	 1	 1	 3	 0	 1	 0	 2	 1	 1	 0	 0	0	 0	0	0	0	0	0	2	0	0	0	0	0	0	0	0	0	0	0	0	0	0	0	0	0	0	#_25        
 2033	 7	1	3	0	 563	0	1	0	0	0	0	1	0	0	0	0	0	0	0	0	0	0	0	0	0	0	0	0	0	1	1	0	3	6	2	 3	 3	 5	 3	 9	 5	12	 13	 12	 19	 15	 17	 10	 19	 12	 11	  6	  9	  7	  7	  7	  2	 4	 3	 5	 2	 1	 1	 0	 0	 1	 0	 2	 0	 0	 1	 0	 0	 0	 0	 0	 0	0	0	0	0	0	0	0	0	0	0	0	0	0	0	0	0	0	0	0	0	0	0	0	0	0	0	0	1	0	0	0	0	0	0	0	0	0	0	0	0	0	0	1	0	1	1	1	2	2	0	7	1	 3	 2	 4	 4	 8	 6	11	10	 14	 14	 16	 20	 18	  9	 18	 12	 17	 14	 15	 12	15	11	13	 6	 4	 6	 3	 4	 2	 2	 3	 4	 0	 0	 1	 1	 0	 1	 0	 0	0	 0	0	0	1	0	0	0	1	0	0	0	0	0	0	0	0	0	0	0	0	0	0	0	0	0	#_26        
 2034	 7	1	3	0	 563	0	0	0	0	0	0	0	1	0	0	0	0	0	0	0	0	0	0	0	0	0	0	0	0	2	0	4	4	1	3	 9	 5	10	 6	 8	 8	12	 13	 15	 13	 15	 18	 16	 20	 12	 16	 13	  4	  5	  8	  7	  8	 4	 1	 1	 2	 0	 1	 1	 1	 0	 0	 0	 0	 0	 0	 0	 1	 0	 0	 0	 0	0	0	0	0	0	0	0	0	0	0	0	0	0	0	0	0	0	0	0	0	0	1	1	0	0	0	0	0	0	0	0	0	0	0	0	0	0	0	0	0	0	0	0	1	0	1	0	0	1	0	3	4	 4	 6	 0	 7	 8	12	14	20	 18	 14	 15	 28	 17	 12	 21	 11	 12	  6	  9	  5	 2	 3	 4	 7	 6	 1	 4	 4	 3	 1	 1	 0	 1	 2	 1	 0	 0	 1	 0	 0	0	 0	0	0	0	0	0	1	0	1	0	0	0	0	0	0	0	0	0	0	0	0	0	0	0	1	#_27        
 2035	 7	1	3	0	 563	0	0	0	0	0	0	0	0	0	0	0	0	0	0	0	0	0	0	0	0	0	0	0	0	0	2	4	2	2	5	 6	 1	 6	 5	 5	13	15	 10	 20	 11	 17	 20	 14	 14	 19	  8	  7	  7	 11	  6	  3	  3	 3	 2	 0	 1	 2	 0	 1	 0	 0	 0	 0	 0	 0	 0	 0	 0	 0	 0	 0	 0	0	0	0	0	0	0	0	0	0	0	1	0	0	0	0	0	0	0	0	0	0	0	1	1	0	0	0	0	0	0	0	0	0	0	0	1	0	0	0	0	0	0	0	0	0	0	1	2	0	4	1	1	 5	 3	 5	 8	10	11	14	15	 21	 11	 20	 19	 20	 15	 18	 13	 19	 10	  7	  7	 7	 4	 8	 6	 6	 6	 3	 2	 2	 1	 3	 1	 0	 1	 0	 0	 0	 0	 0	 1	0	 0	0	0	0	0	0	0	0	0	0	0	0	0	0	0	1	0	0	0	1	0	0	0	0	1	#_28        
 2036	 7	1	3	0	 563	0	0	0	0	0	0	0	0	0	0	0	0	0	0	0	0	0	0	0	0	0	0	0	0	0	0	0	2	1	3	 5	 7	 2	 5	 9	14	11	 20	 15	 11	 15	 17	 14	 18	 10	 16	 16	  7	  9	  3	  2	  2	 1	 4	 1	 0	 1	 0	 0	 0	 0	 0	 0	 0	 0	 0	 0	 0	 0	 0	 0	 0	0	0	0	0	1	0	0	0	0	0	0	1	1	0	1	0	0	0	0	0	0	0	0	0	0	0	0	0	0	0	0	0	0	0	0	0	0	0	0	0	0	0	0	0	0	0	0	0	0	2	1	1	 3	 4	10	 7	13	 3	12	20	 16	 22	 15	 12	 13	 22	 19	 15	 21	 13	 11	  9	 9	 5	 5	 7	 3	 0	 6	 2	 5	 3	 3	 2	 1	 0	 1	 0	 0	 1	 1	 0	0	 0	0	0	0	0	0	0	0	0	0	0	0	0	0	0	0	0	0	0	0	0	0	0	0	0	#_29        
 2037	 7	1	3	0	 563	0	0	0	0	0	0	0	0	0	0	0	0	0	0	0	0	0	0	0	0	0	0	0	0	0	1	0	0	0	1	 2	 4	 4	 7	 7	 4	 9	 14	 16	 14	 17	 20	 14	 19	 13	 12	 10	 11	 12	  7	  3	  2	 5	 4	 1	 3	 0	 0	 1	 0	 1	 0	 0	 0	 0	 0	 0	 0	 0	 0	 0	 0	0	0	0	0	0	0	0	0	0	0	0	0	0	0	0	0	0	0	0	0	0	0	0	0	0	0	0	0	0	0	0	0	0	0	0	0	0	0	0	0	1	0	0	0	0	1	0	1	0	0	0	1	 3	 4	 8	 5	 4	 6	11	15	 26	 21	 12	 17	 11	 18	 20	 11	 16	 17	  8	 14	11	19	 8	 5	 6	 4	 5	 7	 4	 2	 1	 0	 0	 0	 1	 0	 0	 0	 0	 0	0	 0	0	0	0	0	0	0	0	0	0	0	0	0	1	0	0	0	0	0	0	0	0	0	0	0	#_30        
 2038	 7	1	3	0	 563	0	0	0	0	0	0	0	0	1	0	0	0	1	0	1	0	0	0	0	0	0	0	0	0	1	0	1	4	5	6	 3	 7	 5	 4	 6	 7	10	 10	 11	 13	 13	  9	  9	 12	  9	 12	 10	 10	  8	 14	  6	  2	 7	 1	 4	 2	 0	 1	 1	 1	 1	 0	 0	 0	 0	 0	 0	 0	 1	 0	 0	 0	0	0	0	0	0	0	0	0	0	0	0	0	0	0	0	0	0	0	0	0	0	0	0	0	0	1	0	0	0	1	1	0	0	0	0	0	0	0	0	0	0	0	0	0	0	0	0	2	2	2	1	4	 3	 2	 4	 7	 7	12	15	12	  9	 16	 15	 21	 14	 22	 11	 20	 12	 12	 13	 10	14	 9	12	13	 4	 4	 5	 4	 3	 5	 3	 2	 0	 2	 1	 1	 0	 0	 0	 0	0	 0	0	0	0	0	0	1	0	0	0	0	0	0	0	0	0	0	0	0	0	0	0	0	0	0	#_31        
 2039	 7	1	3	0	 563	0	0	0	0	0	0	0	0	0	0	0	0	0	0	0	0	0	0	0	0	0	0	0	1	1	2	2	2	1	4	 4	 6	 8	 6	 4	 8	11	 11	 23	 21	 13	 19	 13	 17	 12	  8	 19	 12	  6	  8	  4	  4	 1	 1	 2	 2	 0	 0	 0	 0	 0	 0	 0	 0	 0	 0	 1	 0	 0	 2	 0	 0	0	0	0	0	0	0	0	0	0	0	0	0	0	0	0	0	0	0	0	0	0	0	0	0	0	0	0	0	1	0	0	1	0	0	0	0	1	0	0	1	0	0	0	0	0	1	0	0	0	1	1	4	 3	 5	 5	 8	 8	14	 7	11	 11	 14	 21	 15	 17	 18	 11	 15	 16	 11	 19	  5	15	 2	 4	 4	 3	 3	 1	 5	 9	 3	 2	 1	 1	 0	 0	 2	 0	 0	 1	 0	0	 0	0	0	0	0	0	0	0	1	0	0	0	0	0	0	0	0	1	0	0	0	1	0	0	0	#_32        
 2040	 7	1	3	0	 563	0	0	0	0	0	0	0	0	0	0	0	0	0	0	0	0	1	0	0	0	0	0	0	0	0	0	4	3	3	5	 8	 9	 3	 9	 6	 7	 8	  7	 16	 11	 10	 11	 20	 15	 10	 10	 16	 13	  7	 10	  7	  6	 3	 2	 1	 1	 1	 0	 0	 1	 0	 1	 0	 0	 0	 0	 0	 0	 0	 0	 0	 0	0	0	0	0	0	0	0	0	0	0	0	0	0	1	0	0	0	0	0	0	0	0	0	0	0	1	0	0	0	0	0	0	0	0	0	1	0	0	0	0	0	0	0	1	0	0	1	1	0	3	4	3	 4	 4	 7	 8	10	13	16	11	 14	 12	 14	 13	 19	 17	 13	 10	 13	 12	 12	  4	13	12	 8	10	 7	 7	 3	 2	 1	 2	 1	 2	 2	 4	 0	 0	 1	 0	 0	 0	0	 0	0	0	0	0	0	0	0	0	0	0	0	0	0	1	0	0	0	0	0	0	0	0	0	0	#_33        
 2041	 7	1	3	0	 563	0	0	0	1	0	0	0	0	0	0	1	0	0	0	0	0	0	0	1	0	0	0	0	0	1	0	0	2	0	6	 4	 2	 4	 9	 7	 9	12	  9	 23	 22	 13	 17	 13	 10	 10	 15	 11	  6	  6	  7	  7	  2	 3	 0	 0	 0	 0	 0	 0	 2	 0	 1	 0	 0	 0	 0	 0	 0	 0	 0	 0	 0	0	0	0	0	0	0	0	0	0	0	0	1	0	0	0	0	0	0	0	0	0	1	0	0	0	0	0	0	0	0	0	0	0	0	0	0	0	1	0	1	0	0	1	0	0	1	0	0	1	3	2	2	 3	 6	 6	 6	 7	15	13	15	 21	 22	 23	 16	 20	 20	 19	 17	 10	  7	 11	  9	10	 6	 7	 2	 2	 5	 3	 1	 3	 0	 0	 0	 2	 1	 0	 0	 1	 1	 0	 1	0	 0	0	0	1	1	0	0	0	0	0	0	0	0	0	0	0	0	0	0	0	0	0	0	0	0	#_34        
 2042	 7	1	3	0	 563	0	0	0	0	0	0	0	0	0	0	0	0	0	0	0	1	0	1	0	0	0	0	0	0	3	0	2	4	3	6	 8	10	 5	 7	 8	16	 4	 14	 13	 12	 14	 16	 11	  9	 19	 11	 10	 14	  3	  4	  6	  1	 1	 1	 5	 1	 0	 0	 0	 0	 0	 0	 1	 0	 0	 0	 0	 0	 0	 0	 0	 0	0	0	1	0	0	0	0	0	0	0	1	0	1	0	0	0	0	0	0	0	0	0	0	0	0	0	0	0	0	0	0	0	0	0	0	1	0	0	0	0	0	0	1	0	0	1	0	2	2	0	2	5	 5	10	 8	 8	15	 6	11	 7	 20	 22	 17	 12	 13	 14	 11	 17	 19	 14	 11	 10	 8	 3	 5	12	 2	 2	 2	 1	 3	 2	 4	 4	 2	 1	 0	 0	 0	 0	 0	 0	0	 0	0	0	0	0	0	0	0	1	0	0	0	0	0	0	0	0	0	0	0	0	0	0	0	0	#_35        
 2043	 7	1	3	0	 563	0	0	1	0	0	0	0	0	0	0	0	0	0	0	0	1	0	0	0	0	0	0	0	0	0	0	1	3	2	0	 2	 3	 7	 6	14	 7	18	 20	 16	 17	 23	 17	 19	 13	 14	 10	  4	  8	  8	  6	  6	  6	 5	 2	 0	 1	 1	 0	 1	 0	 0	 0	 0	 0	 0	 0	 0	 0	 1	 0	 0	 0	0	0	0	0	0	0	0	1	0	0	0	0	0	0	0	0	0	0	0	0	0	0	0	0	0	0	1	0	0	0	0	0	0	0	0	0	0	0	0	0	0	0	0	0	0	0	0	0	2	0	1	0	 2	 7	 5	 3	10	14	11	10	 16	 12	 16	 15	 22	 15	 26	  6	 19	 17	 12	  9	 8	 4	 6	 6	 2	 8	 1	 4	 2	 1	 0	 1	 2	 0	 0	 1	 0	 0	 0	 0	0	 0	0	0	0	0	0	0	0	0	0	0	0	1	0	0	0	1	0	0	0	0	0	0	0	0	#_36        
 2044	 7	1	3	0	 563	0	0	0	0	0	0	0	0	0	0	0	0	0	0	0	0	0	0	0	0	0	0	0	0	0	0	2	2	3	2	 4	 2	 4	 7	12	 8	12	 15	 17	 15	 23	 12	  6	 16	 20	 13	  8	 13	 10	  9	  2	  3	 4	 1	 0	 0	 2	 0	 1	 0	 2	 1	 0	 1	 0	 0	 0	 0	 0	 0	 0	 0	1	0	0	0	1	0	1	0	0	0	0	0	0	0	0	0	0	0	0	1	0	0	0	0	0	0	0	0	0	1	0	0	0	0	1	0	0	0	0	0	0	0	0	0	0	0	0	1	0	2	3	0	 3	 1	 3	 6	 8	15	10	18	 14	 10	 15	 15	 18	 15	 18	 19	 15	 11	 10	 14	 8	11	 7	15	 3	 1	 3	 5	 3	 0	 2	 0	 0	 0	 0	 0	 1	 0	 0	 0	0	 1	0	0	0	0	0	0	0	0	0	0	0	1	0	0	0	0	0	0	0	0	0	0	0	0	#_37        
 2045	 7	1	3	0	 563	0	0	0	0	0	0	0	0	0	0	0	0	0	0	0	0	0	0	0	0	0	1	0	0	2	0	1	1	1	2	 1	11	 3	 5	 8	15	 6	  9	 14	 10	 12	 17	 14	 16	 15	 11	 10	 11	  7	  4	  7	  1	 4	 6	 1	 1	 1	 1	 2	 2	 0	 0	 0	 1	 0	 0	 0	 0	 0	 0	 0	 0	1	1	0	0	0	0	0	1	0	0	0	0	0	0	0	0	0	0	0	0	0	0	0	0	0	0	0	0	0	0	1	0	0	0	0	0	0	0	0	0	0	0	0	0	1	0	1	1	1	0	3	3	 1	 5	10	 6	11	14	12	 9	 11	 19	 20	 13	 16	 26	 21	  8	 18	 13	 11	  9	 8	 8	 6	 9	 5	 3	 5	 4	 4	 3	 2	 1	 0	 0	 1	 2	 0	 1	 0	 0	0	 0	0	0	0	0	0	0	0	0	0	0	0	0	0	0	0	0	0	0	0	0	0	0	0	0	#_38        
 2046	 7	1	3	0	 563	0	0	0	0	0	0	0	0	0	0	0	0	0	0	0	0	0	0	0	0	0	0	0	0	0	1	2	2	7	6	14	 7	 4	 8	 7	11	10	 15	  9	 13	 13	 16	 16	 13	  7	 13	  8	  8	  6	  5	  5	  3	 2	 4	 0	 1	 0	 0	 0	 0	 0	 0	 0	 1	 0	 0	 0	 0	 0	 0	 0	 1	0	0	0	0	0	1	0	0	0	0	0	0	0	0	0	0	0	0	0	0	0	0	0	0	1	0	0	0	0	0	0	0	0	0	0	0	0	0	0	0	1	0	0	1	0	0	1	2	2	1	6	4	 1	 1	 9	 9	 6	 8	11	16	 17	 20	 23	 15	 15	 17	 17	 17	  8	 15	  6	  6	11	 7	 9	 7	 4	 1	 7	 3	 1	 1	 2	 1	 1	 1	 3	 2	 3	 0	 0	 1	1	 0	0	0	1	0	0	0	0	0	1	0	0	0	0	0	0	0	0	0	0	0	0	0	0	0	#_39        
 2047	 7	1	3	0	 563	0	0	0	0	1	1	0	0	0	0	0	0	0	0	0	1	0	0	0	0	0	0	0	0	0	0	0	1	1	2	 0	11	 5	 4	 8	 8	 8	 15	 16	 21	 16	 24	 23	 10	 17	 11	 20	 11	  7	  7	  4	  5	 1	 3	 1	 0	 1	 1	 0	 0	 0	 0	 0	 0	 0	 0	 0	 0	 0	 0	 0	 0	0	0	0	0	0	0	0	0	0	0	0	0	1	0	0	0	0	0	0	1	0	0	1	0	0	0	0	0	0	0	0	0	0	0	0	0	0	0	0	0	0	0	0	0	0	0	0	0	0	1	2	0	 2	 2	 6	 7	 9	11	17	18	 15	 13	 20	 19	 12	 15	 13	 14	 13	 13	  7	 13	11	 7	 5	 7	 2	 2	 5	 2	 1	 1	 3	 2	 0	 0	 1	 0	 0	 1	 0	 0	0	 0	0	0	0	0	1	0	0	0	0	1	0	0	0	0	0	0	1	0	0	0	0	0	0	0	#_40        
 2048	 7	1	3	0	 563	0	0	0	0	0	0	0	0	0	0	0	0	0	0	0	0	0	0	0	0	0	0	0	2	0	0	1	2	1	1	 4	 3	 4	 5	 3	10	11	  9	 11	 15	 14	 11	 11	 12	 14	 13	 10	  8	  4	  3	  9	  5	 8	 1	 2	 0	 2	 2	 1	 0	 0	 0	 0	 0	 1	 0	 0	 1	 0	 0	 0	 0	0	0	0	0	0	0	0	0	0	0	0	0	0	0	0	0	0	0	0	0	0	0	0	0	0	0	0	0	0	0	0	0	0	0	0	0	0	0	0	0	0	0	0	0	0	0	1	0	1	0	0	1	 1	 5	 0	 3	 7	13	11	 8	 15	 18	 20	  9	 24	 20	 21	 14	 13	 19	 12	 13	16	 8	15	 9	11	13	 9	 3	 2	 1	 3	 2	 3	 0	 1	 1	 0	 1	 0	 1	1	 0	0	0	0	0	0	0	0	0	0	0	0	0	0	0	0	0	0	0	0	0	0	0	0	0	#_41        
 2049	 7	1	3	0	 563	0	0	0	1	0	0	0	0	0	0	0	0	0	0	0	0	0	0	0	0	0	0	1	0	1	2	2	3	6	4	 9	 3	13	 8	12	14	 8	  6	  8	  5	  9	 19	  6	  9	 14	  9	 13	  5	  6	  6	  2	  3	 1	 3	 2	 3	 3	 1	 0	 1	 0	 0	 1	 0	 0	 0	 0	 0	 0	 1	 0	 0	0	0	0	0	0	0	0	0	0	0	0	0	0	1	0	0	0	0	0	0	0	0	1	0	0	0	0	1	0	0	0	0	0	0	0	0	0	1	0	1	0	0	0	0	0	2	0	1	5	6	3	9	 5	10	 8	13	13	14	12	15	 17	 11	 12	 10	 12	  8	 22	 12	  6	 15	 12	 12	11	10	 7	 5	 9	 2	 4	 3	 4	 6	 2	 0	 2	 1	 1	 0	 1	 0	 1	 0	1	 0	0	0	0	0	0	0	0	0	0	0	0	0	0	0	0	0	0	0	0	0	0	0	0	0	#_42        
 2050	 7	1	3	0	 563	0	0	0	0	0	0	0	0	0	0	0	0	0	0	0	0	0	0	0	0	0	0	0	2	2	0	0	2	2	5	 3	 3	 5	11	11	12	19	 15	 19	 18	 25	 18	 17	 16	 16	 11	 12	  7	  4	  2	  4	  2	 1	 3	 0	 0	 1	 0	 0	 0	 0	 0	 0	 0	 0	 0	 0	 0	 0	 0	 0	 0	0	0	0	0	0	0	0	1	0	0	0	0	0	0	0	0	0	0	0	0	0	0	0	0	0	0	0	0	0	0	0	0	0	0	0	0	0	0	0	0	0	0	0	0	0	1	0	0	1	0	1	2	 4	 5	 5	 7	15	13	17	21	 18	 25	 19	 16	 24	 19	 12	 16	  7	  6	  5	  7	 1	 5	 6	 3	 1	 2	 3	 0	 0	 1	 1	 1	 0	 1	 0	 0	 0	 0	 0	 0	1	 1	0	0	0	0	1	0	0	0	0	0	0	0	0	0	0	0	0	0	0	0	0	0	0	0	#_43        
 2051	 7	1	3	0	 563	0	0	1	0	0	0	0	0	0	0	0	0	0	0	0	0	1	1	0	0	1	0	0	0	0	1	0	2	1	3	 5	 5	 6	 5	 8	12	16	 12	 12	 16	 12	 21	 14	 21	 10	 15	 15	  6	 10	  3	  5	  3	 3	 3	 2	 1	 1	 0	 1	 0	 0	 0	 0	 0	 0	 0	 0	 0	 0	 1	 0	 0	0	0	0	0	1	0	0	0	0	0	0	0	0	0	0	0	0	0	0	0	0	0	0	0	0	0	1	0	0	1	0	0	0	1	0	0	0	0	0	0	0	0	0	0	0	1	0	0	0	3	2	3	 0	 1	 4	 8	 7	 8	14	13	 11	 13	 15	 10	 26	 26	 18	 22	  9	  9	 14	 14	11	10	 5	 5	 4	 1	 3	 3	 0	 1	 3	 2	 2	 0	 0	 2	 0	 0	 0	 0	0	 0	0	0	0	0	0	0	0	1	0	0	0	0	0	0	0	0	0	0	0	0	0	0	0	0	#_44        
 2052	 7	1	3	0	 563	0	0	0	0	0	0	0	1	0	0	0	1	1	0	0	0	0	0	0	0	0	0	0	0	0	0	0	0	2	2	 7	 2	 6	 7	 7	 8	10	 10	  8	 13	 10	 14	  7	 10	 20	 18	 11	 13	  4	  8	  2	  5	 1	 2	 1	 1	 1	 0	 0	 2	 1	 1	 0	 0	 0	 0	 0	 0	 0	 0	 0	 0	0	0	1	0	0	0	0	0	1	0	0	0	0	0	0	0	0	0	0	1	0	0	0	0	0	0	0	0	0	0	0	0	0	0	0	0	0	0	0	1	0	0	0	0	0	0	0	0	0	1	0	1	 3	 5	 6	 7	 4	10	12	 6	 14	 20	 20	 28	 21	 22	 13	 15	 18	 15	 14	 16	 9	 7	16	 5	 4	 6	 4	 5	 3	 3	 2	 2	 2	 1	 0	 0	 1	 1	 0	 0	0	 0	0	0	0	0	0	0	0	0	0	0	0	0	0	0	0	0	0	0	0	0	0	0	0	0	#_45        
 2053	 7	1	3	0	 563	0	0	0	0	0	0	0	0	0	0	0	1	1	0	0	0	0	0	0	0	0	0	0	0	0	0	3	1	2	2	 3	 4	 9	 7	 5	14	 8	 12	 10	 18	 12	 19	 12	 20	 14	  9	 10	  7	  9	  6	 10	  2	 3	 2	 0	 1	 2	 0	 0	 2	 0	 0	 1	 0	 0	 0	 0	 0	 0	 0	 0	 0	0	0	0	0	0	0	0	0	0	0	0	0	0	0	0	0	0	0	0	0	0	0	0	0	1	0	0	0	0	0	0	0	0	0	0	0	0	0	0	0	0	1	0	0	1	0	0	1	0	3	2	1	 4	 4	 4	 9	 8	 4	22	 6	 13	 16	 19	 18	 19	 14	 14	 12	 10	 11	 14	 12	13	 9	10	 6	 4	 5	 4	 6	 7	 3	 2	 2	 1	 0	 2	 0	 0	 0	 0	 0	0	 1	0	0	0	0	0	0	0	0	0	0	0	0	0	0	1	0	1	0	0	1	1	0	0	0	#_46        
 2054	 7	1	3	0	 563	0	0	0	0	0	0	0	0	0	0	0	0	0	0	0	0	0	0	1	0	1	0	0	0	0	0	0	0	0	2	 2	 4	 2	 9	 7	 9	17	 15	 21	 19	 18	 19	 14	 16	 11	 13	  7	 10	  6	  7	  5	  4	 3	 3	 2	 1	 2	 3	 1	 2	 0	 0	 1	 0	 0	 0	 0	 0	 0	 0	 0	 0	0	0	0	0	0	0	0	0	0	0	0	0	0	0	0	1	0	0	0	0	0	0	1	0	0	0	0	0	0	0	0	0	0	0	0	0	0	0	0	1	0	0	1	0	0	0	1	0	0	1	1	1	 0	 0	 5	 5	11	 9	18	12	 17	 20	 20	 22	  9	 17	 15	 18	 13	 13	 13	  5	 8	 8	 9	 6	 1	 5	 8	 1	 1	 0	 0	 1	 3	 2	 1	 1	 0	 0	 0	 0	0	 0	0	0	0	0	0	0	0	0	0	0	0	0	0	0	0	0	0	0	0	0	0	0	1	0	#_47        
 2055	 7	1	3	0	 563	0	0	0	0	0	0	0	0	0	0	0	0	0	0	0	0	1	0	0	0	1	0	0	0	0	0	1	4	3	3	 2	 5	 7	13	 5	12	14	  8	 15	 14	  9	 14	  8	 14	 18	 12	  6	 14	  9	  7	  6	  4	 1	 0	 0	 0	 1	 1	 1	 1	 1	 1	 0	 0	 0	 0	 3	 0	 0	 0	 0	 0	0	1	1	0	0	1	0	0	0	0	0	0	0	0	0	0	0	0	0	0	0	0	0	0	1	0	0	0	0	0	0	0	0	0	0	0	0	0	0	1	0	0	0	0	0	0	1	1	0	0	2	5	 2	 5	 4	 6	 9	11	10	11	 10	  9	  9	 20	 15	 13	 20	 19	 12	 15	 11	 16	15	 5	13	 7	 8	 7	 2	 6	 3	 1	 2	 1	 1	 2	 1	 1	 4	 0	 0	 0	2	 0	0	0	0	0	0	0	0	0	0	0	0	0	0	0	0	0	1	0	0	0	0	0	1	0	#_48        
 2056	 7	1	3	0	 563	0	0	0	0	0	0	0	0	0	0	0	0	0	0	0	0	0	0	0	0	0	0	0	1	0	0	1	1	0	4	 1	 5	 8	 5	 8	10	11	 15	 15	 15	 18	 23	 13	 17	 11	 14	 11	  9	  5	  4	  5	  2	 2	 0	 0	 2	 0	 0	 0	 0	 0	 0	 3	 0	 1	 0	 0	 0	 0	 0	 0	 0	0	0	1	0	0	0	0	0	0	0	0	0	1	0	0	0	0	1	0	0	0	0	0	0	0	0	0	0	0	0	0	0	0	0	0	0	0	0	0	1	0	0	0	0	0	0	0	0	1	1	4	2	 5	 9	11	 4	 7	 7	17	14	  7	 14	 21	 25	 22	 19	 17	 12	 17	  9	  4	  8	 6	10	 8	10	 3	 1	 3	 6	 1	 2	 3	 0	 2	 1	 1	 0	 1	 2	 2	 0	0	 0	0	0	0	0	0	0	0	0	0	0	0	0	0	0	0	0	0	0	0	0	0	0	0	0	#_49        
 2057	 7	1	3	0	 563	0	0	0	0	0	0	0	0	0	0	0	0	0	0	0	0	0	1	0	0	0	0	0	0	0	0	1	1	0	2	 2	 5	 5	 5	 4	19	15	 12	 13	 17	 18	 16	 21	 14	 11	  8	  9	  9	  4	  9	  1	  5	 2	 0	 2	 0	 1	 0	 0	 0	 0	 0	 0	 0	 0	 0	 0	 0	 0	 0	 0	 0	0	0	0	0	0	0	0	0	0	0	0	0	0	0	0	1	0	0	0	0	1	0	0	0	0	0	0	0	0	0	0	0	0	0	0	0	0	0	0	0	0	0	0	0	0	1	0	2	2	1	2	4	 3	 6	 5	13	 7	11	18	19	 21	 13	 13	 24	  8	 20	 17	 14	 14	 11	 11	  8	 9	 9	10	 4	 2	 3	 4	 5	 1	 5	 1	 1	 0	 1	 0	 1	 0	 0	 0	 0	2	 1	0	1	0	0	0	0	0	0	0	0	0	0	0	1	0	0	0	0	0	0	0	0	0	0	#_50        
 2058	 7	1	3	0	 563	0	0	1	0	0	0	1	0	0	0	0	0	0	0	0	0	0	0	0	0	0	0	0	0	0	1	2	3	4	3	 4	 7	10	11	 8	13	10	  9	 15	 21	 12	 20	 12	 12	 17	 13	 10	 11	  7	  6	  1	  2	 7	 0	 3	 0	 0	 0	 0	 0	 0	 1	 0	 0	 1	 0	 0	 0	 0	 0	 0	 0	0	0	0	0	1	0	0	0	0	0	0	0	0	0	0	0	0	0	0	0	0	0	0	0	0	0	0	1	0	0	0	0	1	0	0	0	0	0	0	0	0	0	0	0	0	1	1	0	1	3	1	1	 9	 7	10	 7	16	10	 9	 8	 23	 13	 21	 22	 13	 22	 10	 14	 12	 10	  6	  6	 7	 7	 3	 4	 6	 4	 7	 3	 2	 2	 0	 0	 0	 0	 0	 0	 0	 0	 1	 0	0	 0	0	0	0	0	0	0	0	0	0	0	0	0	0	0	0	0	0	0	0	0	0	0	0	0	#_51        
 2059	 7	1	3	0	 563	0	0	0	0	0	0	0	1	0	0	0	0	0	0	0	0	0	0	0	0	0	0	0	0	0	1	3	1	1	8	 9	 5	 7	13	 6	10	 6	 20	 15	 20	 13	 25	 17	 18	 11	  7	 11	  9	  9	  4	  6	  4	 3	 0	 0	 0	 1	 0	 1	 0	 0	 1	 0	 0	 0	 0	 0	 0	 0	 0	 0	 0	0	1	0	0	0	0	0	0	0	0	0	0	0	1	0	0	0	0	0	0	0	0	0	0	0	0	0	0	0	0	0	0	0	0	0	0	0	0	0	0	0	0	0	0	0	1	0	1	0	1	1	2	 5	 7	 6	11	15	13	14	13	 19	 11	 16	 19	 13	 20	 16	 11	  8	 11	  9	 10	 6	 7	 6	 3	 2	 1	 3	 3	 3	 0	 3	 1	 1	 0	 0	 1	 0	 0	 0	 0	0	 0	0	0	0	0	0	0	0	0	0	0	1	0	0	0	0	0	1	0	0	0	0	0	0	0	#_52        
 2060	 7	1	3	0	 563	0	0	1	0	0	1	0	0	0	0	0	0	0	0	0	0	0	0	0	0	0	0	0	0	0	0	0	0	1	0	 5	 3	 3	 8	14	17	14	 10	 24	 16	 14	 13	 12	 11	 19	  7	 10	 11	  9	  6	  5	  4	 1	 1	 0	 0	 1	 0	 0	 0	 0	 0	 0	 0	 0	 0	 0	 0	 0	 0	 0	 0	0	0	0	1	0	0	0	0	0	0	0	0	0	0	0	0	0	0	0	0	0	0	0	0	0	0	0	0	0	0	0	0	0	0	0	0	0	1	0	0	0	0	0	0	0	0	0	0	0	1	2	2	 4	 3	 5	 3	 9	13	16	18	 21	 19	 18	 21	 18	 23	 16	  8	 12	 18	 12	  7	 4	 5	12	 8	 4	 2	 7	 3	 3	 0	 0	 0	 0	 0	 1	 1	 0	 0	 0	 0	0	 0	0	0	0	0	0	0	0	0	0	0	0	0	0	0	0	0	1	0	0	0	0	0	0	0	#_53        
 2061	 7	1	3	0	 563	0	0	0	0	0	0	0	0	0	0	0	0	0	0	0	0	0	0	0	0	0	0	0	0	0	1	1	4	1	4	 4	 4	 7	 9	10	11	 8	  8	 12	 12	 15	 21	 11	 18	 16	 14	 12	 11	  3	 12	  8	  4	 2	 4	 1	 3	 1	 1	 1	 0	 0	 1	 1	 0	 0	 0	 0	 0	 0	 1	 0	 0	0	1	0	0	1	0	0	0	0	0	0	0	0	0	0	0	0	0	0	0	0	0	1	0	0	0	0	1	1	0	0	0	0	0	0	0	0	0	0	0	0	0	0	0	0	2	1	1	0	1	0	4	 1	 3	 5	 7	 3	12	 8	10	 10	 18	 17	 13	 22	 15	  9	 14	 16	 16	 11	 11	 9	 7	 6	 6	 7	 7	 9	 3	 4	 4	 4	 2	 2	 0	 0	 0	 0	 0	 0	 0	0	 0	0	0	0	0	0	0	0	0	0	0	1	0	0	0	0	0	0	0	0	0	0	0	0	0	#_54        
 2062	 7	1	3	0	 563	0	0	0	0	0	0	0	0	0	0	1	0	0	1	0	0	0	1	0	0	0	1	0	0	0	1	0	5	0	3	 1	 2	 3	 5	11	 8	 8	 12	 21	 16	 17	 11	 18	 14	 12	 15	 10	 11	  8	  8	  3	  6	 4	 1	 3	 3	 0	 2	 1	 0	 0	 0	 0	 1	 0	 0	 0	 0	 0	 0	 0	 1	0	0	0	0	0	0	0	0	0	0	0	0	0	0	0	0	0	0	0	0	0	0	0	0	0	0	0	0	0	0	0	0	0	0	0	0	0	0	0	0	0	0	0	0	0	0	0	0	0	2	0	0	 1	 4	 5	11	 7	 9	12	17	 19	 13	 15	 12	 24	 21	 21	 11	 13	 10	 11	  8	15	 9	 1	 9	 6	 6	 2	 6	 3	 4	 1	 1	 1	 0	 1	 0	 0	 0	 0	 0	0	 0	1	0	0	0	0	0	0	0	0	0	0	0	0	0	0	0	0	1	0	0	0	1	0	0	#_55        
 2063	 7	1	3	0	 563	0	0	0	0	0	0	0	0	0	0	0	0	0	0	0	0	1	0	0	0	0	1	0	0	1	0	0	4	2	4	 2	 5	 4	 7	 9	12	 5	  6	  9	 13	 12	 10	 12	 19	 12	 13	  9	  8	  8	 13	  6	  8	 3	 3	 2	 2	 0	 1	 2	 2	 0	 1	 0	 0	 0	 1	 0	 0	 0	 0	 0	 0	1	0	1	1	0	0	0	0	0	0	0	1	0	0	0	0	0	0	0	0	1	0	0	0	0	0	0	0	0	2	0	0	0	0	0	0	0	0	0	0	0	0	0	0	0	1	0	0	0	1	1	1	 1	 4	 5	 5	 4	13	12	15	 18	 12	 11	 19	 15	 17	 18	 14	 10	 12	 15	 17	11	15	 7	14	 5	 4	 3	 4	 8	 3	 1	 2	 0	 1	 2	 0	 1	 0	 1	 0	0	 0	0	0	0	0	0	0	0	0	0	0	0	0	0	0	0	0	0	0	1	0	0	0	0	0	#_56        
 2064	 7	1	3	0	 563	0	0	0	0	0	0	0	0	0	0	0	0	0	1	0	0	0	0	0	1	0	0	0	0	1	0	0	0	0	3	 3	 1	 6	 4	 8	 8	13	 15	 11	 13	 19	  8	 15	 18	 17	 12	 12	  3	  4	  5	  5	  1	 3	 1	 3	 3	 0	 1	 2	 0	 0	 0	 3	 0	 0	 0	 0	 0	 0	 0	 0	 0	0	0	0	0	0	0	0	0	1	1	0	0	0	0	0	0	0	0	0	0	0	0	0	0	0	0	1	0	0	0	0	0	0	0	0	0	0	0	0	0	0	0	0	0	0	0	0	0	3	1	1	2	 3	 5	 5	 7	 5	13	10	14	 14	 19	 15	 22	 16	 17	 19	 18	  9	 15	  8	 10	16	18	 9	 4	 4	 7	 3	 2	 6	 3	 2	 4	 3	 1	 0	 1	 1	 0	 1	 0	0	 1	0	0	0	0	0	0	0	0	0	0	0	0	0	0	0	0	0	0	0	0	0	0	0	0	#_57        
 2065	 7	1	3	0	 563	0	0	0	0	0	0	0	0	0	0	0	0	0	0	0	0	0	0	0	0	0	0	0	0	2	2	7	0	1	5	 4	 7	 4	10	10	14	11	 11	 10	 10	 12	 15	 15	 10	 21	 14	 14	  7	 16	  8	  4	  7	 0	 3	 2	 2	 0	 2	 0	 0	 0	 1	 0	 0	 0	 0	 0	 0	 0	 0	 0	 0	0	0	0	0	0	0	0	0	1	0	0	0	0	1	0	0	0	0	0	0	0	0	0	0	0	0	0	0	0	0	0	0	0	0	0	0	0	0	0	0	0	0	0	0	0	0	0	1	0	1	6	7	 6	 6	 4	 5	11	10	 9	 7	 11	 20	 12	  7	 13	 17	 13	  8	 12	  8	 11	 13	12	 9	 7	10	 7	10	 9	 0	 5	 3	 1	 2	 2	 1	 0	 1	 0	 0	 0	 0	0	 0	0	0	1	0	0	0	0	0	0	0	1	0	0	0	0	0	0	0	0	0	1	0	0	0	#_58        
 2066	 7	1	3	0	 563	0	0	0	0	0	0	0	0	0	0	0	0	0	0	0	0	0	0	0	0	0	0	0	1	1	0	1	0	2	2	 3	 6	 9	 8	 3	16	10	  6	 17	 15	 22	 12	  9	 17	 22	 10	 10	  9	  6	  4	  6	  2	 1	 1	 1	 1	 1	 0	 1	 1	 0	 0	 0	 1	 0	 0	 0	 0	 1	 0	 0	 0	0	0	0	0	0	0	0	0	0	1	0	0	0	0	0	0	0	0	0	0	0	0	0	0	0	0	0	0	0	0	0	0	0	0	0	0	0	0	0	0	0	0	1	0	0	0	0	1	1	2	1	2	 3	 2	 7	 9	13	19	17	11	 19	 18	 10	 14	 20	 21	 23	 14	 16	 10	 13	  7	 5	 7	 3	 8	 2	 3	 7	 5	 1	 3	 1	 0	 1	 0	 0	 2	 0	 0	 0	 0	0	 0	0	0	1	0	0	0	0	0	0	0	0	0	0	0	0	1	0	0	0	0	0	0	0	0	#_59        
 2067	 7	1	3	0	 563	0	0	0	0	0	0	0	0	0	0	0	1	0	0	1	0	0	0	1	0	0	0	0	0	1	1	2	0	3	9	 6	 5	 8	 6	 7	16	16	 10	 14	 14	 13	 14	 14	 10	  9	  5	 11	 11	  7	  2	  6	  4	 3	 2	 1	 0	 0	 0	 1	 0	 2	 0	 0	 0	 1	 0	 0	 0	 0	 1	 0	 1	0	0	0	0	0	0	1	0	0	0	0	0	0	0	0	0	0	0	0	0	0	1	1	0	0	0	0	0	0	0	0	0	0	0	0	0	0	0	0	0	0	0	0	0	0	0	0	1	2	0	3	3	 8	 9	 7	 8	11	11	16	12	 11	 11	 17	 18	 12	 20	 14	 16	 11	 13	 13	  8	 6	 6	 9	11	 5	 4	 4	 5	 4	 1	 4	 2	 1	 2	 0	 0	 0	 1	 0	 1	0	 0	0	0	0	0	0	0	0	0	0	0	0	0	0	0	0	0	0	0	0	0	0	0	0	0	#_60        
 2068	 7	1	3	0	 563	0	0	0	0	0	0	0	2	0	0	0	0	0	0	0	1	0	0	0	0	0	0	0	0	0	2	0	0	2	3	 2	 6	 7	 6	 2	14	10	 16	 12	 25	 11	 11	 18	 19	  8	 20	 13	  8	  9	  3	  3	  4	 1	 2	 0	 1	 0	 1	 1	 0	 0	 0	 0	 0	 0	 0	 0	 0	 0	 0	 1	 0	0	1	0	0	0	0	0	0	0	0	0	0	0	1	1	0	0	0	0	0	0	0	0	0	0	0	0	0	0	0	0	0	0	0	0	0	0	0	0	0	0	0	0	0	0	1	0	1	0	0	2	2	 0	 3	 5	 9	 9	13	17	23	 17	 16	 14	 28	 12	 15	 14	 17	 20	 14	 13	  8	 7	 8	 5	 4	 2	 2	 1	 3	 4	 1	 1	 1	 1	 1	 0	 0	 0	 0	 0	 0	0	 1	0	0	1	0	0	0	0	0	0	0	0	0	0	0	0	0	0	0	0	0	0	0	0	0	#_61        
 2069	 7	1	3	0	 563	0	0	0	0	0	0	1	0	0	0	0	0	0	0	0	0	0	0	0	0	0	0	0	0	0	0	3	1	1	6	 6	 8	 4	 6	 5	11	 8	  9	 12	 13	 11	  6	  9	  9	 12	 10	 10	 10	  9	  6	  2	  0	 3	 2	 1	 1	 4	 1	 0	 0	 0	 0	 0	 0	 0	 0	 0	 0	 0	 0	 0	 0	0	0	0	0	0	0	0	1	0	0	0	0	0	0	0	0	0	0	0	0	0	0	0	0	0	0	0	0	0	0	0	0	0	0	0	0	0	0	0	0	1	0	0	0	0	1	0	0	0	2	2	4	 2	 7	 6	10	12	 8	15	13	 19	 13	 19	 20	 13	 24	 17	 16	 21	 15	 17	 12	12	10	 4	 8	 9	 5	 2	 4	 3	 6	 2	 2	 0	 0	 2	 1	 0	 2	 1	 0	0	 0	0	0	0	0	0	0	0	0	0	0	0	0	0	0	0	0	0	0	0	0	0	0	0	0	#_62        
 2070	 7	1	3	0	 563	0	0	0	1	0	0	0	0	0	0	0	0	0	0	0	0	0	0	0	0	0	0	0	1	0	2	2	1	3	3	 5	 6	12	 4	 8	16	14	 10	 10	 11	 19	  9	 17	 13	 15	 15	  6	  8	  6	  5	  4	  3	 3	 2	 2	 1	 2	 2	 2	 0	 0	 0	 0	 0	 0	 1	 0	 2	 0	 0	 0	 1	0	0	0	0	0	0	0	0	0	1	0	0	0	0	0	0	0	0	0	0	0	0	1	0	0	0	0	0	0	0	0	1	0	0	0	1	0	0	0	0	0	0	0	0	0	0	0	0	0	0	7	8	 3	 3	 5	 5	10	 9	13	 9	 14	 22	 26	 20	 19	 18	 13	 13	 16	 13	  9	  5	 7	 6	 5	 5	 7	 3	 4	 4	 3	 2	 1	 1	 1	 0	 0	 0	 0	 0	 0	 1	0	 0	1	0	0	0	0	0	0	0	0	0	0	0	0	0	0	0	0	0	0	0	1	0	0	0	#_63        
 2071	 7	1	3	0	 563	0	0	0	0	0	1	0	0	0	0	0	0	0	0	0	0	0	0	0	0	0	0	0	0	0	0	0	0	2	2	 4	 5	 4	 3	10	 8	 9	 13	 20	 21	 20	 18	 14	 15	 20	 11	  9	 14	  9	  6	  4	  9	 3	 1	 2	 0	 0	 0	 0	 0	 0	 0	 0	 0	 0	 0	 0	 0	 0	 0	 0	 0	0	0	0	0	0	0	0	0	0	1	0	0	0	0	0	0	0	0	0	0	0	0	0	0	0	0	0	0	0	0	0	0	0	0	0	0	1	0	0	1	0	0	0	0	0	0	2	0	0	1	2	3	 0	 2	 6	 4	 6	14	17	 8	 16	 20	 25	 21	 28	 11	 14	 10	 15	 12	 13	  8	 3	 5	 5	 2	 9	 3	 1	 2	 4	 3	 1	 1	 1	 1	 0	 1	 0	 0	 1	 0	0	 0	0	0	0	0	0	0	0	0	0	0	0	0	0	1	0	1	0	0	0	0	0	0	0	0	#_64        
 2072	 7	1	3	0	 563	0	0	0	0	0	0	0	1	0	0	0	0	1	0	0	0	0	0	0	0	0	1	1	0	0	0	1	2	3	2	 2	 6	 3	 5	 6	 7	 5	  8	 16	 11	 14	 12	 11	 11	 17	 11	 11	 16	  9	 10	  2	  2	 2	 6	 2	 1	 2	 0	 1	 0	 0	 0	 0	 0	 0	 0	 0	 0	 0	 0	 0	 0	0	0	0	0	0	0	0	0	0	0	0	0	0	0	0	0	0	0	0	0	0	0	1	0	0	0	0	0	0	0	0	0	0	0	0	0	0	0	0	0	0	0	1	0	0	0	0	0	1	2	0	1	 4	 4	 7	 1	 4	 7	 8	10	 14	 15	 12	  7	 27	 10	 17	 27	 16	 23	 11	 17	16	12	 6	17	12	 7	 5	 5	 4	 4	 1	 2	 0	 0	 0	 0	 1	 1	 1	 0	0	 0	0	0	0	0	0	1	0	0	0	0	0	0	0	0	0	0	0	0	0	0	0	0	0	0	#_65        
 2073	 7	1	3	0	 563	0	0	0	0	0	0	0	0	0	1	0	0	0	0	0	0	0	0	0	0	0	0	0	0	0	1	4	4	3	4	 2	 6	 8	 8	 9	13	 8	 13	 12	 15	 13	 11	 17	 11	 13	 12	 10	  8	  4	  2	  6	  5	 4	 6	 3	 0	 2	 0	 2	 2	 0	 0	 0	 0	 0	 0	 0	 0	 0	 0	 0	 0	0	0	0	0	0	0	0	0	0	0	0	0	0	0	0	0	0	1	0	0	0	0	1	0	0	0	0	0	0	0	0	0	0	0	0	0	0	0	0	0	0	0	0	0	1	0	1	3	3	0	4	3	 8	 5	 5	 9	10	10	12	14	 15	 18	 13	 15	 19	 15	 14	 13	 12	 13	 12	  8	 3	14	11	 6	 4	 6	 5	 0	 1	 2	 2	 3	 0	 1	 2	 0	 1	 0	 0	 0	1	 0	0	0	0	0	0	0	0	0	0	0	0	0	0	0	0	0	1	0	1	0	0	0	0	0	#_66        
 2074	 7	1	3	0	 563	0	0	1	0	0	1	0	0	0	0	0	0	0	0	0	0	0	0	0	0	0	0	1	1	0	0	2	3	3	3	 2	 8	 6	11	 7	13	11	 11	 18	 14	 19	 13	 20	 11	 15	 13	 11	  8	  6	  4	  3	  4	 2	 2	 3	 1	 0	 0	 1	 0	 0	 0	 0	 0	 0	 0	 0	 0	 0	 0	 0	 0	0	0	0	0	0	0	0	0	0	0	0	0	0	0	0	0	0	0	0	0	0	1	0	0	0	0	0	0	0	0	0	0	0	0	0	0	0	0	0	0	0	0	0	0	0	0	1	0	1	1	2	5	 6	 2	 5	 9	12	10	11	19	 20	 13	 20	 17	 15	 19	 14	 17	 11	 10	 17	  6	10	 6	 8	 4	 5	 1	 2	 1	 2	 2	 1	 0	 3	 1	 0	 0	 0	 0	 0	 0	0	 0	0	0	0	0	0	0	0	0	0	0	0	0	0	1	0	0	0	0	0	0	0	0	0	0	#_67        
 1983	 9	2	3	2	4658	1	0	0	3	0	0	0	2	0	2	0	1	0	1	0	0	0	0	0	1	2	0	0	1	2	1	0	0	2	0	 0	 0	 0	 2	 1	22	75	137	169	183	153	162	155	163	124	132	130	107	104	 96	 89	 70	65	58	63	58	38	35	27	31	18	18	22	17	13	 9	11	11	 6	 5	 9	 2	6	2	3	1	1	1	2	1	1	0	0	0	0	0	1	0	1	2	1	0	0	1	1	0	0	1	1	0	0	0	0	0	1	1	0	0	1	0	1	0	1	0	1	0	0	1	0	0	0	1	0	0	 1	 0	 1	 0	 2	 0	12	62	 95	144	164	138	127	139	117	113	101	 89	 80	 76	75	62	48	58	44	27	34	34	27	18	20	 9	21	13	 5	15	 7	 5	 5	 3	3	 3	3	0	3	1	1	1	0	2	2	0	1	0	0	1	0	1	0	0	0	0	0	1	0	0	#_68        
 1984	 8	2	3	2	4658	0	1	2	3	1	0	0	0	0	1	2	0	0	1	0	0	0	1	0	1	0	0	0	1	0	1	0	2	0	2	 0	 0	 1	 1	 7	28	73	132	173	173	151	166	150	144	151	158	118	118	113	 78	 73	 66	65	66	58	47	43	47	28	37	21	35	19	19	18	11	17	 8	 4	 7	10	10	2	3	1	2	5	2	1	5	3	0	1	2	1	0	2	0	1	0	1	0	0	0	0	0	1	0	0	0	0	0	0	1	0	0	2	0	1	0	1	1	1	0	1	0	0	0	0	1	0	0	0	0	 0	 0	 0	 0	 1	 3	10	59	106	128	135	130	150	139	115	105	 88	 91	 81	 69	57	48	48	43	41	47	27	43	32	21	13	22	16	13	 8	 9	 5	 4	 8	 5	6	 1	3	3	4	4	2	1	0	1	0	0	0	0	1	2	1	1	1	0	0	0	2	0	0	0	#_69        
 1985	 9	2	3	2	4658	0	1	0	0	0	0	0	0	0	0	1	1	1	2	0	0	0	0	0	0	1	1	0	0	0	0	0	1	0	0	 0	 0	 1	 0	 4	17	69	142	172	176	156	144	131	151	133	145	146	104	105	 99	 95	 84	57	56	52	42	48	46	39	25	34	29	16	25	21	12	 3	 8	 4	 5	 4	 4	0	5	4	3	2	2	0	0	0	3	0	0	0	0	0	0	0	2	0	0	0	0	0	1	0	0	0	0	0	0	1	0	1	0	0	1	1	0	1	0	2	1	1	1	0	0	0	1	1	0	0	0	 0	 1	 0	 1	 2	 2	14	59	126	133	156	146	124	128	121	106	 84	105	 75	 83	63	71	53	49	31	31	27	29	23	16	18	22	17	 7	20	11	 6	 6	 7	 4	2	 3	4	4	3	1	1	2	1	2	2	1	0	1	0	0	0	1	1	0	1	0	0	0	2	2	#_70        
 1987	 8	2	3	2	4658	0	1	0	0	1	1	1	0	0	0	0	1	2	0	2	0	0	1	0	1	0	1	0	0	0	1	0	0	1	1	 1	 0	 0	 0	 3	19	46	 96	 95	123	130	134	120	147	123	131	140	119	114	 98	117	 89	85	74	68	82	61	63	45	25	45	28	22	21	23	19	10	15	 7	10	 7	10	5	5	3	1	4	2	2	1	0	0	0	0	2	0	0	0	0	2	2	0	0	1	0	0	0	0	1	0	0	0	0	0	1	0	1	0	0	1	0	0	1	0	0	0	0	1	0	0	0	1	0	1	 0	 1	 1	 1	 0	 3	 7	33	 91	112	109	122	125	112	 94	 99	105	120	101	 85	86	72	80	62	62	44	45	36	37	21	28	19	14	20	20	14	 9	11	 5	 6	2	 1	1	2	2	1	2	2	4	0	2	0	2	0	1	0	1	0	2	0	0	0	0	1	0	2	#_71        
 1988	 9	2	3	2	4658	0	0	0	0	0	0	0	0	0	0	1	1	1	0	0	1	0	1	0	0	2	0	0	1	0	0	0	1	1	0	 0	 0	 1	 2	 3	22	64	138	163	148	164	151	147	158	116	108	116	108	 93	 93	 63	 73	58	72	54	53	45	37	42	30	35	27	30	19	11	19	18	17	15	 8	 7	 9	7	4	2	2	3	0	2	2	1	0	0	0	2	0	0	1	0	0	0	0	0	0	0	0	1	0	0	0	2	0	3	1	0	0	0	0	2	0	0	1	1	0	0	0	0	0	0	2	0	0	1	0	 0	 2	 1	 0	 0	 4	21	62	122	147	136	137	153	110	101	114	 77	 82	 83	 58	72	64	57	50	45	34	38	36	31	28	27	25	19	23	18	15	14	10	 5	 9	8	 4	7	7	1	1	2	2	1	0	0	2	1	1	1	0	0	1	0	0	0	0	0	0	2	0	#_72        
 1989	 9	2	3	2	4658	0	1	0	0	1	1	1	0	0	0	0	0	0	0	0	0	0	0	0	0	0	1	0	1	0	1	0	0	0	0	 0	 0	 1	 0	 3	21	79	134	126	140	159	131	104	123	128	145	116	 98	104	 96	 81	 79	66	64	60	61	58	43	49	44	27	29	27	18	16	19	12	11	18	 7	13	 9	3	6	3	2	3	3	4	1	1	1	0	1	1	0	0	0	1	1	0	0	0	1	0	0	0	1	1	1	0	0	0	0	0	1	0	0	0	1	0	0	1	0	0	1	0	1	0	0	0	0	1	0	 1	 0	 0	 0	 2	 1	 7	60	118	100	147	116	112	128	107	120	105	 95	 87	 77	70	64	65	60	43	45	40	37	34	37	28	22	21	25	18	10	16	12	 9	 5	7	 6	7	4	6	5	2	1	1	1	1	1	0	2	0	2	1	0	0	0	0	0	0	0	0	0	#_73        
 1990	 8	2	3	2	4658	0	1	0	0	0	1	2	0	0	0	1	1	0	1	0	0	0	0	2	1	0	1	0	0	0	0	1	0	0	0	 1	 1	 0	 0	 3	28	82	189	252	194	186	212	148	160	143	139	134	 97	 99	 69	 68	 63	41	34	39	35	30	24	16	14	22	21	12	13	11	 9	 7	 9	 5	 1	 3	 3	6	4	2	0	1	3	2	1	0	1	0	0	3	2	0	0	0	0	0	1	1	0	0	1	0	0	0	0	0	1	1	0	0	0	0	1	0	1	1	0	0	0	1	1	0	0	2	1	1	1	1	1	 0	 0	 1	 1	 0	 2	 9	77	149	192	196	178	167	131	114	102	 87	 81	 69	 62	50	41	33	26	28	20	15	20	 9	13	12	 7	13	12	14	 8	 9	 5	 6	 2	4	 3	3	1	2	2	1	1	1	1	1	1	0	1	2	0	0	0	0	0	0	1	0	0	1	0	#_74        
 1991	 9	2	3	2	4658	0	2	0	0	2	2	0	1	1	0	0	0	0	0	0	0	1	2	1	0	0	0	1	0	0	0	0	0	1	1	 0	 1	 1	 1	 4	21	71	152	154	183	175	186	165	189	175	125	108	103	102	 91	 72	 78	57	68	45	47	40	32	25	24	22	11	 9	10	 9	10	 8	 7	 4	 4	 5	 2	5	4	2	0	1	4	1	0	1	0	0	2	1	1	1	0	0	0	1	0	1	0	0	0	2	0	0	0	0	2	0	2	1	1	0	1	0	2	0	0	0	0	2	0	0	0	1	0	0	0	0	0	 2	 0	 0	 0	 1	 6	15	68	128	137	176	162	148	140	118	 95	 74	 79	 96	 75	62	55	55	46	39	32	19	24	22	23	13	12	10	11	 9	 6	 5	 5	 5	 2	5	 1	5	3	0	2	3	2	2	0	0	1	1	0	2	0	0	0	0	0	1	0	1	2	1	1	#_75        
 1992	 9	2	3	2	4658	0	0	1	1	0	0	0	0	0	2	0	1	1	0	0	0	0	1	0	1	1	1	0	0	0	0	1	1	0	1	 0	 2	 0	 1	 2	27	89	149	167	180	162	166	158	153	153	144	130	113	 96	102	 75	 62	70	55	54	43	34	36	30	26	22	21	10	13	11	12	 9	 6	 3	 1	 8	 2	4	2	2	1	1	1	1	1	0	0	0	0	0	0	0	0	0	0	2	0	0	1	0	0	2	3	3	0	0	2	2	0	0	1	0	1	0	0	0	1	0	1	0	1	1	2	1	0	0	2	0	0	 0	 0	 0	 0	 1	 4	17	58	127	146	147	127	156	133	122	 93	109	 96	102	 65	53	54	56	42	53	41	24	28	21	17	22	 8	20	 6	11	 7	 8	 2	 5	 4	5	 5	2	1	1	0	2	1	0	0	1	0	0	0	0	1	0	1	0	0	1	1	0	1	0	1	#_76        
 1993	 9	2	3	2	4658	2	0	2	1	1	2	1	1	1	0	2	0	1	0	0	0	0	1	2	0	3	1	1	0	0	1	0	2	1	0	 0	 0	 1	 0	 1	 1	14	 51	177	203	197	181	191	181	165	146	148	138	112	 88	 80	 75	66	56	45	33	27	37	26	25	20	20	18	20	 5	10	11	11	 5	 3	 1	 5	4	3	0	2	1	1	2	0	1	0	0	1	1	1	2	0	1	1	0	1	0	0	1	0	0	2	1	2	1	0	0	0	2	1	1	1	2	0	2	0	1	0	1	1	1	1	1	0	0	0	0	1	 0	 0	 0	 1	 1	 0	 3	 8	 57	130	161	206	183	154	124	130	117	109	 74	 69	57	53	68	36	36	26	29	20	17	22	19	 8	14	 6	 8	 6	 3	 6	 3	 4	3	 2	3	2	2	3	0	0	0	0	1	1	1	1	0	1	0	1	1	1	2	0	0	0	0	0	#_77        
 1994	 9	2	3	2	4658	0	0	0	0	0	1	1	1	1	0	0	0	0	0	1	0	0	0	0	0	0	1	0	0	0	0	0	1	0	1	 0	 0	 0	 0	 1	 2	 8	 30	 86	132	143	136	147	139	145	135	142	118	122	117	105	 86	82	86	72	68	71	61	46	44	38	27	26	22	14	13	 9	10	 6	 3	 4	 4	4	2	5	0	1	0	0	0	1	0	0	0	1	2	0	0	1	1	0	0	0	0	0	1	0	0	0	2	0	2	0	0	0	1	1	1	0	0	0	0	0	0	1	0	0	0	0	0	0	2	3	0	 1	 0	 1	 0	 1	 0	 2	 5	 30	 93	133	142	142	133	109	132	123	115	117	107	93	94	70	70	59	52	43	31	27	23	27	26	23	16	 8	 7	10	 6	 8	 4	4	 4	2	2	0	1	1	1	2	2	1	0	0	2	0	2	1	2	3	1	0	0	2	1	0	1	#_78        
 1995	 9	2	3	2	4658	0	0	0	1	1	1	0	0	0	3	0	1	0	1	0	1	0	1	0	0	2	1	0	1	0	1	1	0	0	1	 0	 0	 1	 1	 1	 5	17	 71	166	196	226	189	182	155	142	133	129	138	 92	 95	 78	 71	67	69	58	37	39	37	31	30	41	34	11	16	12	16	13	11	12	 5	 6	 3	5	6	0	1	2	2	2	0	0	0	0	1	0	0	0	0	0	0	0	1	0	1	0	1	0	0	1	2	1	0	0	1	0	0	2	0	1	0	0	1	1	1	0	2	0	2	0	1	2	0	0	1	 0	 1	 2	 2	 0	 0	 0	16	 36	123	149	150	146	139	103	111	 99	 95	 72	 72	70	70	68	48	55	44	41	31	29	25	18	27	22	 8	16	12	 5	 7	 7	 6	1	11	1	3	4	3	2	1	0	1	2	3	1	0	0	0	0	2	1	1	0	0	1	0	0	1	#_79        
 1996	 9	2	3	2	4658	2	0	0	2	1	0	0	0	0	1	1	1	0	0	2	1	1	0	0	1	1	1	0	1	1	0	1	1	0	0	 0	 0	 1	 1	 1	 0	12	 46	176	186	187	202	197	175	163	158	156	132	103	 94	 90	 82	71	50	43	50	42	27	34	26	19	27	14	 8	12	12	 5	 8	 9	 3	 4	 3	2	5	1	1	0	2	0	1	1	0	2	2	0	0	1	0	0	0	1	1	1	1	1	0	0	0	0	0	0	1	0	0	3	1	0	0	0	3	0	0	1	0	0	0	0	1	0	0	1	1	0	1	 0	 0	 1	 0	 2	 1	 2	 7	 53	120	162	173	167	145	139	116	104	103	 76	 74	62	79	65	34	32	32	22	30	20	17	20	19	10	13	 9	14	12	 3	 1	 4	1	 2	7	1	5	2	2	3	2	1	0	0	0	0	0	0	0	0	1	0	1	1	0	0	2	0	#_80        
 1997	 8	2	3	2	4658	0	0	0	0	1	1	1	0	1	2	0	0	1	1	0	0	0	1	0	0	2	0	1	0	1	0	1	0	0	0	 1	 0	 1	 2	 0	 3	 2	 23	 80	145	185	213	201	172	175	159	164	136	134	118	 90	 92	97	70	71	57	52	39	34	26	25	28	14	19	 9	13	10	10	 3	 6	 4	 1	3	0	3	3	2	2	1	0	0	0	1	1	3	1	0	0	0	1	1	2	1	0	1	1	1	0	0	0	0	0	1	0	0	1	0	0	1	0	0	2	1	0	1	0	1	0	1	0	0	0	1	0	 0	 1	 1	 0	 0	 2	 1	 5	 19	 62	115	151	154	131	132	123	113	102	103	 87	82	63	63	62	40	41	37	36	22	25	21	11	18	18	 9	13	 7	 8	 7	 5	2	 6	2	0	3	2	0	1	2	2	1	0	1	1	1	1	0	1	2	1	0	0	1	0	1	1	#_81        
 1998	 9	2	3	2	4658	0	0	0	0	1	0	0	0	0	1	1	0	0	0	0	0	1	1	1	2	0	0	0	0	0	0	1	1	0	0	 1	 0	 0	 0	 1	 2	 4	 21	 65	123	164	184	161	181	177	151	134	131	124	104	106	101	78	64	79	52	61	47	50	34	27	25	23	13	19	14	15	10	 6	 4	 3	 8	4	2	3	2	1	0	0	3	1	0	0	0	1	0	0	1	1	2	0	0	1	0	1	0	1	0	0	1	0	0	0	2	0	0	0	0	1	0	3	0	1	0	0	0	0	0	0	0	1	0	0	0	 0	 0	 0	 1	 1	 0	 0	 6	 21	 59	112	173	137	147	138	127	112	108	110	 95	82	76	64	72	56	54	42	34	42	31	20	22	19	13	 6	11	10	 5	 4	 5	5	 5	3	2	1	2	2	1	1	2	1	1	1	0	0	0	1	1	0	1	1	1	0	0	1	0	#_82        
 1999	 9	2	3	2	4658	2	0	0	0	0	1	1	0	1	0	1	0	0	1	0	0	3	0	2	0	0	2	0	1	0	1	1	0	0	1	 0	 1	 0	 0	 1	 2	 7	 18	 56	106	162	164	160	171	151	161	142	134	 93	120	 95	 96	76	78	84	71	64	45	48	44	38	46	31	21	11	18	14	10	10	 7	 9	 2	3	4	0	3	3	2	1	3	2	1	2	0	1	2	0	1	0	0	0	0	0	0	0	1	0	1	0	0	0	0	0	0	1	0	0	0	0	1	0	1	0	2	1	0	0	0	1	0	0	1	0	0	 1	 2	 0	 1	 1	 0	 2	 6	 12	 50	 94	143	139	148	141	123	109	121	 97	 90	77	70	82	57	48	42	48	41	35	36	33	30	25	18	19	15	14	10	10	 3	4	 6	9	2	4	3	2	0	1	1	1	0	1	0	2	1	0	0	1	1	2	0	1	0	0	0	#_83        
 2000	 9	2	3	2	4658	1	0	0	1	0	0	0	1	1	0	0	0	1	0	0	1	0	0	2	2	1	2	0	0	0	1	1	1	0	0	 1	 0	 0	 0	 3	 1	 7	 21	 67	114	156	156	152	150	153	143	118	107	137	102	112	101	80	85	72	54	53	51	50	39	50	33	31	28	26	19	18	17	 9	14	14	 8	6	8	3	3	2	5	1	4	3	1	1	0	0	0	1	0	1	0	0	1	0	1	1	0	1	0	1	0	2	0	0	1	0	0	0	0	1	0	0	0	0	0	0	0	1	0	0	0	2	1	0	1	 0	 0	 1	 0	 0	 0	 0	 4	 15	 46	110	135	147	118	135	122	107	108	115	 87	81	64	70	71	57	60	42	35	39	35	27	27	25	22	17	22	16	22	12	 7	5	 3	4	4	1	4	1	1	3	2	0	1	1	2	1	0	0	0	0	1	1	0	1	0	0	0	#_84        
 2001	 9	2	3	2	4658	1	0	0	1	0	0	1	0	0	0	0	0	0	0	1	0	0	0	0	1	0	0	0	0	0	0	0	1	1	0	 0	 0	 1	 0	 0	 4	 5	 23	 70	148	165	164	169	173	162	137	127	144	106	 90	 97	 81	77	75	57	54	46	54	56	26	29	32	22	19	17	15	14	16	13	10	 9	 9	9	5	8	2	4	2	2	2	2	1	1	1	0	1	1	1	0	0	1	0	0	1	0	0	0	0	1	0	2	0	0	1	0	1	2	0	0	0	0	1	0	0	0	0	0	0	0	1	0	2	1	3	 0	 1	 0	 0	 0	 1	 3	 9	 18	 61	104	161	148	125	144	106	108	 97	 90	 83	93	63	55	48	52	69	49	61	36	28	28	35	21	18	14	15	24	12	14	12	9	 9	4	7	4	5	5	4	1	3	1	1	6	1	0	1	2	0	1	2	1	0	1	1	1	0	#_85        
 2002	 9	2	3	2	4658	0	0	0	0	0	0	1	2	0	0	0	1	1	0	1	0	0	1	0	0	0	0	0	0	0	0	0	4	1	0	 0	 1	 0	 1	 1	 2	13	 35	101	188	220	220	239	233	182	173	159	134	114	102	 60	 73	68	61	43	37	37	27	27	25	20	16	17	13	 8	 8	 7	 6	 7	 1	 5	 0	7	3	2	6	3	2	0	3	2	1	2	0	0	0	1	1	1	0	0	2	0	0	2	0	1	2	0	0	0	0	0	1	0	1	0	1	0	0	0	1	1	0	0	0	2	0	0	0	0	2	0	1	 0	 0	 0	 1	 0	 2	 1	 3	 19	 73	152	177	181	184	131	111	108	 89	 90	 68	79	55	40	39	31	38	22	36	19	18	16	20	11	11	11	 6	15	 8	 4	 4	8	 6	7	1	3	2	1	4	2	0	1	0	0	0	0	0	0	0	0	0	0	3	0	0	0	0	#_86        
 2003	 9	2	3	2	4658	0	0	0	2	0	1	1	0	0	0	0	1	0	1	0	1	1	1	1	0	0	0	0	0	0	0	0	0	0	0	 0	 1	 0	 0	 1	 2	 7	 28	 92	143	213	176	195	193	194	154	127	145	119	 91	 87	 88	84	79	54	51	37	32	35	28	21	25	16	16	13	 5	 4	 8	 6	 5	 6	 4	3	1	2	3	1	2	2	0	0	1	0	1	0	0	0	0	0	1	1	1	2	1	1	0	0	1	2	0	0	1	1	0	0	1	0	0	0	0	1	0	0	1	1	0	1	2	1	0	0	0	0	1	 0	 0	 1	 0	 1	 1	 2	 5	 28	 68	141	175	162	141	173	129	137	104	115	 72	75	64	74	51	55	32	39	27	22	22	13	14	11	 9	 5	 5	 9	 6	 3	 2	4	 1	6	5	2	3	3	0	2	1	1	1	1	0	0	0	0	0	0	0	0	0	0	2	0	1	#_87        
 2004	 9	2	3	2	4658	1	0	0	0	2	0	1	0	0	1	0	0	1	0	0	0	0	0	0	0	0	1	0	1	0	0	1	0	0	2	 0	 0	 0	 3	 0	 0	 6	 28	113	181	220	227	232	213	199	197	162	146	109	 90	 93	 69	61	62	42	41	35	22	20	20	21	10	11	11	10	10	 5	 5	10	 6	 1	 4	4	0	3	3	1	0	0	0	2	0	1	0	1	1	0	0	0	0	0	2	0	1	1	0	0	0	1	1	1	0	0	0	0	0	0	0	1	0	0	1	0	0	1	0	3	2	0	1	0	0	0	0	 0	 0	 0	 0	 0	 1	 0	 6	 19	 55	143	179	194	170	149	136	120	106	 85	 61	73	49	43	50	46	31	26	31	23	21	19	10	10	 8	 5	12	 8	 4	 1	 3	1	 6	3	1	2	2	2	0	0	1	0	1	0	0	0	0	1	2	0	0	0	1	0	0	0	0	#_88        
 2005	 9	2	3	2	4658	0	0	1	0	0	0	0	0	0	2	1	1	1	0	1	0	1	1	0	0	0	0	0	1	1	0	0	1	2	1	 1	 0	 0	 1	 1	 1	 5	 29	 58	117	149	178	188	126	159	133	131	124	116	 99	103	 90	84	61	71	60	63	36	35	31	26	18	18	19	13	 9	 7	12	12	 7	 1	 3	2	3	3	1	1	0	0	0	2	1	1	0	0	0	0	0	0	1	0	0	1	0	0	1	0	0	0	0	1	0	1	0	0	1	1	0	2	0	1	1	1	0	0	0	0	1	0	1	0	1	1	0	 0	 0	 1	 1	 0	 1	 3	 5	 20	 74	128	154	163	157	158	130	140	133	125	 87	87	91	90	64	48	49	42	38	26	36	25	18	20	17	11	15	11	 4	 4	 5	6	 5	3	2	3	1	3	1	0	1	0	1	0	1	3	2	0	2	1	0	2	0	0	0	0	0	#_89        
 2006	 9	3	3	2	 283	0	0	0	0	0	0	0	0	0	0	0	0	0	0	0	0	0	0	0	0	0	0	0	0	0	0	0	0	0	0	 0	 0	 0	 0	 0	 0	 0	  1	  3	  9	 12	  9	 11	 10	 10	  4	  6	  4	  7	  6	  7	  0	 2	 3	 1	 4	 2	 1	 2	 2	 1	 1	 0	 0	 1	 0	 0	 1	 0	 0	 0	 1	0	0	1	0	0	0	0	0	0	0	0	0	0	0	0	0	0	0	0	0	0	0	0	0	0	0	0	0	0	0	0	0	0	1	0	0	0	0	0	0	0	0	0	0	0	0	0	0	0	0	0	1	 0	 0	 0	 0	 0	 0	 0	 0	  0	  6	  6	 16	  7	 15	  9	  5	  7	  8	 10	  7	 9	14	 6	 5	 3	 6	 4	 4	 1	 1	 4	 1	 1	 0	 1	 1	 0	 0	 1	 0	0	 0	0	0	0	0	1	0	0	0	0	0	0	0	0	0	0	0	0	0	0	0	0	0	0	0	#_90        
 2007	 9	3	3	2	 283	0	0	0	0	0	0	0	0	0	0	0	0	0	0	0	0	1	0	0	0	0	0	0	0	0	0	0	0	0	0	 0	 0	 0	 0	 0	 0	 0	  1	  5	 14	 17	 15	 19	 10	 12	  8	  9	  5	 11	  4	  5	  4	 4	 0	 2	 2	 1	 1	 0	 1	 1	 0	 1	 0	 0	 1	 0	 0	 0	 1	 0	 0	0	0	0	0	0	0	0	0	0	0	0	0	1	0	0	0	0	0	0	0	0	0	0	0	0	0	0	0	0	0	0	0	0	0	0	0	0	0	0	0	0	0	0	0	0	0	0	0	0	0	0	0	 0	 0	 0	 0	 0	 0	 0	 0	  0	  6	 17	 13	 14	  9	 18	  8	  7	  6	  7	  4	 3	 3	 2	 1	 2	 0	 0	 1	 1	 0	 0	 0	 1	 2	 0	 0	 0	 0	 0	 0	0	 0	1	0	0	0	0	0	0	0	0	0	0	0	0	0	0	0	0	0	0	0	1	0	0	0	#_91        
 2008	 9	3	3	2	 283	0	0	0	0	0	0	0	0	0	0	0	0	0	0	0	0	0	0	0	0	0	0	0	0	0	0	0	0	0	0	 0	 1	 0	 0	 0	 0	 0	  0	  2	 16	 15	 22	 15	 12	  9	  9	  9	 11	  8	  4	  3	  4	 3	 1	 1	 1	 0	 0	 0	 2	 1	 0	 1	 0	 0	 0	 0	 0	 0	 0	 0	 0	0	0	0	0	0	0	0	0	0	0	0	0	0	0	0	0	0	0	0	0	0	0	0	0	0	0	0	0	0	0	0	0	0	0	0	0	0	0	0	0	0	0	0	0	0	0	0	0	0	0	0	0	 1	 0	 0	 0	 0	 0	 0	 1	  0	  6	 15	 17	 16	 16	  9	  9	  3	  6	  6	  6	 8	 3	 0	 1	 2	 1	 2	 1	 0	 2	 1	 0	 0	 0	 1	 0	 0	 0	 0	 0	0	 0	0	0	0	0	0	0	0	0	0	0	0	0	0	0	0	0	0	0	0	0	0	0	0	0	#_92        
 2009	 9	3	3	2	 283	0	0	0	0	0	0	0	0	0	0	0	0	0	0	0	0	0	0	0	0	1	0	0	0	0	0	0	0	0	0	 0	 0	 0	 0	 0	 0	 0	  2	  6	 10	 14	 11	 13	 12	 12	 12	 12	 10	  4	 15	  4	  2	 3	 1	 1	 1	 4	 1	 0	 0	 0	 1	 1	 0	 0	 0	 0	 0	 0	 0	 0	 0	0	0	0	0	0	0	0	0	0	0	0	0	0	0	0	0	0	0	0	0	0	0	0	0	0	0	0	0	0	0	0	0	0	0	0	0	0	0	0	0	0	0	0	0	0	0	0	0	0	0	0	0	 0	 0	 0	 0	 0	 0	 0	 0	  1	  8	 10	 13	 17	 10	 22	  8	  6	  8	  3	  2	 8	 3	 1	 4	 1	 0	 0	 2	 1	 1	 0	 0	 0	 0	 0	 0	 0	 0	 0	 0	0	 0	0	0	0	0	0	0	0	0	0	0	0	0	0	0	0	1	0	0	0	0	0	0	0	0	#_93        
 2014	 9	3	3	2	 283	0	0	0	0	0	0	0	0	0	0	0	0	0	0	0	0	0	0	0	0	0	0	0	0	0	0	0	0	0	0	 0	 0	 0	 0	 0	 0	 0	  0	  7	 11	 18	 16	 14	 16	  9	 10	 12	  3	  4	  1	  0	  3	 3	 3	 2	 2	 3	 0	 2	 2	 1	 0	 0	 0	 0	 1	 0	 1	 0	 0	 0	 0	0	0	0	0	0	0	0	0	0	0	0	0	0	0	0	0	1	0	0	0	0	0	0	0	0	0	0	0	0	1	0	0	0	0	0	0	0	0	0	0	0	0	0	0	0	0	0	0	0	0	0	0	 0	 0	 0	 0	 0	 0	 0	 1	  0	  6	  8	  9	  8	  9	 13	 19	  8	 13	  9	  8	 3	 5	 4	 4	 1	 4	 1	 0	 0	 1	 0	 0	 0	 0	 0	 2	 0	 0	 0	 0	0	 0	1	0	0	0	0	0	0	0	0	0	0	0	0	0	0	0	0	0	0	0	0	0	0	0	#_94        
 2015	 5	3	3	2	 283	0	0	0	0	0	0	0	1	0	0	0	0	0	0	0	0	0	0	0	0	0	0	0	0	0	0	0	0	0	0	 0	 0	 0	 0	 0	 0	 0	  2	  5	  5	 13	 14	  8	 12	 13	 11	  7	  7	  7	  7	  4	  5	 6	 2	 3	 2	 0	 3	 0	 0	 0	 1	 1	 0	 0	 0	 0	 1	 2	 0	 0	 0	0	0	0	0	0	0	0	1	0	0	1	0	0	1	0	1	0	0	0	0	0	0	0	0	0	0	0	0	0	0	0	0	0	0	0	0	0	0	0	0	0	0	0	0	0	0	0	0	0	0	0	0	 0	 0	 0	 0	 0	 0	 0	 0	  1	  7	  3	 15	 12	  9	 13	 14	 13	  6	  8	  4	12	 8	 4	 2	 2	 2	 0	 1	 0	 0	 0	 0	 1	 0	 0	 0	 0	 0	 0	 0	0	 0	0	0	0	0	0	0	0	0	0	0	0	0	0	0	0	0	0	0	0	0	0	0	0	0	#_95        
 2016	 7	3	3	2	 283	0	0	0	0	0	0	0	0	0	0	0	0	0	0	0	0	0	0	0	0	0	0	0	0	0	0	0	0	0	0	 0	 0	 0	 0	 0	 0	 0	  2	  4	 10	 17	  9	 11	  9	 14	  9	 16	  7	 10	  7	  5	  4	 5	 4	 4	 1	 1	 0	 0	 0	 1	 0	 1	 0	 0	 0	 0	 0	 0	 0	 0	 0	0	0	0	0	0	0	0	0	0	0	0	0	0	0	0	0	0	0	0	0	0	0	0	0	0	0	0	0	0	0	0	0	0	0	0	0	0	0	0	0	1	0	0	0	0	0	0	0	0	0	0	0	 0	 0	 0	 0	 0	 0	 0	 0	  0	  3	  4	 12	 14	 12	 10	  8	  9	  4	  6	 11	 8	 9	 5	 5	 2	 1	 1	 1	 5	 0	 0	 0	 1	 0	 0	 0	 0	 0	 0	 0	0	 0	0	0	0	0	0	0	0	0	0	0	0	0	0	0	0	0	0	0	0	0	0	0	0	0	#_96        
 2017	 7	3	3	2	 283	0	0	0	0	0	0	0	0	0	0	0	0	0	0	0	0	0	0	0	0	0	0	0	0	0	0	0	0	0	0	 0	 0	 0	 0	 0	 1	 0	  1	  4	  8	  7	  8	 13	  8	 13	 16	  9	  6	  6	  5	  9	  7	 5	 2	 6	 6	 2	 1	 2	 2	 0	 0	 2	 1	 0	 0	 0	 0	 0	 0	 1	 0	0	0	0	0	0	0	0	0	0	0	1	0	1	0	0	0	0	0	0	0	0	0	0	0	0	0	0	0	0	0	0	0	0	0	0	0	0	0	0	0	0	0	0	0	0	0	0	0	0	0	0	0	 0	 0	 0	 0	 0	 0	 0	 0	  1	  3	  7	 14	 12	 12	  9	  8	  4	  9	  7	 10	 7	 5	 0	 4	 4	 5	 2	 2	 0	 0	 2	 0	 0	 2	 1	 0	 0	 0	 0	 0	0	 0	0	0	0	0	0	0	0	0	0	0	0	0	0	0	0	0	0	0	0	0	0	0	0	0	#_97        
 2018	 7	3	3	2	 283	0	0	0	0	0	0	0	0	0	0	0	0	0	0	0	0	0	0	0	0	0	0	0	0	0	0	1	0	0	0	 0	 0	 0	 0	 0	 0	 0	  0	  1	  5	 12	  8	 13	  9	 10	  4	  8	 12	  8	  5	  2	  9	 6	 1	 4	 2	 3	 4	 3	 3	 1	 3	 2	 1	 1	 0	 0	 0	 0	 0	 0	 0	0	0	0	0	0	0	0	0	0	0	0	0	0	0	0	0	0	0	0	0	0	0	0	0	0	0	0	0	0	0	0	0	0	0	0	0	0	0	0	0	0	0	0	0	0	0	0	0	0	0	0	0	 0	 0	 0	 0	 0	 0	 0	 0	  0	  6	  7	 16	  8	  6	  6	 14	  8	  9	  8	  6	11	 4	 6	 2	 5	 5	 2	 2	 1	 5	 1	 1	 0	 2	 1	 0	 0	 0	 0	 0	0	 0	0	0	0	0	0	0	0	0	0	0	0	0	0	0	0	0	0	0	0	0	0	0	0	0	#_98        
 2019	 7	3	3	2	 283	0	0	0	0	0	0	0	0	0	0	0	0	0	0	0	0	0	0	0	0	0	0	0	0	0	0	0	0	0	0	 0	 0	 0	 0	 0	 0	 0	  1	  6	  9	 11	 13	 11	  8	  8	  8	  5	  7	  5	  9	  5	 11	 3	 5	 4	 3	 3	 3	 2	 3	 0	 0	 0	 1	 0	 0	 0	 0	 0	 0	 0	 0	0	0	0	0	0	0	0	0	0	0	0	0	0	0	0	0	0	0	0	0	0	0	0	0	0	0	0	0	0	0	0	0	0	0	0	0	0	0	0	0	0	0	0	0	0	0	1	0	0	0	0	0	 0	 0	 0	 0	 0	 0	 0	 0	  2	  4	  7	 12	 15	  5	  1	 12	 16	  5	  5	  8	11	 5	 8	 2	 3	 3	 2	 3	 4	 1	 1	 0	 2	 0	 0	 0	 0	 0	 0	 0	0	 0	0	0	0	0	0	0	0	1	0	0	0	0	0	0	0	0	0	0	0	0	0	0	0	0	#_99        
 2020	 9	3	3	2	 283	0	0	0	0	0	0	0	0	0	0	0	0	0	0	0	0	0	0	0	0	0	0	0	0	0	0	0	0	0	0	 0	 0	 0	 0	 0	 0	 0	  0	  3	  4	 15	 11	 11	  4	 15	 14	 12	  8	  2	  4	  5	  3	 4	 2	 2	 0	 0	 3	 0	 3	 1	 1	 1	 0	 0	 0	 1	 0	 0	 1	 0	 0	0	0	0	0	0	0	0	0	0	0	0	0	0	0	1	0	0	0	1	0	0	0	0	0	0	0	0	0	0	0	0	0	0	0	0	0	0	0	0	0	0	0	0	0	0	0	0	0	0	0	0	0	 0	 0	 0	 0	 0	 0	 0	 0	  0	  3	 10	 13	 12	 11	 12	 11	 12	  9	 11	  6	 6	 4	 3	 6	 2	 5	 0	 1	 3	 2	 4	 0	 1	 0	 0	 0	 3	 0	 0	 0	0	 0	1	0	0	0	0	0	0	0	0	0	0	0	0	0	0	0	0	0	0	0	0	0	0	0	#_100       
-9999	 0	0	0	0	   0	0	0	0	0	0	0	0	0	0	0	0	0	0	0	0	0	0	0	0	0	0	0	0	0	0	0	0	0	0	0	 0	 0	 0	 0	 0	 0	 0	  0	  0	  0	  0	  0	  0	  0	  0	  0	  0	  0	  0	  0	  0	  0	 0	 0	 0	 0	 0	 0	 0	 0	 0	 0	 0	 0	 0	 0	 0	 0	 0	 0	 0	 0	0	0	0	0	0	0	0	0	0	0	0	0	0	0	0	0	0	0	0	0	0	0	0	0	0	0	0	0	0	0	0	0	0	0	0	0	0	0	0	0	0	0	0	0	0	0	0	0	0	0	0	0	 0	 0	 0	 0	 0	 0	 0	 0	  0	  0	  0	  0	  0	  0	  0	  0	  0	  0	  0	  0	 0	 0	 0	 0	 0	 0	 0	 0	 0	 0	 0	 0	 0	 0	 0	 0	 0	 0	 0	 0	0	 0	0	0	0	0	0	0	0	0	0	0	0	0	0	0	0	0	0	0	0	0	0	0	0	0	#_terminator
0 #_N_agebins
#
#_MeanSize_at_Age_obs
0 #_use_MeanSize_at_Age_obs
0 #_N_environ_variables
0 #_N_sizefreq_methods
0 #_do_tags
0 #_morphcomp_data
0 #_use_selectivity_priors
#
999
