
Initial statistics: 5 variables; iteration 0; function evaluation 0; phase 1
Function value 7.6957146e+03; maximum gradient component mag 1.4608e+04
Var    Value     Gradient |Var    Value     Gradient |Var    Value     Gradient
  1 -0.06606 -4.03638e+03 |  2 -0.75264 -3.37938e+01 |  3 -0.35783  1.46079e+04
  4 -0.38723 -5.37417e+03 |  5 -0.43851 -1.23592e+02 |

 - final statistics:
5 variables; iteration 10; function evaluation 18
Function value 7.6112e+03; maximum gradient component mag -9.8783e-01
Exit code = 1;  converg criter 1.0000e+01
Var    Value     Gradient |Var    Value     Gradient |Var    Value     Gradient
  1 -0.05652 -2.31553e-01 |  2 -0.68620  2.61108e-02 |  3 -0.36503 -9.87827e-01
  4 -0.38059  6.24297e-02 |  5 -0.44022 -3.96814e-02 |

Initial statistics: 23 variables; iteration 0; function evaluation 0; phase 2
Function value 7.6111922e+03; maximum gradient component mag -5.3756e+02
Var    Value     Gradient |Var    Value     Gradient |Var    Value     Gradient
  1 -0.05652 -2.31553e-01 |  2 -0.68620  2.61108e-02 |  3 -0.36503 -9.87827e-01
  4  0.00000 -7.36149e-02 |  5 -0.00000 -2.19212e-01 |  6 -0.38059  6.24297e-02
  7 -0.50535  1.08670e+02 |  8 -0.57124 -4.23621e+02 |  9 -0.44022 -3.96814e-02
 10  0.00000 -2.91365e-06 | 11  0.00000  1.06753e-01 | 12  0.00000  0.00000e+00
 13 -0.27149  3.30799e+00 | 14 -0.00000 -3.49415e-09 | 15 -0.69325 -6.08913e+01
 16 -0.42246  1.26470e+02 | 17 -0.56062  1.04646e+02 | 18 -0.71278 -5.37559e+02
 19 -0.51373 -1.18326e+02 | 20  0.00000  0.00000e+00 | 21 -0.46873  6.11346e+01
 22 -0.00000 -3.49415e-09 | 23 -0.60180 -1.04470e+02 |

 - final statistics:
23 variables; iteration 20; function evaluation 29
Function value 7.6012e+03; maximum gradient component mag 7.6712e+00
Exit code = 1;  converg criter 1.0000e+01
Var    Value     Gradient |Var    Value     Gradient |Var    Value     Gradient
  1 -0.05650 -5.07175e+00 |  2 -0.70035 -3.67987e+00 |  3 -0.36514 -9.18019e-01
  4 -0.02820 -2.07963e-01 |  5  0.07592  1.92096e-01 |  6 -0.37957 -4.87639e+00
  7 -0.50562 -2.38213e+00 |  8 -0.56092  7.67122e+00 |  9 -0.43643 -4.61420e-01
 10  0.00000  1.69563e-05 | 11  0.08194  4.84759e-01 | 12  0.00000  0.00000e+00
 13 -0.26632 -1.45431e-02 | 14 -0.00000 -1.97379e-08 | 15 -0.68571  1.04906e-01
 16 -0.45093 -1.03001e+00 | 17 -0.59202 -7.62246e-01 | 18 -0.70488  4.99785e+00
 19 -0.51663  4.82566e-01 | 20  0.00000  0.00000e+00 | 21 -0.55436 -1.51410e-01
 22 -0.00000 -1.97379e-08 | 23 -0.59917  6.70392e-01 |

Initial statistics: 151 variables; iteration 0; function evaluation 0; phase 3
Function value 7.6011722e+03; maximum gradient component mag 5.3112e+03
Var    Value     Gradient |Var    Value     Gradient |Var    Value     Gradient
  1 -0.05650 -5.07175e+00 |  2  0.00000 -1.67215e+03 |  3  0.00000  4.53762e+03
  4  0.00000  2.82031e+03 |  5  0.00000  5.31116e+03 |  6  0.00000 -3.38396e+03
  7  0.00000 -4.18141e+02 |  8  0.00000 -1.37852e+03 |  9  0.00000 -4.10065e+03
 10  0.00000  5.05945e+03 | 11  0.00000 -1.85297e+01 | 12  0.00000 -3.18182e+03
 13  0.00000 -2.51877e+03 | 14  0.00000 -2.21384e+02 | 15  0.00000  2.97194e+03
 16  0.00000  4.99993e+03 | 17  0.00000  4.86804e+03 | 18  0.00000 -1.70667e+03
 19  0.00000 -9.63976e+02 | 20  0.00000 -3.95030e+03 | 21  0.00000  2.47251e+02
 22  0.00000  6.05860e+02 | 23  0.00000 -1.39172e+02 | 24  0.00000 -4.89648e+02
 25  0.00000 -1.12714e+02 | 26  0.00000  2.75565e+02 | 27  0.00000  5.57561e+02
 28  0.00000  7.90466e+02 | 29  0.00000  5.29807e+02 | 30  0.00000 -3.85012e+02
 31  0.00000 -8.09613e+02 | 32  0.00000 -8.18750e+02 | 33  0.00000 -4.72091e+02
 34  0.00000 -2.87329e+01 | 35  0.00000  1.49939e+02 | 36  0.00000 -1.15076e+03
 37  0.00000 -1.47035e+03 | 38  0.00000 -1.39820e+03 | 39  0.00000  2.48671e+03
 40  0.00000  1.69918e+03 | 41  0.00000 -9.94921e+01 | 42  0.00000 -7.61535e+01
 43  0.00000 -9.84142e+02 | 44  0.00000 -3.66372e+02 | 45  0.00000  4.28421e+02
 46  0.00000 -6.41103e+02 | 47  0.00000 -1.07859e+02 | 48  0.00000  1.91273e+02
 49  0.00000  8.08069e+02 | 50  0.00000  7.87261e+01 | 51  0.00000 -3.42322e+02
 52  0.00000 -5.66022e+02 | 53  0.00000  1.41651e+01 | 54  0.00000  8.63678e+02
 55  0.00000  2.40541e+02 | 56  0.00000  6.00625e+02 | 57  0.00000 -2.00221e+02
 58  0.00000  1.14781e+02 | 59  0.00000 -6.45623e+02 | 60  0.00000  1.17781e+02
 61  0.00000  5.21692e+02 | 62  0.00000  9.78211e+01 | 63  0.00000 -5.44145e+02
 64  0.00000  1.12819e+03 | 65  0.00000  9.55139e+02 | 66  0.00000 -1.41573e+03
 67  0.00000 -4.64013e+02 | 68  0.00000  1.81304e+02 | 69  0.00000  4.79201e+02
 70  0.00000  1.88615e+02 | 71  0.00000  1.14780e+03 | 72  0.00000  4.20336e+02
 73  0.00000  1.13787e+02 | 74  0.00000 -4.31474e+02 | 75  0.00000 -1.40535e+03
 76  0.00000 -1.63198e+03 | 77  0.00000 -5.89323e+02 | 78  0.00000 -6.65742e+02
 79  0.00000  4.02352e+02 | 80  0.00000  4.64294e+02 | 81  0.00000  8.31409e+02
 82  0.00000 -9.29371e+01 | 83  0.00000  1.73838e+02 | 84  0.00000 -5.36207e+02
 85  0.00000  3.54389e+02 | 86  0.00000 -4.13085e+02 | 87  0.00000 -8.16918e+02
 88  0.00000  8.17165e+02 | 89  0.00000  4.65536e+02 | 90  0.00000 -4.69977e+02
 91  0.00000 -1.45185e+02 | 92  0.00000  1.83617e+00 | 93  0.00000  1.74861e+00
 94 -0.70035 -3.67987e+00 | 95 -0.46075 -8.41319e+01 | 96 -0.71566 -3.25058e+01
 97 -0.12527  1.58618e+00 | 98 -0.13003 -5.59105e+00 | 99 -0.38718 -6.84606e-01
100 -0.57542 -8.33709e+00 |101 -0.36514 -9.18019e-01 |102  0.19000 -7.09965e-01
103  0.05759 -3.47901e+03 |104  0.14218 -3.78620e+03 |105  0.23047 -2.82257e+03
106 -0.02820 -2.07963e-01 |107  0.07592  1.92096e-01 |108 -0.58973  7.28534e+01
109 -0.60893 -1.29413e+01 |110 -0.37957 -4.87639e+00 |111  0.00000 -7.42816e-08
112  0.43975  4.58793e+02 |113 -0.13971 -4.30584e+03 |114 -0.00006 -3.12508e-02
115 -0.50562 -2.38213e+00 |116 -0.56092  7.67122e+00 |117  0.11300  3.83655e+00
118  0.00298 -2.25247e+03 |119 -0.43643 -4.61420e-01 |120  0.14399  5.03205e+02
121  0.00000 -1.27074e-39 |122 -0.01726 -2.56186e+01 |123 -0.03067 -1.05294e+00
124  0.00000  1.69563e-05 |125  0.08194  4.84759e-01 |126 -0.59879 -1.67911e-01
127 -0.48855  2.53836e+00 |128  0.00000  0.00000e+00 |129 -0.26632 -1.45431e-02
130 -0.00000 -1.97379e-08 |131 -0.68571  1.04906e-01 |132  0.00000  0.00000e+00
133  0.07753  9.90503e+02 |134  0.00000  0.00000e+00 |135  0.00200  2.10500e+02
136 -0.45093 -1.03001e+00 |137 -0.59202 -7.62246e-01 |138 -0.70488  4.99785e+00
139 -0.51663  4.82566e-01 |140  0.13419  5.77958e+00 |141  0.17479  6.54806e+00
142  0.00099 -2.04082e+03 |143  0.00148 -3.39025e+03 |144  0.00000  0.00000e+00
145 -0.55436 -1.51410e-01 |146 -0.00000 -1.97379e-08 |147 -0.59917  6.70392e-01
148  0.00000  0.00000e+00 |149  0.20105  1.26166e+01 |150  0.00000  0.00000e+00
151 -0.00245 -9.15392e+02 |

Intermediate statistics: 151 variables; iteration 20; function evaluation 28; phase 3
Function value 6.2787850e+03; maximum gradient component mag 9.6446e+03
Var    Value     Gradient |Var    Value     Gradient |Var    Value     Gradient
  1 -0.10556 -2.38369e+03 |  2  0.01198 -9.14381e+02 |  3 -0.02207  1.69817e+03
  4 -0.00441  5.74587e+02 |  5 -0.02560  1.77379e+03 |  6  0.01762 -1.34940e+03
  7 -0.00744 -1.01966e+02 |  8 -0.00284 -1.96407e+02 |  9  0.02570 -1.29644e+03
 10 -0.03231  1.58530e+03 | 11 -0.00180 -3.03813e+02 | 12  0.01577 -1.03969e+03
 13  0.01412 -7.43177e+02 | 14  0.00534  3.21741e+00 | 15 -0.00544  9.37978e+02
 16 -0.00839  1.42177e+03 | 17 -0.01374  1.60662e+03 | 18  0.02311 -5.91032e+02
 19  0.01897 -6.19752e+01 | 20  0.04077 -1.41627e+03 | 21  0.02148  3.98856e+01
 22 -0.00340 -1.09610e+02 | 23  0.02301 -3.14308e+02 | 24  0.03883 -1.11399e+02
 25  0.00525 -1.96578e+01 | 26 -0.00091  1.50214e+02 | 27 -0.00720  1.87875e+02
 28 -0.03034  1.73098e+02 | 29 -0.03681  1.09101e+02 | 30  0.00286 -5.44621e+01
 31  0.02507  1.53659e+01 | 32  0.02394 -4.86916e+01 | 33  0.00447 -1.59290e+02
 34 -0.01324 -9.46495e+01 | 35 -0.00471  2.29466e+02 | 36  0.00845 -4.83892e+02
 37  0.00258 -5.81256e+02 | 38  0.00610 -4.51632e+02 | 39 -0.03831  9.53117e+02
 40 -0.03084  6.57522e+02 | 41 -0.00491 -1.47620e+02 | 42 -0.02010 -1.21171e+02
 43  0.03660 -1.50855e+00 | 44  0.01551 -1.68201e+01 | 45 -0.03297  7.79205e+00
 46  0.02375 -1.20136e+01 | 47 -0.00949 -7.06981e+01 | 48 -0.00762  1.52647e+01
 49 -0.04267  5.10995e+01 | 50 -0.01182 -3.94094e+01 | 51 -0.00015 -1.10364e+02
 52  0.02044 -6.53714e+01 | 53 -0.00205 -6.07334e+01 | 54 -0.04513  4.81497e+01
 55 -0.00244  5.14457e+01 | 56 -0.04064 -2.40796e+01 | 57  0.01094 -2.09347e+01
 58 -0.02517 -1.06171e+02 | 59  0.02752 -4.45336e+01 | 60 -0.01040 -5.35929e+01
 61 -0.02048  1.07717e+01 | 62 -0.01856 -9.74007e+01 | 63  0.02109 -4.73479e+01
 64 -0.04777  2.48772e+01 | 65 -0.07116 -9.49594e+01 | 66  0.03982 -1.92466e+02
 67  0.01009 -1.59414e+02 | 68 -0.00886 -2.39718e+01 | 69 -0.02920 -4.61803e+00
 70 -0.01176 -4.83266e+01 | 71 -0.06849  1.72237e+01 | 72 -0.02349 -4.43254e+01
 73 -0.01808 -1.09641e+02 | 74 -0.00511 -2.43441e+02 | 75  0.03896 -2.68383e+02
 76  0.06225 -2.14730e+02 | 77 -0.00630 -1.60609e+02 | 78  0.03105 -6.52830e+01
 79 -0.02630  2.19761e+01 | 80 -0.00554  1.18510e+02 | 81 -0.04420  6.14211e+01
 82  0.00914  2.47081e+01 | 83 -0.02859 -7.56369e+01 | 84  0.02806  1.17515e+01
 85 -0.02923 -1.36550e+01 | 86  0.01124 -6.80311e+01 | 87  0.03553 -1.91330e+01
 88 -0.04273  7.56142e+01 | 89 -0.01439  1.19612e+02 | 90  0.02850  1.41267e+02
 91  0.01804 -9.85022e+01 | 92 -0.00063  4.33688e+00 | 93 -0.00062  3.99889e+00
 94 -0.69600 -2.46733e+01 | 95 -0.46342  8.56891e+00 | 96 -0.71571 -2.83245e+00
 97 -0.12653  4.68317e+00 | 98 -0.12890 -5.53208e+00 | 99 -0.38641 -1.44769e+00
100 -0.57555 -1.15099e+00 |101 -0.35367  2.08182e+03 |102  0.19002 -1.45961e+00
103  0.05616 -9.14073e+03 |104  0.13794 -9.01811e+03 |105  0.24005 -3.27013e+03
106 -0.02816 -1.31264e-01 |107  0.07586  3.99406e-01 |108 -0.59679 -4.94273e+01
109 -0.60764  1.66162e+00 |110 -0.38562 -1.48181e+03 |111 -0.00000 -1.23686e-06
112  0.44079  2.75095e+02 |113 -0.13116 -5.61754e+03 |114 -0.00006 -2.39440e-02
115 -0.49667  1.33003e+02 |116 -0.56072 -2.22847e+02 |117  0.11295 -4.28997e+00
118  0.00396  4.17466e+03 |119 -0.45599  4.19121e+02 |120  0.14948  2.61791e+03
121  0.00000  2.59794e-39 |122  0.00036  9.18069e+02 |123 -0.03053 -6.55877e-01
124  0.00000  5.99134e-05 |125  0.08186  4.30071e-01 |126 -0.59881 -2.54837e-01
127 -0.48787 -7.42721e+00 |128  0.00000  0.00000e+00 |129 -0.26836  6.17183e+01
130 -0.00000 -1.97156e-08 |131 -0.69250 -7.96417e+01 |132  0.00000  0.00000e+00
133  0.07752  4.52048e+02 |134  0.00000  0.00000e+00 |135  0.00311  2.21627e+03
136 -0.44106  6.85269e+01 |137 -0.58054  1.45212e+02 |138 -0.69908 -1.93358e+02
139 -0.51120 -3.97862e+02 |140  0.13291  3.20136e+00 |141  0.17363  4.60928e+00
142  0.00343  4.41155e+03 |143  0.00411  9.64462e+03 |144  0.00000  0.00000e+00
145 -0.55410 -1.15829e+01 |146 -0.00000 -1.97156e-08 |147 -0.59049  4.14680e+01
148  0.00000  0.00000e+00 |149  0.19942  6.49695e+00 |150  0.00000  0.00000e+00
151 -0.00222 -1.10491e+03 |
151 variables; iteration 40; function evaluation 48; phase 3
Function value 6.2698278e+03; maximum gradient component mag 1.0016e+04
Var    Value     Gradient |Var    Value     Gradient |Var    Value     Gradient
  1 -0.09285 -2.42427e+03 |  2 -0.00069 -8.61758e+02 |  3 -0.02600  1.73096e+03
  4 -0.01165  5.06772e+02 |  5 -0.03251  1.70521e+03 |  6  0.01044 -1.43853e+03
  7 -0.01388 -7.93578e+01 |  8 -0.00973 -1.43795e+02 |  9  0.01814 -1.41230e+03
 10 -0.04094  1.42089e+03 | 11 -0.00703 -6.99584e+01 | 12  0.00840 -1.03633e+03
 13  0.00592 -8.32291e+02 | 14 -0.00332 -9.71530e+01 | 15 -0.01382  9.21606e+02
 16 -0.01637  1.47906e+03 | 17 -0.02234  1.58235e+03 | 18  0.01357 -7.57204e+02
 19  0.01018 -9.40295e+01 | 20  0.03067 -1.56422e+03 | 21  0.01208 -2.27589e+01
 22 -0.01086 -1.50709e+02 | 23  0.01687 -2.53054e+02 | 24  0.02982 -1.62320e+02
 25 -0.00421 -3.83629e+01 | 26 -0.01168  1.49244e+02 | 27 -0.01328  2.25358e+02
 28 -0.03856  1.86815e+02 | 29 -0.04883  9.31747e+01 | 30 -0.00551 -6.83694e+01
 31  0.01482 -3.62439e+01 | 32  0.01452 -1.04567e+02 | 33 -0.00439 -2.12199e+02
 34 -0.02256 -1.49821e+02 | 35 -0.01398  1.93412e+02 | 36 -0.00022 -5.18553e+02
 37 -0.00703 -6.37993e+02 | 38 -0.00286 -4.84888e+02 | 39 -0.04818  9.17282e+02
 40 -0.03981  6.73239e+02 | 41 -0.01382 -1.54906e+02 | 42 -0.02938 -1.45067e+02
 43  0.02742 -5.80504e+01 | 44  0.00702 -5.35181e+01 | 45 -0.04277 -2.13430e+01
 46  0.01510 -2.42351e+01 | 47 -0.01769 -8.09331e+01 | 48 -0.01578  1.08967e+01
 49 -0.05156  4.66337e+01 | 50 -0.01927 -2.65215e+00 | 51 -0.00864 -9.71138e+01
 52  0.01355 -2.77428e+01 | 53 -0.00783 -2.10319e+01 | 54 -0.05231  5.42678e+01
 55 -0.00916  7.25713e+01 | 56 -0.04798 -1.85848e+01 | 57  0.00443  2.68633e+01
 58 -0.03253 -9.07403e+01 | 59  0.02063  5.69069e+00 | 60 -0.01632 -1.79174e+01
 61 -0.02735  2.89682e+01 | 62 -0.02582 -9.38405e+01 | 63  0.01376 -3.54696e+01
 64 -0.05314  2.62630e+01 | 65 -0.08311 -1.49912e+02 | 66  0.03130 -2.71129e+02
 67  0.00369 -1.66206e+02 | 68 -0.01515 -2.90197e+01 | 69 -0.03735 -2.15025e+01
 70 -0.01756 -7.23501e+00 | 71 -0.07612  1.45011e+01 | 72 -0.03087 -4.27609e+01
 73 -0.02540 -1.06592e+02 | 74 -0.01175 -2.45444e+02 | 75  0.03191 -2.78256e+02
 76  0.05675 -2.25010e+02 | 77 -0.02231 -2.37746e+02 | 78  0.02463 -1.08627e+02
 79 -0.03509 -1.27007e+01 | 80 -0.01273  9.31721e+01 | 81 -0.05183  4.56451e+01
 82  0.00247  4.68659e+01 | 83 -0.03574 -7.11672e+01 | 84  0.02178  6.89568e+01
 85 -0.03684 -1.08596e+01 | 86  0.00480 -3.80875e+01 | 87  0.02916  2.49003e+01
 88 -0.05045  6.81948e+01 | 89 -0.01990  1.34676e+02 | 90  0.01999  8.84142e+01
 91  0.01626 -8.24917e+01 | 92 -0.00609 -7.66459e-01 | 93 -0.00575 -7.81952e-01
 94 -0.64667 -7.35506e+00 | 95 -0.55138  4.83147e+00 | 96 -0.73229 -3.60484e+00
 97 -0.14586  4.52545e+00 | 98 -0.11265 -5.09563e+00 | 99 -0.37955 -1.07218e+00
100 -0.58016 -1.09321e+00 |101 -0.35377  1.88676e+03 |102  0.19008 -1.48571e+00
103  0.05594 -8.97554e+03 |104  0.13803 -9.07075e+03 |105  0.24029 -3.28745e+03
106 -0.02768 -1.33308e-01 |107  0.07488  3.80327e-01 |108 -0.59880 -3.53194e+01
109 -0.60248  9.50517e-01 |110 -0.39483 -1.04123e+03 |111 -0.00000 -8.39342e-07
112  0.43741  2.47875e+02 |113 -0.12877 -4.30395e+03 |114  0.00001 -2.49784e-02
115 -0.48864  1.52446e+02 |116 -0.55935 -2.35550e+02 |117  0.10986  2.40460e-01
118  0.00385  4.60273e+03 |119 -0.46899  4.21134e+02 |120  0.15157  2.71382e+03
121  0.00000  1.58917e-38 |122  0.00165  9.16489e+02 |123 -0.02888 -6.96235e-01
124  0.00000  2.68832e-05 |125  0.08057  4.76970e-01 |126 -0.59878 -2.11294e-01
127 -0.47420 -3.95181e+00 |128  0.00000  0.00000e+00 |129 -0.29919  4.85091e+01
130 -0.00000 -1.94046e-08 |131 -0.69573 -8.67527e+01 |132  0.00000  0.00000e+00
133  0.07590  3.59902e+02 |134  0.00000  0.00000e+00 |135  0.00375  2.26144e+03
136 -0.38673  1.34874e+02 |137 -0.54277  2.05513e+02 |138 -0.69385 -1.96208e+02
139 -0.50702 -4.10959e+02 |140  0.11806  2.04203e+00 |141  0.15880  3.44060e+00
142  0.00284  4.81547e+03 |143  0.00373  1.00155e+04 |144  0.00000  0.00000e+00
145 -0.53394 -8.45961e+00 |146 -0.00000 -1.94046e-08 |147 -0.58491  5.00377e+01
148  0.00000  0.00000e+00 |149  0.18925  4.16956e+00 |150  0.00000  0.00000e+00
151 -0.00234 -1.08582e+03 |
151 variables; iteration 60; function evaluation 68; phase 3
Function value 6.2581791e+03; maximum gradient component mag 9.9505e+03
Var    Value     Gradient |Var    Value     Gradient |Var    Value     Gradient
  1 -0.09857 -2.63757e+03 |  2  0.00479 -9.07882e+02 |  3 -0.02578  1.58486e+03
  4 -0.00841  5.36903e+02 |  5 -0.03015  1.69262e+03 |  6  0.01336 -1.42180e+03
  7 -0.01185 -1.28657e+02 |  8 -0.00699 -1.50976e+02 |  9  0.02082 -1.41833e+03
 10 -0.03920  1.37932e+03 | 11 -0.00547 -1.39015e+02 | 12  0.01195 -8.67523e+02
 13  0.00838 -8.70173e+02 | 14 -0.00092 -1.91243e+02 | 15 -0.01027  9.46461e+02
 16 -0.01231  1.54626e+03 | 17 -0.01951  1.50812e+03 | 18  0.01808 -6.55748e+02
 19  0.01400 -1.02675e+02 | 20  0.03556 -1.49416e+03 | 21  0.01613 -4.16988e+01
 22 -0.01033 -1.78518e+02 | 23  0.02200 -2.02559e+02 | 24  0.03312 -2.08350e+02
 25 -0.00019 -3.40623e+01 | 26 -0.00563  1.60555e+02 | 27 -0.01156  1.92054e+02
 28 -0.03669  1.57060e+02 | 29 -0.04501  8.05262e+01 | 30 -0.00163 -6.38255e+01
 31  0.01953 -1.69039e+01 | 32  0.01830 -9.23545e+01 | 33 -0.00057 -2.11457e+02
 34 -0.01919 -1.63008e+02 | 35 -0.01065  1.69404e+02 | 36  0.00434 -4.65369e+02
 37 -0.00232 -5.55824e+02 | 38  0.00177 -4.15408e+02 | 39 -0.04599  8.63303e+02
 40 -0.03741  6.30188e+02 | 41 -0.01023 -1.30832e+02 | 42 -0.02784 -1.61949e+02
 43  0.03233  1.47667e+01 | 44  0.01188 -1.58697e+01 | 45 -0.04095 -3.56927e+01
 46  0.01926  2.98671e-01 | 47 -0.01442 -9.23176e+01 | 48 -0.01117  5.73500e+00
 49 -0.05065  7.70422e+00 | 50 -0.01630 -1.69500e+01 | 51 -0.00563 -1.02087e+02
 52  0.01878  2.57346e+00 | 53 -0.00252 -2.85872e+01 | 54 -0.05012  1.67485e+01
 55 -0.00357  5.58942e+01 | 56 -0.04643 -6.40411e+01 | 57  0.00959  1.71502e+01
 58 -0.03073 -1.18417e+02 | 59  0.02557  2.02032e+01 | 60 -0.01252 -4.11154e+01
 61 -0.02350  3.77851e+01 | 62 -0.02065 -6.12954e+01 | 63  0.01931  3.54703e+01
 64 -0.05018  1.09467e+01 | 65 -0.07736 -1.46581e+02 | 66  0.03683 -1.31790e+02
 67  0.00727 -1.28642e+02 | 68 -0.01000 -5.44801e+00 | 69 -0.03167  1.51486e+01
 70 -0.01380 -2.74397e+01 | 71 -0.07718 -5.11252e+01 | 72 -0.02852 -9.92529e+01
 73 -0.02304 -1.40459e+02 | 74 -0.00664 -2.57230e+02 | 75  0.03790 -2.53087e+02
 76  0.05962 -2.08264e+02 | 77 -0.00718 -1.62403e+02 | 78  0.02692 -1.20939e+02
 79 -0.03078 -2.50099e+01 | 80 -0.00831  6.37067e+01 | 81 -0.04929  4.26179e-01
 82  0.00731  3.59431e+01 | 83 -0.03281 -9.64155e+01 | 84  0.02642  8.05314e+01
 85 -0.03449 -3.04448e+01 | 86  0.00985 -3.41155e+01 | 87  0.03435  4.12725e+01
 88 -0.04843  3.42725e+01 | 89 -0.01515  1.07353e+02 | 90  0.02646  1.30015e+02
 91  0.03001 -2.80365e+01 | 92 -0.00323  1.98806e+00 | 93 -0.00309  1.70603e+00
 94 -0.49613  4.78178e+00 | 95 -0.97120 -7.08406e+01 | 96 -0.81747 -6.96940e+00
 97 -0.25311  3.48500e+00 | 98 -0.02486 -3.33253e+00 | 99 -0.34208 -7.34445e-01
100 -0.60536 -1.32342e+00 |101 -0.35360  1.60823e+03 |102  0.19056 -1.46438e+00
103  0.05607 -8.34426e+03 |104  0.13802 -8.71590e+03 |105  0.24054 -3.26582e+03
106 -0.02499 -1.18290e-01 |107  0.06948  3.00863e-01 |108 -0.59768 -3.94346e+01
109 -0.57277  1.62885e+00 |110 -0.39645 -1.32953e+03 |111 -0.00000 -1.10797e-06
112  0.43690  3.17773e+02 |113 -0.12752 -4.78036e+03 |114  0.00043 -2.32367e-02
115 -0.48379  1.65369e+02 |116 -0.55945 -2.63368e+02 |117  0.07870 -1.08855e+01
118  0.00372  4.45050e+03 |119 -0.47512  3.94497e+02 |120  0.15103  2.59323e+03
121  0.00000  2.54766e-39 |122  0.00524  9.20113e+02 |123 -0.01894 -8.50815e-01
124  0.00000  1.53741e-04 |125  0.07280  1.55414e-01 |126 -0.59860 -2.04815e-01
127 -0.42395  3.34996e+00 |128  0.00000  0.00000e+00 |129 -0.34353  2.95284e+01
130 -0.00000 -1.76575e-08 |131 -0.69721 -8.08585e+01 |132  0.00000  0.00000e+00
133  0.07643  3.73481e+02 |134  0.00000  0.00000e+00 |135  0.00454  2.23946e+03
136 -0.41419  8.92160e+01 |137 -0.54153  2.01975e+02 |138 -0.69651 -1.91703e+02
139 -0.50679 -4.01291e+02 |140  0.06297 -1.32102e+01 |141  0.09731 -1.09870e+01
142  0.00319  4.64991e+03 |143  0.00371  9.95052e+03 |144  0.00000  0.00000e+00
145 -0.47579  4.03826e+00 |146 -0.00000 -1.76575e-08 |147 -0.56701  7.72427e+01
148  0.00000  0.00000e+00 |149  0.14255 -3.86840e+00 |150  0.00000  0.00000e+00
151 -0.00269 -9.12525e+02 |
151 variables; iteration 80; function evaluation 88; phase 3
Function value 6.2289745e+03; maximum gradient component mag 8.9607e+03
Var    Value     Gradient |Var    Value     Gradient |Var    Value     Gradient
  1 -0.09942 -2.37867e+03 |  2  0.01037 -7.01269e+02 |  3 -0.02739  1.45952e+03
  4 -0.00729  4.98699e+02 |  5 -0.03035  1.57160e+03 |  6  0.01482 -1.27684e+03
  7 -0.01109 -1.30522e+02 |  8 -0.00686 -2.14541e+02 |  9  0.02206 -1.32882e+03
 10 -0.04134  1.18251e+03 | 11 -0.00507 -1.48617e+02 | 12  0.01213 -8.01268e+02
 13  0.00927 -7.74780e+02 | 14 -0.00077 -1.77566e+02 | 15 -0.01039  8.86537e+02
 16 -0.01283  1.41356e+03 | 17 -0.02026  1.38420e+03 | 18  0.01906 -5.29187e+02
 19  0.01437 -5.03670e+01 | 20  0.03653 -1.34656e+03 | 21  0.01675  4.52012e+01
 22 -0.00899 -1.09915e+02 | 23  0.02184 -1.54641e+02 | 24  0.03511 -1.03668e+02
 25 -0.00054 -9.04466e+01 | 26 -0.01009  9.29843e+01 | 27 -0.00899  1.84727e+02
 28 -0.03766  1.65468e+02 | 29 -0.04073  1.08047e+02 | 30 -0.00217 -4.31895e+01
 31  0.02191  1.71398e+01 | 32  0.01754 -9.63831e+01 | 33  0.00065 -2.22278e+02
 34 -0.02047 -1.96037e+02 | 35 -0.01231  3.57278e+01 | 36  0.00596 -3.51752e+02
 37 -0.00131 -4.85218e+02 | 38  0.00279 -3.79721e+02 | 39 -0.04743  7.49888e+02
 40 -0.04040  4.39145e+02 | 41 -0.00740 -1.11190e+01 | 42 -0.02406 -8.27352e+01
 43  0.03418  1.14485e+02 | 44  0.01168  3.26365e+00 | 45 -0.03910 -9.99061e+00
 46  0.02141  1.10640e+02 | 47 -0.01190 -3.32668e+01 | 48 -0.01159 -4.67427e+00
 49 -0.04966 -2.12444e+00 | 50 -0.01641 -4.13089e+01 | 51 -0.00019  1.40076e+01
 52  0.02160  3.06295e+01 | 53 -0.00618 -1.86636e+02 | 54 -0.05683 -1.22363e+02
 55 -0.00308 -3.21502e+01 | 56 -0.04437 -7.96032e+01 | 57  0.00972 -4.04185e+01
 58 -0.02803 -1.25204e+02 | 59  0.02499 -6.23784e+01 | 60 -0.01050 -3.94346e+01
 61 -0.02152  7.27717e+01 | 62 -0.01649  1.17176e+01 | 63  0.02007  2.24818e+01
 64 -0.05169 -3.34870e+01 | 65 -0.07703 -1.74008e+02 | 66  0.03680 -2.33193e+02
 67  0.00594 -1.83750e+02 | 68 -0.00673  4.63445e+01 | 69 -0.02772  9.88250e+01
 70 -0.01230  1.49482e+01 | 71 -0.07815 -5.96810e+01 | 72 -0.02593 -2.18333e+01
 73 -0.01780  5.13398e+00 | 74 -0.00473 -1.85381e+02 | 75  0.04125 -1.71113e+02
 76  0.05691 -2.91973e+02 | 77 -0.00234 -1.50070e+02 | 78  0.02660 -1.59166e+02
 79 -0.03065 -4.12754e+01 | 80 -0.00555  1.09414e+02 | 81 -0.04759  7.47587e-01
 82  0.00631 -6.27513e+01 | 83 -0.03094 -1.10999e+02 | 84  0.02693  3.81003e+01
 85 -0.03339 -3.98253e+01 | 86  0.01146 -3.79203e+01 | 87  0.03338 -3.56986e+01
 88 -0.04529  4.55796e+01 | 89 -0.01593  6.52176e+01 | 90  0.02199 -8.61362e-01
 91  0.03370  1.81002e+01 | 92  0.00380  9.64873e+00 | 93  0.00357  9.10232e+00
 94 -0.27541  5.80071e+00 | 95 -0.92891 -2.35469e+01 | 96 -0.98613 -1.67852e+02
 97 -0.77966 -5.22511e+00 | 98  0.38538  1.27271e+00 | 99 -0.15764  1.16985e+00
100 -0.72385 -3.03657e+00 |101 -0.35438  1.18022e+03 |102  0.19510 -1.65340e+00
103  0.05608 -7.30465e+03 |104  0.13872 -7.98978e+03 |105  0.24079 -3.18082e+03
106 -0.01080 -3.41307e-02 |107  0.04508 -9.79041e-01 |108 -0.59562 -8.12859e+01
109 -0.42483  7.30794e+00 |110 -0.39695 -1.14576e+03 |111 -0.00000 -1.04823e-06
112  0.43755  2.14825e+02 |113 -0.12735 -4.39202e+03 |114  0.00265 -1.90912e-02
115 -0.48151  2.01827e+02 |116 -0.56296 -3.74662e+02 |117  0.08961  8.52759e-02
118  0.00342  4.04719e+03 |119 -0.47645  2.56289e+02 |120  0.15133  2.06549e+03
121  0.00000  1.13753e-39 |122  0.00470  7.95464e+02 |123  0.04826 -4.59788e+00
124 -0.00000  2.26937e-04 |125  0.04082 -1.94607e-01 |126 -0.59831 -2.09263e-01
127 -0.41756  5.52723e+00 |128  0.00000  0.00000e+00 |129 -0.22153  7.37809e+01
130 -0.00000 -8.46463e-09 |131 -0.69005 -7.33079e+01 |132  0.00000  0.00000e+00
133  0.07568  4.07049e+02 |134  0.00000  0.00000e+00 |135  0.00192  1.85483e+03
136 -0.43479  5.34070e+01 |137 -0.54157  1.72282e+02 |138 -0.69804 -1.53410e+02
139 -0.50537 -3.03736e+02 |140  0.10557  2.60976e-01 |141  0.12484 -4.23208e-01
142  0.00335  4.15265e+03 |143  0.00364  8.96068e+03 |144  0.00000  0.00000e+00
145 -0.57323 -1.49762e+01 |146 -0.00000 -8.46463e-09 |147 -0.58986  4.36151e+01
148  0.00000  0.00000e+00 |149  0.14751 -1.79368e+00 |150  0.00000  0.00000e+00
151 -0.00142 -8.86676e+02 |
Maximum number of function evaluations exceeded

 - final statistics:
151 variables; iteration 93; function evaluation 100
Function value 6.1988e+03; maximum gradient component mag 8.4411e+03
Exit code = 3;  converg criter 1.0000e+00
Var    Value     Gradient |Var    Value     Gradient |Var    Value     Gradient
  1 -0.10350  1.14232e+03 |  2  0.02429 -1.97482e+02 |  3 -0.02969  1.27297e+03
  4 -0.00301  4.98473e+02 |  5 -0.02936  1.31985e+03 |  6  0.01844 -1.13158e+03
  7 -0.00876 -1.37770e+02 |  8 -0.00570 -2.31375e+02 |  9  0.02581 -1.10406e+03
 10 -0.04091  1.05280e+03 | 11 -0.00254 -1.33171e+02 | 12  0.01484 -7.06928e+02
 13  0.01184 -6.35298e+02 | 14  0.00127 -1.25038e+02 | 15 -0.00919  8.16083e+02
 16 -0.01133  1.34604e+03 | 17 -0.01939  1.32746e+03 | 18  0.02188 -1.68206e+02
 19  0.01625  2.65478e+02 | 20  0.04059 -5.19487e+02 | 21  0.01804  4.25658e+02
 22 -0.00241  3.44301e+02 | 23  0.02380  5.19202e+02 | 24  0.03989  6.00711e+02
 25 -0.00157 -3.69511e+01 | 26  0.00490  1.70455e+02 | 27 -0.02130  9.73624e+01
 28 -0.02683  1.82859e+02 | 29 -0.03506  1.04657e+02 | 30 -0.00497 -1.48009e+02
 31  0.03397  1.23695e+02 | 32  0.01810 -1.21351e+02 | 33  0.00317 -2.75268e+02
 34 -0.01928 -2.39467e+02 | 35 -0.00864 -1.41041e+01 | 36  0.00950 -3.48656e+02
 37  0.00295 -4.10716e+02 | 38  0.00627 -3.57731e+02 | 39 -0.04571  6.28785e+02
 40 -0.04073  2.22587e+02 | 41 -0.00457  2.07953e+01 | 42 -0.02007 -4.75467e+01
 43  0.03654  1.82562e+02 | 44  0.01696  1.43730e+02 | 45 -0.03278  6.51342e+01
 46  0.02380  1.44021e+02 | 47 -0.00830  2.22925e+01 | 48 -0.00651  1.02132e+02
 49 -0.04279  7.11878e+01 | 50 -0.01390 -5.14948e+01 | 51  0.00389  1.41817e+00
 52  0.01767 -8.61629e+01 | 53  0.00497  9.01696e+00 | 54 -0.05598 -9.19964e+01
 55 -0.00145 -3.07390e+01 | 56 -0.03961 -1.96002e+01 | 57  0.01458  1.35962e+02
 58 -0.02141 -4.29783e+01 | 59  0.02278 -1.85374e+02 | 60 -0.00557  1.31220e+01
 61 -0.01884  1.04231e+02 | 62 -0.01442  2.12184e+01 | 63  0.02266  9.33133e+01
 64 -0.04564  5.20796e+01 | 65 -0.07121 -1.15207e+02 | 66  0.04096 -1.17463e+02
 67  0.00743 -1.56754e+02 | 68 -0.00728  3.10445e+01 | 69 -0.01995  2.03622e+02
 70 -0.01283 -6.46233e+01 | 71 -0.07694 -9.72566e+01 | 72 -0.02517 -7.87052e+01
 73 -0.01151  6.80137e+01 | 74 -0.00894 -2.95558e+02 | 75  0.04681 -2.38072e+01
 76  0.06226 -1.31040e+02 | 77 -0.00498 -1.52660e+02 | 78  0.03128 -1.05528e+02
 79 -0.03294 -9.34160e+01 | 80 -0.00535  1.72050e+01 | 81 -0.04506 -1.16221e+01
 82  0.00850 -3.63230e+01 | 83 -0.02145 -3.88656e+00 | 84  0.02817  2.85636e+01
 85 -0.02811 -1.25038e+01 | 86  0.01339 -4.82829e+01 | 87  0.03599 -2.47101e+01
 88 -0.04193  5.10415e+01 | 89 -0.01487  2.80538e+01 | 90  0.02603  2.77396e+01
 91  0.02722 -3.79225e+01 | 92 -0.02074 -1.83065e+01 | 93 -0.01971 -1.73783e+01
 94 -0.40807  5.38505e+00 | 95 -0.95141 -3.75967e+01 | 96 -0.97406 -8.49877e+01
 97 -0.95381 -3.69461e+01 | 98  0.82400  8.16986e-01 | 99  0.04223  2.54760e+00
100 -0.83470 -6.67096e+00 |101 -0.35496  2.50535e+03 |102  0.20731 -1.80715e+00
103  0.05654 -7.15913e+03 |104  0.13969 -5.85986e+03 |105  0.24159 -2.85501e+03
106  0.00641  6.78816e-02 |107  0.03837 -3.50681e+00 |108 -0.59393 -9.63063e+01
109 -0.31806  1.41196e+01 |110 -0.40584 -4.61423e+02 |111 -0.00000 -6.00262e-07
112  0.43801 -1.77680e+02 |113 -0.12391 -2.66762e+03 |114  0.00552 -1.48563e-02
115 -0.48533  1.49425e+02 |116 -0.56287 -2.92218e+02 |117  0.07228 -1.70001e+01
118  0.00342  3.86630e+03 |119 -0.46903  6.33178e+02 |120  0.15347  4.01240e+03
121  0.00000 -2.76385e-39 |122 -0.00630  1.23911e+03 |123  0.15750  1.21559e+02
124 -0.00001  4.83073e-04 |125  0.00699 -1.05542e+00 |126 -0.59882 -1.33904e-01
127 -0.55471 -1.07087e+01 |128  0.00000  0.00000e+00 |129 -0.30348  3.05316e+01
130  0.00000  2.79217e-09 |131 -0.69690 -6.82232e+01 |132  0.00000  0.00000e+00
133  0.07444  3.18562e+02 |134  0.00000  0.00000e+00 |135  0.00314  1.53636e+03
136 -0.37959  1.19497e+02 |137 -0.52040  1.81934e+02 |138 -0.69489 -2.04588e+02
139 -0.50125 -1.95546e+02 |140  0.19157  3.45803e+00 |141  0.18543  7.61788e+00
142  0.00243  4.05355e+03 |143  0.00332  8.44111e+03 |144  0.00000  0.00000e+00
145 -0.66461 -2.11195e+01 |146  0.00000  2.79217e-09 |147 -0.56148  1.48325e+02
148  0.00000  0.00000e+00 |149  0.18721  8.44975e+00 |150  0.00000  0.00000e+00
151  0.00119 -1.77384e+02 |

Initial statistics: 211 variables; iteration 0; function evaluation 0; phase 4
Function value 6.1988305e+03; maximum gradient component mag -1.7205e+04
Var    Value     Gradient |Var    Value     Gradient |Var    Value     Gradient
  1 -0.10350  1.14232e+03 |  2  0.00000 -1.71121e-02 |  3  0.00000 -2.13323e-02
  4  0.00000 -2.66732e-02 |  5  0.00000 -3.35170e-02 |  6  0.00000 -4.24877e-02
  7  0.00000 -5.47513e-02 |  8  0.00000 -7.28497e-02 |  9  0.00000 -1.02893e-01
 10  0.00000 -1.55246e-01 | 11  0.00000 -1.93026e-01 | 12  0.00000 -1.67758e-01
 13  0.00000 -1.66687e-01 | 14  0.00000  2.87370e+00 | 15  0.00000  2.03828e+00
 16  0.00000  1.39161e+00 | 17  0.00000  9.21073e-01 | 18  0.00000  5.66723e-01
 19  0.00000  2.81761e-01 | 20  0.00000  2.65400e-02 | 21  0.00000 -2.34695e-01
 22  0.00000 -4.86776e-01 | 23  0.00000 -7.37084e-01 | 24  0.00000 -9.37390e-01
 25  0.00000 -1.28004e+00 | 26  0.00000 -1.68439e+00 | 27  0.00000 -2.04807e+00
 28  0.00000 -2.42849e+00 | 29  0.00000 -2.91755e+00 | 30  0.00000 -3.43481e+00
 31  0.00000 -3.96647e+00 | 32  0.00000 -4.61732e+00 | 33  0.00000 -5.37417e+00
 34  0.00000 -5.92004e+00 | 35  0.00000 -6.26192e+00 | 36  0.00000 -5.64975e+00
 37  0.00000 -2.62295e+00 | 38  0.00000  5.98074e+00 | 39  0.00000  2.66955e+01
 40  0.00000  7.06461e+01 | 41  0.00000  1.50803e+02 | 42  0.00000  2.19256e+02
 43  0.00000  2.91263e+01 | 44  0.00000 -4.23362e+02 | 45  0.00000 -5.66997e+02
 46  0.00000 -8.64810e+02 | 47  0.02429 -1.97482e+02 | 48 -0.02969  1.27297e+03
 49 -0.00301  4.98473e+02 | 50 -0.02936  1.31985e+03 | 51  0.01844 -1.13158e+03
 52 -0.00876 -1.37770e+02 | 53 -0.00570 -2.31375e+02 | 54  0.02581 -1.10406e+03
 55 -0.04091  1.05280e+03 | 56 -0.00254 -1.33171e+02 | 57  0.01484 -7.06928e+02
 58  0.01184 -6.35298e+02 | 59  0.00127 -1.25038e+02 | 60 -0.00919  8.16083e+02
 61 -0.01133  1.34604e+03 | 62 -0.01939  1.32746e+03 | 63  0.02188 -1.68206e+02
 64  0.01625  2.65478e+02 | 65  0.04059 -5.19487e+02 | 66  0.01804  4.25658e+02
 67 -0.00241  3.44301e+02 | 68  0.02380  5.19202e+02 | 69  0.03989  6.00711e+02
 70 -0.00157 -3.69511e+01 | 71  0.00490  1.70455e+02 | 72 -0.02130  9.73624e+01
 73 -0.02683  1.82859e+02 | 74 -0.03506  1.04657e+02 | 75 -0.00497 -1.48009e+02
 76  0.03397  1.23695e+02 | 77  0.01810 -1.21351e+02 | 78  0.00317 -2.75268e+02
 79 -0.01928 -2.39467e+02 | 80 -0.00864 -1.41041e+01 | 81  0.00950 -3.48656e+02
 82  0.00295 -4.10716e+02 | 83  0.00627 -3.57731e+02 | 84 -0.04571  6.28785e+02
 85 -0.04073  2.22587e+02 | 86 -0.00457  2.07953e+01 | 87 -0.02007 -4.75467e+01
 88  0.03654  1.82562e+02 | 89  0.01696  1.43730e+02 | 90 -0.03278  6.51342e+01
 91  0.02380  1.44021e+02 | 92 -0.00830  2.22925e+01 | 93 -0.00651  1.02132e+02
 94 -0.04279  7.11878e+01 | 95 -0.01390 -5.14948e+01 | 96  0.00389  1.41817e+00
 97  0.01767 -8.61629e+01 | 98  0.00497  9.01696e+00 | 99 -0.05598 -9.19964e+01
100 -0.00145 -3.07390e+01 |101 -0.03961 -1.96002e+01 |102  0.01458  1.35962e+02
103 -0.02141 -4.29783e+01 |104  0.02278 -1.85374e+02 |105 -0.00557  1.31220e+01
106 -0.01884  1.04231e+02 |107 -0.01442  2.12184e+01 |108  0.02266  9.33133e+01
109 -0.04564  5.20796e+01 |110 -0.07121 -1.15207e+02 |111  0.04096 -1.17463e+02
112  0.00743 -1.56754e+02 |113 -0.00728  3.10445e+01 |114 -0.01995  2.03622e+02
115 -0.01283 -6.46233e+01 |116 -0.07694 -9.72566e+01 |117 -0.02517 -7.87052e+01
118 -0.01151  6.80137e+01 |119 -0.00894 -2.95558e+02 |120  0.04681 -2.38072e+01
121  0.06226 -1.31040e+02 |122 -0.00498 -1.52660e+02 |123  0.03128 -1.05528e+02
124 -0.03294 -9.34160e+01 |125 -0.00535  1.72050e+01 |126 -0.04506 -1.16221e+01
127  0.00850 -3.63230e+01 |128 -0.02145 -3.88656e+00 |129  0.02817  2.85636e+01
130 -0.02811 -1.25038e+01 |131  0.01339 -4.82829e+01 |132  0.03599 -2.47101e+01
133 -0.04193  5.10415e+01 |134 -0.01487  2.80538e+01 |135  0.02603  2.77396e+01
136  0.02722 -3.79225e+01 |137 -0.02074 -1.83065e+01 |138 -0.01971 -1.73783e+01
139 -0.40807  5.38505e+00 |140 -0.95141 -3.75967e+01 |141 -0.97406 -8.49877e+01
142 -0.95381 -3.69461e+01 |143  0.82400  8.16986e-01 |144  0.04223  2.54760e+00
145 -0.83470 -6.67096e+00 |146 -0.35496  2.50535e+03 |147  0.20731 -1.80715e+00
148  0.05654 -7.15913e+03 |149  0.13969 -5.85986e+03 |150  0.24159 -2.85501e+03
151  0.00641  6.78816e-02 |152  0.03837 -3.50681e+00 |153 -0.59393 -9.63063e+01
154 -0.31806  1.41196e+01 |155  0.00023  9.73463e+03 |156 -0.00336 -1.22777e+04
157 -0.02088 -3.95187e+03 |158  0.06969 -8.37681e+02 |159  0.76092 -2.85175e+01
160 -0.40584 -4.61423e+02 |161 -0.00000 -6.00262e-07 |162  0.43801 -1.77680e+02
163 -0.12391 -2.66762e+03 |164  0.00552 -1.48563e-02 |165 -0.48533  1.49425e+02
166 -0.56287 -2.92218e+02 |167  0.07228 -1.70001e+01 |168  0.00342  3.86630e+03
169  0.04298 -4.11433e+03 |170  0.03582  2.58714e+01 |171 -0.00697 -1.72050e+04
172 -0.00007 -6.20199e-03 |173  0.87255 -1.48890e+01 |174 -0.46903  6.33178e+02
175  0.15347  4.01240e+03 |176  0.00000 -2.46517e-39 |177 -0.00630  1.23911e+03
178  0.15750  1.21559e+02 |179 -0.00001  4.83073e-04 |180  0.00699 -1.05542e+00
181 -0.59882 -1.33904e-01 |182 -0.55471 -1.07087e+01 |183 -0.00713  7.34160e+02
184 -0.00000 -5.61243e-10 |185  0.00678  1.47781e+03 |186 -0.04985  4.29840e+00
187  0.80957 -5.85765e+00 |188  0.00000  0.00000e+00 |189 -0.30348  3.05316e+01
190  0.00000  2.79217e-09 |191 -0.69690 -6.82232e+01 |192  0.00000  0.00000e+00
193  0.07444  3.18562e+02 |194  0.00000  0.00000e+00 |195  0.00314  1.53636e+03
196 -0.37959  1.19497e+02 |197 -0.52040  1.81934e+02 |198 -0.69489 -2.04588e+02
199 -0.50125 -1.95546e+02 |200  0.19157  3.45803e+00 |201  0.18543  7.61788e+00
202  0.00243  4.05355e+03 |203  0.00332  8.44111e+03 |204  0.00000  0.00000e+00
205 -0.66461 -2.11195e+01 |206  0.00000  2.79217e-09 |207 -0.56148  1.48325e+02
208  0.00000  0.00000e+00 |209  0.18721  8.44975e+00 |210  0.00000  0.00000e+00
211  0.00119 -1.77384e+02 |

Intermediate statistics: 211 variables; iteration 20; function evaluation 24; phase 4
Function value 6.0655198e+03; maximum gradient component mag 1.4900e+04
Var    Value     Gradient |Var    Value     Gradient |Var    Value     Gradient
  1 -0.09560  8.24959e+02 |  2  0.00000 -1.05530e-02 |  3  0.00000 -1.31474e-02
  4  0.00000 -1.64251e-02 |  5  0.00000 -2.06137e-02 |  6  0.00001 -2.60793e-02
  7  0.00001 -3.34912e-02 |  8  0.00001 -4.42713e-02 |  9  0.00001 -6.17162e-02
 10  0.00002 -9.09068e-02 | 11  0.00002 -1.10264e-01 | 12  0.00002 -9.48322e-02
 13  0.00002 -9.24134e-02 | 14 -0.00041  2.23877e+00 | 15 -0.00030  1.62538e+00
 16 -0.00021  1.14743e+00 | 17 -0.00014  8.03054e-01 | 18 -0.00009  5.52089e-01
 19 -0.00006  3.56676e-01 | 20 -0.00002  1.86719e-01 | 21  0.00001  2.83602e-02
 22  0.00004 -1.17689e-01 | 23  0.00007 -2.60042e-01 | 24  0.00009 -3.48906e-01
 25  0.00013 -5.29730e-01 | 26  0.00018 -7.38703e-01 | 27  0.00022 -9.03334e-01
 28  0.00026 -1.06381e+00 | 29  0.00032 -1.29727e+00 | 30  0.00039 -1.55552e+00
 31  0.00046 -1.83469e+00 | 32  0.00055 -2.19098e+00 | 33  0.00067 -2.62271e+00
 34  0.00078 -2.94818e+00 | 35  0.00091 -3.16125e+00 | 36  0.00101 -2.89618e+00
 37  0.00096 -1.33628e+00 | 38  0.00058  3.31404e+00 | 39 -0.00061  1.45917e+01
 40 -0.00319  3.81625e+01 | 41 -0.00696  8.19921e+01 | 42 -0.00626  1.46986e+02
 43  0.01489  1.86811e+02 | 44  0.00065 -8.72791e+01 | 45  0.00486 -7.84161e+00
 46  0.00214 -2.81911e+02 | 47  0.02744  1.93026e+02 | 48 -0.04638  3.32811e+02
 49 -0.00418 -5.92334e+00 | 50 -0.04095  3.56707e+02 | 51  0.02227 -2.68652e+02
 52 -0.00905 -9.98335e+01 | 53 -0.00630 -1.39597e+02 | 54  0.03142 -2.57590e+02
 55 -0.05433  1.80264e+02 | 56  0.00035 -1.98077e+02 | 57  0.01836 -1.68903e+02
 58  0.01432 -2.05061e+01 | 59  0.00062 -4.56797e+01 | 60 -0.01642 -5.06607e+00
 61 -0.02253 -4.05760e+01 | 62 -0.02975  1.46042e+02 | 63  0.02281 -5.17401e+01
 64  0.01245  3.09356e+01 | 65  0.04384 -2.01493e+02 | 66  0.01098  7.44372e+01
 67 -0.01785 -9.80577e+01 | 68  0.01693 -1.72435e+02 | 69  0.02887 -1.54630e+02
 70  0.00368 -8.36922e+01 | 71 -0.00308  3.29280e+01 | 72 -0.01812  1.54756e+01
 73 -0.03503  7.85809e+01 | 74 -0.03899  8.44225e+01 | 75  0.00681  7.72073e+01
 76  0.02096  4.22195e+01 | 77  0.01839  4.11118e+01 | 78  0.00723  6.33226e+01
 79 -0.01491  6.19790e+01 | 80 -0.01025 -1.27475e+01 | 81  0.00969 -4.54715e+01
 82  0.00435 -5.28612e+01 | 83  0.01092  4.17065e+01 | 84 -0.06172  9.09958e+00
 85 -0.03842  6.16133e+01 | 86 -0.00818 -5.89893e+01 | 87 -0.01189  3.55858e+01
 88  0.03250 -9.60530e-01 | 89  0.01390  1.63065e+01 | 90 -0.03280  1.01465e+01
 91  0.02041  2.02840e+00 | 92 -0.00552  3.61678e+01 | 93 -0.00925  2.89922e+00
 94 -0.04533 -7.27625e+00 | 95 -0.01136 -1.55494e+01 | 96  0.00106 -3.83813e+01
 97  0.01839  8.16317e+00 | 98  0.00056  5.31197e+01 | 99 -0.04524  4.39900e+01
100 -0.00371  4.46278e+01 |101 -0.03570  4.85434e+01 |102  0.00932  5.71100e+01
103 -0.01837  5.12534e+01 |104  0.02365  2.59588e+01 |105 -0.00854  3.58959e+01
106 -0.02397  3.81657e+01 |107 -0.01349  6.16930e+01 |108  0.01884  9.02546e+01
109 -0.04873  9.28529e+01 |110 -0.05699  6.87080e+01 |111  0.03830  5.12521e+01
112  0.01253  1.24931e+02 |113 -0.01032  7.32155e+01 |114 -0.03124  1.55846e+01
115 -0.01049  9.15758e+01 |116 -0.06696  5.65285e+01 |117 -0.02234  5.16013e+01
118 -0.01894 -5.54068e+00 |119  0.00677  1.23444e+02 |120  0.04102  3.98286e+00
121  0.05831  5.48461e+01 |122  0.00531  5.25765e+01 |123  0.02785  6.99950e+01
124 -0.02457  6.23982e+01 |125 -0.00743  8.20312e+01 |126 -0.04159  4.32409e+01
127  0.00805  3.51970e+01 |128 -0.02051  2.62785e+01 |129  0.02560  3.27684e+01
130 -0.02534  3.35112e+01 |131  0.01382  1.76441e+01 |132  0.03524  2.92157e+01
133 -0.04365  3.21318e+01 |134 -0.01218  2.19669e+01 |135  0.02608 -1.58144e+01
136  0.02720 -1.50677e+01 |137 -0.01804 -1.65620e+01 |138 -0.01714 -1.57096e+01
139 -0.40891  6.53801e+00 |140 -0.94586 -3.24756e+01 |141 -0.96260 -5.53531e+01
142 -0.94834 -3.21046e+01 |143  0.82387  8.46537e-01 |144  0.04182  2.09688e+00
145 -0.83357 -7.56352e+00 |146 -0.35713  3.61239e+03 |147  0.20731  1.15906e+00
148  0.05966 -1.92275e+03 |149  0.14053  3.29737e+02 |150  0.25641 -1.87130e+03
151  0.00641  1.10511e-03 |152  0.03835  3.06107e+00 |153 -0.59172  4.67760e+01
154 -0.31867 -4.61883e+00 |155  0.00227  1.49002e+04 |156 -0.00161 -6.58709e+03
157 -0.02034  5.57364e+03 |158  0.03574 -3.21800e+02 |159  0.76150  1.07878e+01
160 -0.44064 -4.49296e+01 |161 -0.00000 -2.61227e-07 |162  0.41895  1.25487e+02
163 -0.11490 -2.00620e+02 |164  0.00552 -1.36345e-02 |165 -0.48045  9.39389e+01
166 -0.55954 -1.52426e+02 |167  0.07512 -1.59826e+01 |168  0.00347  4.31808e+03
169  0.04464  4.23806e+02 |170  0.03609 -2.49981e+01 |171 -0.00633 -1.86146e+02
172 -0.00007 -5.62070e-03 |173  0.87322  1.44154e+01 |174 -0.45554  8.15055e+02
175  0.15118  3.62340e+03 |176 -0.00000 -3.19846e-38 |177 -0.01608  1.06733e+03
178  0.15195  4.17642e+01 |179 -0.00001  1.00637e-03 |180  0.00717 -2.37446e+00
181 -0.59881  1.77268e-01 |182 -0.55275 -2.22004e+01 |183 -0.00510  1.69062e+03
184 -0.00000 -5.61199e-10 |185  0.00908  1.49641e+03 |186 -0.04796 -5.23221e+00
187  0.81028 -2.10060e+01 |188  0.00000  0.00000e+00 |189 -0.30315  1.50596e+01
190  0.00000  2.79004e-09 |191 -0.69503 -1.65960e+01 |192  0.00000  0.00000e+00
193  0.07232 -1.17730e+02 |194  0.00000  0.00000e+00 |195  0.00230  7.61042e+02
196 -0.38461  4.75039e+01 |197 -0.52416 -1.71959e+02 |198 -0.69601 -9.65130e+01
199 -0.50689  2.77256e+02 |200  0.19098  3.77180e+00 |201  0.18475  4.14981e+00
202  0.00196  1.94673e+03 |203  0.00062 -8.08093e+03 |204  0.00000  0.00000e+00
205 -0.66032 -1.86649e+01 |206  0.00000  2.79004e-09 |207 -0.57837  8.97181e+01
208  0.00000  0.00000e+00 |209  0.18652  1.01536e+01 |210  0.00000  0.00000e+00
211  0.00108 -2.40701e+02 |
211 variables; iteration 40; function evaluation 46; phase 4
Function value 6.0437762e+03; maximum gradient component mag 1.2650e+04
Var    Value     Gradient |Var    Value     Gradient |Var    Value     Gradient
  1 -0.07991  8.77607e+02 |  2  0.00001  1.04094e-02 |  3  0.00001  1.29657e-02
  4  0.00002  1.61936e-02 |  5  0.00002  2.03159e-02 |  6  0.00002  2.56891e-02
  7  0.00003  3.29629e-02 |  8  0.00004  4.35067e-02 |  9  0.00006  6.04514e-02
 10  0.00009  8.83204e-02 | 11  0.00013  1.05069e-01 | 12  0.00014  8.92010e-02
 13  0.00016  8.67939e-02 | 14 -0.00328 -1.04173e+00 | 15 -0.00235 -7.37606e-01
 16 -0.00163 -4.94455e-01 | 17 -0.00111 -3.08268e-01 | 18 -0.00073 -1.56804e-01
 19 -0.00042 -2.98130e-02 | 20 -0.00014  8.78931e-02 | 21  0.00014  2.14593e-01
 22  0.00040  3.43478e-01 | 23  0.00067  4.78238e-01 | 24  0.00087  6.06170e-01
 25  0.00121  8.06790e-01 | 26  0.00162  1.05464e+00 | 27  0.00198  1.31515e+00
 28  0.00237  1.64962e+00 | 29  0.00291  2.10106e+00 | 30  0.00352  2.65961e+00
 31  0.00422  3.35013e+00 | 32  0.00510  4.27967e+00 | 33  0.00624  5.59033e+00
 34  0.00736  7.23793e+00 | 35  0.00878  9.84835e+00 | 36  0.01016  1.37463e+01
 37  0.01061  1.94375e+01 | 38  0.00893  2.84215e+01 | 39  0.00290  4.10191e+01
 40 -0.00687  6.00799e+01 | 41 -0.01351  1.03328e+02 | 42 -0.01007  1.83260e+02
 43  0.01255  2.39553e+02 | 44 -0.00317 -8.96337e+01 | 45  0.00003 -1.20318e+02
 46 -0.00319 -3.62531e+02 | 47  0.02117  9.75778e+01 | 48 -0.05273  3.10419e+02
 49 -0.01093 -9.83681e+01 | 50 -0.04821  2.96259e+02 | 51  0.01814  1.34608e+01
 52 -0.01306 -4.83365e+01 | 53 -0.01050 -1.27916e+02 | 54  0.02658 -1.30106e+02
 55 -0.05946  1.85664e+02 | 56 -0.00552 -3.77177e+02 | 57  0.01249 -1.80448e+02
 58  0.00796 -2.97333e+01 | 59 -0.00562  2.11989e+01 | 60 -0.02335  7.42830e+01
 61 -0.02985  7.70593e+01 | 62 -0.03601  2.69661e+02 | 63  0.01384 -2.46078e+02
 64  0.00366 -3.23011e+00 | 65  0.03597 -4.40434e+01 | 66  0.00109  9.04398e+01
 67 -0.02881 -8.63943e+01 | 68  0.00717 -1.72315e+02 | 69  0.01778 -2.05248e+02
 70 -0.00189 -6.76611e+01 | 71 -0.01650  1.13277e+01 | 72 -0.01700  3.60718e+01
 73 -0.05016  4.13175e+01 | 74 -0.04491  5.83639e+01 | 75 -0.00067  5.21254e+01
 76  0.01369  2.59539e+01 | 77  0.01278  3.53978e+01 | 78 -0.00118  1.83315e+01
 79 -0.02383  7.70481e+00 | 80 -0.01752 -3.39433e+01 | 81  0.00245 -2.65858e+01
 82 -0.00225 -3.13338e+01 | 83  0.00268 -8.48287e+00 | 84 -0.06512  1.09938e+02
 85 -0.04649  2.95167e+01 | 86 -0.01497 -3.84567e+01 | 87 -0.02025  2.07785e+01
 88  0.02580  3.85436e+01 | 89  0.00511  3.65086e+00 | 90 -0.03973  1.75847e+01
 91  0.01427  5.58020e+01 | 92 -0.01433  2.68914e+01 | 93 -0.01654  6.02659e+00
 94 -0.05223 -7.96532e+00 | 95 -0.01890 -4.15478e+01 | 96 -0.00434 -1.85322e+01
 97  0.01151  1.19745e+01 | 98 -0.00833  1.95367e+01 | 99 -0.05226  3.21124e+01
100 -0.01120  1.79330e+01 |101 -0.04399  1.91699e+01 |102  0.00286  6.14506e+01
103 -0.02694  1.79976e+01 |104  0.01640  5.31111e+00 |105 -0.01675  1.61967e+01
106 -0.03056  3.60596e+01 |107 -0.02059  5.20197e+01 |108  0.01208  7.29019e+01
109 -0.06088  1.86379e+01 |110 -0.06379  4.10727e+01 |111  0.03190  5.25795e+01
112  0.00296  6.89494e+01 |113 -0.01825  5.27284e+01 |114 -0.03717  2.42033e+01
115 -0.01849  3.80531e+01 |116 -0.07508  2.37652e+01 |117 -0.02915  2.52721e+01
118 -0.02542 -1.97649e+01 |119 -0.00295  3.78437e+01 |120  0.03498  2.06595e+01
121  0.05053  3.82822e+01 |122 -0.00268  3.06466e+01 |123  0.01965  2.03169e+01
124 -0.03242  3.39583e+01 |125 -0.01513  4.08870e+01 |126 -0.04890  2.20902e+01
127  0.00119  1.23518e+01 |128 -0.02705  1.64684e+01 |129  0.01930  2.78266e+01
130 -0.03370  3.24399e+00 |131  0.00740  1.18984e+00 |132  0.02860  1.70929e+01
133 -0.05280  5.86069e+00 |134 -0.01759  2.10590e+01 |135  0.02038 -9.21521e+00
136  0.02096 -1.80979e+01 |137  0.00391  7.71295e+00 |138  0.00369  7.33348e+00
139 -0.42819  9.62699e+00 |140 -0.88213 -1.13112e+01 |141 -0.86645 -1.08564e+01
142 -0.88552 -1.17539e+01 |143  0.82177  8.43187e-01 |144  0.03568  2.21081e+00
145 -0.81535 -6.41110e+00 |146 -0.35727  2.68429e+03 |147  0.20732  8.89773e-01
148  0.06065 -9.44950e+02 |149  0.13822  8.09814e+01 |150  0.26945 -7.60325e+02
151  0.00634  2.07701e-02 |152  0.03733  1.13949e+00 |153 -0.59962  1.13281e+02
154 -0.32606  6.34801e-01 |155  0.00198  1.26499e+04 |156 -0.00189 -5.26132e+03
157 -0.01979  4.39703e+03 |158 -0.00040 -3.00960e+02 |159  0.76752  1.07555e+01
160 -0.45165  9.96861e+01 |161 -0.00000 -1.44245e-07 |162  0.41339  1.22740e+02
163 -0.11340  3.20487e+02 |164  0.00556 -1.73339e-02 |165 -0.46975  1.23959e+02
166 -0.55781 -1.55509e+02 |167  0.09355 -1.00874e+00 |168  0.00325  4.31166e+03
169  0.04505  1.69327e+03 |170  0.02894 -1.75908e+01 |171 -0.00633  3.27754e+03
172 -0.00005 -6.09804e-03 |173  0.85123  3.21135e+01 |174 -0.44309  5.95426e+02
175  0.14700  2.67813e+03 |176 -0.00000 -2.80991e-39 |177 -0.01227  8.98122e+02
178  0.13727  1.26695e+01 |179 -0.00001  5.59267e-04 |180  0.00833 -1.37366e+00
181 -0.59880  1.30852e-01 |182 -0.53519 -1.81270e+01 |183 -0.00556  1.12801e+03
184 -0.00000 -5.60492e-10 |185  0.00818  1.25821e+03 |186 -0.01422 -3.77074e+00
187  0.81333 -1.77272e+01 |188  0.00000  0.00000e+00 |189 -0.29494  1.28083e+01
190  0.00000  2.75527e-09 |191 -0.69417 -6.19543e+00 |192  0.00000  0.00000e+00
193  0.07085 -9.42232e+01 |194  0.00000  0.00000e+00 |195  0.00208  5.81270e+02
196 -0.39372  2.67909e+01 |197 -0.50785 -1.50161e+02 |198 -0.69714 -8.38079e+01
199 -0.50481  2.77211e+02 |200  0.18059  4.09096e+00 |201  0.17576  3.83419e+00
202  0.00200  1.75651e+03 |203  0.00047 -7.54271e+03 |204  0.00000  0.00000e+00
205 -0.62136 -2.72170e+00 |206  0.00000  2.75527e-09 |207 -0.59989 -3.81601e+00
208  0.00000  0.00000e+00 |209  0.16281  1.26569e+01 |210  0.00000  0.00000e+00
211  0.00035  5.66060e+01 |
211 variables; iteration 60; function evaluation 67; phase 4
Function value 6.0378258e+03; maximum gradient component mag 1.2894e+04
Var    Value     Gradient |Var    Value     Gradient |Var    Value     Gradient
  1 -0.09096  6.33549e+02 |  2  0.00001 -3.87638e-03 |  3  0.00001 -4.83027e-03
  4  0.00001 -6.03595e-03 |  5  0.00001 -7.57754e-03 |  6  0.00002 -9.59073e-03
  7  0.00002 -1.23255e-02 |  8  0.00003 -1.63221e-02 |  9  0.00003 -2.28999e-02
 10  0.00004 -3.47114e-02 | 11  0.00004 -4.70128e-02 | 12  0.00004 -4.66971e-02
 13  0.00004 -5.11371e-02 | 14  0.00005  1.69718e+00 | 15 -0.00002  1.22493e+00
 16 -0.00004  8.65040e-01 | 17 -0.00003  6.13753e-01 | 18  0.00000  4.39662e-01
 19  0.00004  3.06297e-01 | 20  0.00007  1.91238e-01 | 21  0.00011  8.62523e-02
 22  0.00015 -7.20882e-03 | 23  0.00019 -9.42070e-02 | 24  0.00023 -1.33692e-01
 25  0.00030 -2.32841e-01 | 26  0.00039 -3.39548e-01 | 27  0.00047 -3.94928e-01
 28  0.00057 -4.10381e-01 | 29  0.00072 -4.38301e-01 | 30  0.00089 -4.30549e-01
 31  0.00111 -3.66290e-01 | 32  0.00140 -2.39670e-01 | 33  0.00179  2.44349e-02
 34  0.00224  6.27682e-01 | 35  0.00285  1.86477e+00 | 36  0.00359  4.28971e+00
 37  0.00437  9.08124e+00 | 38  0.00516  1.92647e+01 | 39  0.00415  3.77848e+01
 40 -0.00340  6.18243e+01 | 41 -0.00989  1.09586e+02 | 42 -0.00690  1.98687e+02
 43  0.01508  2.70199e+02 | 44 -0.00054 -1.20360e+02 | 45  0.00355 -8.59073e+01
 46  0.00011 -3.89403e+02 | 47  0.02537  1.35547e+02 | 48 -0.04766  3.37454e+02
 49 -0.00644 -1.02824e+02 | 50 -0.04346  3.01050e+02 | 51  0.02209  7.94590e+00
 52 -0.01004 -8.77487e+01 | 53 -0.00704 -1.24105e+02 | 54  0.03053 -1.72100e+02
 55 -0.05633  1.18124e+02 | 56 -0.00151 -4.01878e+02 | 57  0.01710 -2.26771e+02
 58  0.01344 -4.84578e-01 | 59  0.00053  7.07026e+01 | 60 -0.01724  8.24088e+01
 61 -0.02310  9.17032e+01 | 62 -0.02993  2.35005e+02 | 63  0.02084 -1.95991e+02
 64  0.01060 -1.15902e+01 | 65  0.04340 -6.93372e+01 | 66  0.00833  5.06926e+01
 67 -0.02059 -6.73722e+01 | 68  0.01229 -2.51527e+02 | 69  0.02443 -2.51160e+02
 70  0.00362 -6.92981e+01 | 71 -0.00648  4.81794e+01 | 72 -0.01276  6.45424e+01
 73 -0.03903  7.91009e+01 | 74 -0.03870  7.69767e+01 | 75  0.00435  3.54569e+01
 76  0.02203  6.63763e+01 | 77  0.02039  6.10903e+01 | 78  0.00506  1.45916e+01
 79 -0.01862 -4.21179e+00 | 80 -0.01105 -2.76117e+01 | 81  0.00934  2.92553e+01
 82  0.00437 -1.09067e+01 | 83  0.00908 -2.50048e+01 | 84 -0.05957  7.95932e+01
 85 -0.03968  3.53674e+01 | 86 -0.00793 -1.12385e+01 | 87 -0.01418  2.48365e+01
 88  0.03245  6.64159e+01 | 89  0.01238  4.26487e+01 | 90 -0.03320  2.45402e+01
 91  0.01890 -2.49663e+01 | 92 -0.00912 -4.27348e+00 | 93 -0.01014  1.17965e+01
 94 -0.04520  1.40585e+01 | 95 -0.01182 -1.06493e+00 | 96  0.00193  2.17409e+00
 97  0.01756  3.23743e+01 | 98 -0.00167  4.23233e+01 | 99 -0.04769  2.05543e+01
100 -0.00558  1.17695e+01 |101 -0.03772  2.52804e+01 |102  0.00796  3.81770e+01
103 -0.02050  2.54188e+01 |104  0.02245  1.49274e+01 |105 -0.01082  1.95715e+01
106 -0.02461  3.37875e+01 |107 -0.01519  3.91556e+01 |108  0.01766  5.52842e+01
109 -0.05394  2.86422e+01 |110 -0.05866  3.85697e+01 |111  0.03842  8.91419e+01
112  0.00896  7.13761e+01 |113 -0.01272  4.84041e+01 |114 -0.03102  2.75435e+01
115 -0.01253  3.44471e+01 |116 -0.06978  1.80409e+01 |117 -0.02262  4.19634e+01
118 -0.01857  3.35153e+00 |119  0.00279  3.96138e+01 |120  0.04068  1.86537e+01
121  0.05656  3.46479e+01 |122  0.00212  1.81175e+01 |123  0.02615  2.50651e+01
124 -0.02754  2.58074e+01 |125 -0.00856  5.98123e+01 |126 -0.04317  2.86895e+01
127  0.00705  1.73863e+01 |128 -0.02141  1.89839e+01 |129  0.02521  3.27531e+01
130 -0.02785  8.48310e+00 |131  0.01333  1.24152e+01 |132  0.03459  2.74937e+01
133 -0.04702  1.06836e+01 |134 -0.01179  3.21458e+01 |135  0.02649  6.52830e+00
136  0.02493 -2.45251e+01 |137 -0.01399 -1.23773e+01 |138 -0.01331 -1.17597e+01
139 -0.51052  3.88447e+00 |140 -0.78765 -3.49057e+00 |141 -0.76831 -4.32404e+00
142 -0.78593 -5.38537e+00 |143  0.81383  8.64665e-01 |144  0.01260  1.88586e+00
145 -0.75618 -4.50856e+00 |146 -0.35685  2.80642e+03 |147  0.20738  8.67619e-01
148  0.06075 -1.10155e+03 |149  0.13814  7.24460e+01 |150  0.26949 -7.39165e+02
151  0.00603  2.10345e-02 |152  0.03823  8.39472e-01 |153 -0.59999  1.03871e+02
154 -0.36452  5.85811e-01 |155  0.00196  1.28936e+04 |156 -0.00191 -5.71978e+03
157 -0.01974  4.10446e+03 |158 -0.00003 -3.00941e+02 |159  0.75168 -2.02791e+00
160 -0.45337  2.13375e+02 |161 -0.00000  3.11920e-08 |162  0.40801  1.91360e+01
163 -0.11192  5.90461e+02 |164  0.00573 -1.44317e-02 |165 -0.47589  1.11121e+02
166 -0.55784 -1.34459e+02 |167  0.08022 -9.16110e+00 |168  0.00349  4.06203e+03
169  0.04878 -2.38602e+02 |170 -0.01040 -5.88833e+00 |171 -0.00704 -8.60413e+02
172  0.00000 -5.85842e-03 |173  0.72959 -2.86758e+00 |174 -0.43988  5.72109e+02
175  0.14640  2.52173e+03 |176 -0.00000 -6.09404e-40 |177 -0.01421  8.12949e+02
178  0.13614  5.23432e+00 |179 -0.00001 -2.46680e-04 |180  0.00683  4.23980e-01
181 -0.59883  1.28049e-01 |182 -0.46881 -1.55741e+01 |183 -0.00546  1.08709e+03
184 -0.00000 -5.57846e-10 |185  0.00838  1.29117e+03 |186  0.00218 -6.41861e-01
187  0.82846 -1.19886e+01 |188  0.00000  0.00000e+00 |189 -0.29006  1.51135e+01
190  0.00000  2.62711e-09 |191 -0.69412 -5.82578e+00 |192  0.00000  0.00000e+00
193  0.07056 -1.36613e+02 |194  0.00000  0.00000e+00 |195  0.00195  5.72475e+02
196 -0.38861  4.21180e+01 |197 -0.52111 -1.60694e+02 |198 -0.69639 -9.31451e+01
199 -0.50615  2.72664e+02 |200  0.13796  5.40931e+00 |201  0.14502  4.13762e+00
202  0.00204  1.67601e+03 |203  0.00074 -7.85898e+03 |204  0.00000  0.00000e+00
205 -0.55345  6.59074e+00 |206  0.00000  2.62711e-09 |207 -0.57750  4.42675e+01
208  0.00000  0.00000e+00 |209  0.09294 -1.23902e+01 |210  0.00000  0.00000e+00
211 -0.00007  9.41598e+01 |
211 variables; iteration 80; function evaluation 87; phase 4
Function value 6.0349265e+03; maximum gradient component mag 1.2629e+04
Var    Value     Gradient |Var    Value     Gradient |Var    Value     Gradient
  1 -0.09060  3.24714e+02 |  2 -0.00000 -1.48316e-02 |  3 -0.00000 -1.84849e-02
  4 -0.00000 -2.31033e-02 |  5 -0.00000 -2.90097e-02 |  6 -0.00000 -3.67224e-02
  7 -0.00001 -4.71846e-02 |  8 -0.00001 -6.23715e-02 |  9 -0.00002 -8.66424e-02
 10 -0.00004 -1.24441e-01 | 11 -0.00003 -1.31458e-01 | 12  0.00000 -8.74674e-02
 13  0.00003 -6.63434e-02 | 14  0.00120  2.15692e+00 | 15  0.00084  1.58401e+00
 16  0.00060  1.14303e+00 | 17  0.00045  8.25009e-01 | 18  0.00036  5.88338e-01
 19  0.00031  4.11766e-01 | 20  0.00028  2.66164e-01 | 21  0.00027  1.40642e-01
 22  0.00028  2.93641e-02 | 23  0.00029 -7.66693e-02 | 24  0.00031 -1.22153e-01
 25  0.00034 -2.52300e-01 | 26  0.00038 -3.99949e-01 | 27  0.00043 -4.89630e-01
 28  0.00049 -5.46647e-01 | 29  0.00059 -6.35780e-01 | 30  0.00070 -7.10154e-01
 31  0.00083 -7.41928e-01 | 32  0.00102 -7.51995e-01 | 33  0.00126 -6.77218e-01
 34  0.00156 -2.72924e-01 | 35  0.00196  6.98534e-01 | 36  0.00241  2.77243e+00
 37  0.00278  7.05081e+00 | 38  0.00381  1.74486e+01 | 39  0.00463  3.88338e+01
 40 -0.00394  6.15750e+01 | 41 -0.00684  1.20913e+02 | 42 -0.00646  2.04073e+02
 43  0.01423  2.74786e+02 | 44 -0.00013 -9.38367e+01 | 45  0.00297 -1.31424e+02
 46 -0.00027 -4.07089e+02 | 47  0.02610  1.60133e+02 | 48 -0.04876  3.03713e+02
 49 -0.00643 -9.86704e+01 | 50 -0.04344  3.13147e+02 | 51  0.02197 -6.13340e+00
 52 -0.01031 -1.24658e+02 | 53 -0.00716 -1.50730e+02 | 54  0.03039 -1.98972e+02
 55 -0.05619  1.24164e+02 | 56 -0.00156 -4.01238e+02 | 57  0.01718 -2.20449e+02
 58  0.01334  1.31268e+00 | 59  0.00015  6.19043e+01 | 60 -0.01717  1.08141e+02
 61 -0.02383  6.63556e+01 | 62 -0.03029  2.39977e+02 | 63  0.02033 -2.16042e+02
 64  0.00948 -8.46949e+01 | 65  0.04245 -1.22277e+02 | 66  0.00764  4.76712e+01
 67 -0.02056 -7.27477e+01 | 68  0.01253 -2.55237e+02 | 69  0.02310 -3.19817e+02
 70  0.00242 -8.63685e+01 | 71 -0.00633  3.95408e+01 | 72 -0.01561  4.27093e+01
 73 -0.03912  7.10686e+01 | 74 -0.04000  6.85266e+01 | 75  0.00313  2.75040e+01
 76  0.02072  4.74755e+01 | 77  0.01793  3.86021e+01 | 78  0.00468  3.46467e+01
 79 -0.01763  3.17772e+01 | 80 -0.01172  3.20115e+01 | 81  0.00817  4.42957e+01
 82  0.00349 -9.95688e-01 | 83  0.00787 -4.39388e+01 | 84 -0.06199  4.67755e+01
 85 -0.04079  4.08593e+01 | 86 -0.00881 -1.97640e+00 | 87 -0.01560  1.86377e+01
 88  0.03252  1.10717e+02 | 89  0.01163  4.86160e+01 | 90 -0.03493  1.73980e+01
 91  0.01880  1.27369e+01 | 92 -0.00973  9.88541e+00 | 93 -0.01169  2.48391e+00
 94 -0.04648  1.18713e+01 | 95 -0.01288  2.48648e+00 | 96 -0.00117 -4.15704e+01
 97  0.01675  4.28970e+01 | 98 -0.00271  4.81430e+01 | 99 -0.04906  1.99474e+01
100 -0.00658  2.66715e+01 |101 -0.03818  3.69301e+01 |102  0.00620  2.33378e+01
103 -0.02147  2.13505e+01 |104  0.02082 -1.00219e+01 |105 -0.01280 -8.35847e+00
106 -0.02653  8.04405e+00 |107 -0.01689  2.03050e+01 |108  0.01598  1.42852e+01
109 -0.05687 -2.61435e+00 |110 -0.05959  3.79658e+01 |111  0.03751  1.26690e+02
112  0.00766  6.74420e+01 |113 -0.01403  4.62730e+01 |114 -0.03190  3.17375e+01
115 -0.01377  3.60524e+01 |116 -0.07066  1.62033e+01 |117 -0.02471  1.46687e+01
118 -0.01903  1.58034e+01 |119  0.00128  3.15733e+01 |120  0.03884 -9.11636e+00
121  0.05471  1.55364e+00 |122  0.00097  1.02379e+01 |123  0.02498  2.09577e+01
124 -0.02881  2.04450e+01 |125 -0.01031  4.69949e+01 |126 -0.04414  3.26771e+01
127  0.00602  3.86814e+01 |128 -0.02258  2.47792e+01 |129  0.02360  2.95846e+01
130 -0.02856  1.98197e+01 |131  0.01269  3.93411e+01 |132  0.03284  1.64343e+01
133 -0.04838  5.67602e+00 |134 -0.01355  2.36957e+01 |135  0.02455 -5.90164e+00
136  0.02498 -1.51339e+01 |137 -0.01769 -1.60950e+01 |138 -0.01685 -1.53092e+01
139 -0.62985 -1.04187e+01 |140 -0.74979 -1.67466e+00 |141 -0.81883 -6.84009e+00
142 -0.71944 -3.70098e+00 |143  0.79567  9.12323e-01 |144 -0.03625  1.63403e+00
145 -0.64820 -2.81645e+00 |146 -0.35691  2.36148e+03 |147  0.20764  6.41193e-01
148  0.06084 -9.39448e+02 |149  0.13850 -1.89500e+02 |150  0.26934 -8.81093e+02
151  0.00537  2.15008e-02 |152  0.04029  4.31992e-01 |153 -0.60067  7.19876e+01
154 -0.43780  5.60353e-01 |155  0.00207  1.26288e+04 |156 -0.00208 -6.77800e+03
157 -0.02006  2.65271e+03 |158  0.00071 -3.50765e+02 |159  0.75254 -3.38117e+01
160 -0.45461  1.82083e+02 |161 -0.00000  4.32766e-08 |162  0.40440  7.50035e+00
163 -0.11194  4.66958e+02 |164  0.00611 -1.52391e-02 |165 -0.47224  1.29419e+02
166 -0.55664 -1.21350e+02 |167  0.08546 -6.46294e+00 |168  0.00346  3.94279e+03
169  0.04950 -8.44656e+02 |170 -0.09900  1.30228e+00 |171 -0.00714 -2.16503e+03
172  0.00014 -6.17031e-03 |173  0.70327 -2.35635e+01 |174 -0.44031  4.72542e+02
175  0.14605  2.25455e+03 |176 -0.00000  1.00236e-39 |177 -0.01255  7.53678e+02
178  0.13635  2.34283e+00 |179  0.00000 -4.69464e-04 |180 -0.01677  1.00321e+00
181 -0.59898  1.16191e-01 |182 -0.33204 -2.69408e+00 |183 -0.00556  5.70972e+02
184 -0.00000 -5.51886e-10 |185  0.00808  1.31052e+03 |186  0.00513 -6.99392e-01
187  0.84243 -2.04449e+00 |188  0.00000  0.00000e+00 |189 -0.29890  1.10089e+01
190  0.00000  2.34733e-09 |191 -0.69437 -4.66535e+00 |192  0.00000  0.00000e+00
193  0.07092 -1.15080e+02 |194  0.00000  0.00000e+00 |195  0.00210  5.49579e+02
196 -0.38640  4.38711e+01 |197 -0.52452 -1.62811e+02 |198 -0.69586 -8.70510e+01
199 -0.50694  2.49749e+02 |200  0.04241 -1.24785e+01 |201  0.08501 -8.07490e+00
202  0.00206  1.62679e+03 |203  0.00082 -7.90866e+03 |204  0.00000  0.00000e+00
205 -0.54769  7.94740e+00 |206  0.00000  2.34733e-09 |207 -0.57884  3.41487e+01
208  0.00000  0.00000e+00 |209  0.10650 -3.39689e+00 |210  0.00000  0.00000e+00
211 -0.00009  1.41837e+02 |
Maximum number of function evaluations exceeded

 - final statistics:
211 variables; iteration 94; function evaluation 100
Function value 6.0331e+03; maximum gradient component mag 1.2500e+04
Exit code = 3;  converg criter 1.0000e+00
Var    Value     Gradient |Var    Value     Gradient |Var    Value     Gradient
  1 -0.08935  4.99918e+02 |  2 -0.00001 -2.06640e-02 |  3 -0.00001 -2.57157e-02
  4 -0.00001 -3.20781e-02 |  5 -0.00001 -4.01714e-02 |  6 -0.00002 -5.06516e-02
  7 -0.00002 -6.46749e-02 |  8 -0.00003 -8.45672e-02 |  9 -0.00005 -1.15151e-01
 10 -0.00007 -1.59659e-01 | 11 -0.00006 -1.61783e-01 | 12 -0.00001 -1.02573e-01
 13  0.00003 -6.76992e-02 | 14  0.00099  1.87235e+00 | 15  0.00072  1.39891e+00
 16  0.00054  1.02979e+00 | 17  0.00042  7.57372e-01 | 18  0.00035  5.46270e-01
 19  0.00032  3.93000e-01 | 20  0.00031  2.74468e-01 | 21  0.00034  1.84535e-01
 22  0.00038  1.11798e-01 | 23  0.00043  4.59346e-02 | 24  0.00048  3.22946e-02
 25  0.00056 -4.28750e-02 | 26  0.00066 -1.27469e-01 | 27  0.00076 -1.66988e-01
 28  0.00087 -1.75613e-01 | 29  0.00102 -2.11855e-01 | 30  0.00118 -2.37212e-01
 31  0.00136 -2.33744e-01 | 32  0.00157 -2.17485e-01 | 33  0.00183 -1.33930e-01
 34  0.00208  1.90675e-01 | 35  0.00239  1.01276e+00 | 36  0.00268  2.87090e+00
 37  0.00227  6.23557e+00 | 38  0.00120  1.38290e+01 | 39  0.00418  3.78332e+01
 40 -0.00650  5.58521e+01 | 41 -0.00828  1.15445e+02 | 42 -0.00724  1.96742e+02
 43  0.01257  2.52684e+02 | 44 -0.00122 -9.27688e+01 | 45  0.00159 -1.52435e+02
 46 -0.00130 -3.98805e+02 | 47  0.02550  1.60047e+02 | 48 -0.04965  3.08597e+02
 49 -0.00718 -9.58563e+01 | 50 -0.04431  3.06750e+02 | 51  0.02137  2.41647e+01
 52 -0.01086 -1.02793e+02 | 53 -0.00769 -1.22042e+02 | 54  0.02993 -1.57328e+02
 55 -0.05742  9.69799e+01 | 56 -0.00215 -4.07966e+02 | 57  0.01651 -2.15413e+02
 58  0.01280  1.95276e+01 | 59 -0.00062  5.28712e+01 | 60 -0.01789  9.32554e+01
 61 -0.02462  4.95205e+01 | 62 -0.03098  2.29742e+02 | 63  0.01976 -2.02177e+02
 64  0.00896 -7.07010e+01 | 65  0.04204 -9.25164e+01 | 66  0.00719  6.04061e+01
 67 -0.02196 -6.72764e+01 | 68  0.01125 -2.41221e+02 | 69  0.02303 -2.62867e+02
 70  0.00219 -8.25856e+01 | 71 -0.00805  2.86393e+01 | 72 -0.01518  4.70753e+01
 73 -0.03766  8.22536e+01 | 74 -0.04194  6.24096e+01 | 75  0.00332  2.86174e+01
 76  0.01986  3.45492e+01 | 77  0.01806  3.61037e+01 | 78  0.00325  2.59663e+01
 79 -0.01728  3.03711e+01 | 80 -0.01204  4.87434e+01 | 81  0.00760  5.32709e+01
 82  0.00340  8.83128e+00 | 83  0.00746 -3.45075e+01 | 84 -0.06160  8.31675e+01
 85 -0.04104  5.29752e+01 | 86 -0.00932  5.14364e+00 | 87 -0.01398  6.84277e+01
 88  0.03149  1.03518e+02 | 89  0.01103  5.44115e+01 | 90 -0.03498  2.86540e+01
 91  0.01856  3.48295e+01 | 92 -0.00994  2.83996e+01 | 93 -0.01179  2.38005e+01
 94 -0.04691  2.19954e+01 | 95 -0.01285  2.44120e+01 | 96 -0.00284 -6.28669e+01
 97  0.01533  2.22256e+01 | 98 -0.00348  4.75034e+01 | 99 -0.04911  3.04646e+01
100 -0.00706  3.39614e+01 |101 -0.04002  1.83245e+01 |102  0.00579  3.71509e+01
103 -0.02221  2.30330e+01 |104  0.02014 -3.87976e+00 |105 -0.01356 -6.73212e+00
106 -0.02722  1.03771e+01 |107 -0.01709  3.37602e+01 |108  0.01458 -7.11559e+00
109 -0.05775 -4.47531e+00 |110 -0.05939  5.09837e+01 |111  0.03642  1.13040e+02
112  0.00707  6.70034e+01 |113 -0.01523  3.70618e+01 |114 -0.03259  2.65128e+01
115 -0.01450  3.36619e+01 |116 -0.07159  9.94517e+00 |117 -0.02577 -1.47095e+00
118 -0.02015 -2.28776e+00 |119 -0.00033  4.31592e+00 |120  0.03800 -1.79902e+01
121  0.05350 -1.58140e+01 |122  0.00040  1.00581e+01 |123  0.02476  3.57605e+01
124 -0.03010  9.65696e+00 |125 -0.01190  2.27038e+01 |126 -0.04409  3.87616e+01
127  0.00503  3.86107e+01 |128 -0.02346  2.68165e+01 |129  0.02333  6.11303e+01
130 -0.02897  2.75863e+01 |131  0.01132  2.38999e+01 |132  0.03175  1.14077e+00
133 -0.05014 -3.34347e+00 |134 -0.01401  3.25833e+01 |135  0.02254 -2.82795e+01
136  0.02249 -2.32248e+01 |137 -0.01530 -1.32272e+01 |138 -0.01456 -1.25680e+01
139 -0.64189 -1.22389e+01 |140 -0.73191 -8.68553e-01 |141 -0.87281 -1.16010e+01
142 -0.66076 -2.56863e+00 |143  0.77103  1.00602e+00 |144 -0.09801  1.12440e+00
145 -0.52538 -1.22722e+00 |146 -0.35714  2.61951e+03 |147  0.20801  7.28978e-01
148  0.06069 -1.15928e+03 |149  0.13844  4.15598e+00 |150  0.26935 -7.85479e+02
151  0.00457  2.63746e-02 |152  0.04012  8.85841e-02 |153 -0.60169 -6.94962e+01
154 -0.51386  1.68477e+00 |155  0.00215  1.24999e+04 |156 -0.00204 -6.75598e+03
157 -0.01995  2.60504e+03 |158  0.00091 -3.40013e+02 |159  0.78892 -3.13452e+01
160 -0.45385  2.24435e+02 |161 -0.00000  1.16657e-07 |162  0.40672 -1.60023e+00
163 -0.11206  5.93703e+02 |164  0.00662 -1.52879e-02 |165 -0.47200  1.20420e+02
166 -0.55624 -1.03514e+02 |167  0.08758 -7.13134e+00 |168  0.00345  3.79186e+03
169  0.04899 -9.80214e+02 |170 -0.08079  3.53243e-01 |171 -0.00705 -2.38350e+03
172  0.00031 -6.45859e-03 |173  0.70955 -2.81513e+01 |174 -0.44253  4.24617e+02
175  0.14602  2.25074e+03 |176 -0.00000 -9.90173e-40 |177 -0.01172  7.74076e+02
178  0.14106  1.93087e+01 |179  0.00001  7.57115e-04 |180 -0.04307 -2.04162e+00
181 -0.59932  1.34452e-01 |182 -0.20904  9.03295e+00 |183 -0.00454  3.48626e+02
184 -0.00000 -5.44004e-10 |185  0.00761  1.36233e+03 |186  0.00198  5.90450e+00
187  0.85922  9.82008e-01 |188  0.00000  0.00000e+00 |189 -0.29416  1.25839e+01
190  0.00000  1.99153e-09 |191 -0.69407 -4.04908e+00 |192  0.00000  0.00000e+00
193  0.07086 -1.08014e+02 |194  0.00000  0.00000e+00 |195  0.00200  5.29251e+02
196 -0.38286  5.02044e+01 |197 -0.52427 -1.59024e+02 |198 -0.69583 -9.52141e+01
199 -0.50658  2.56837e+02 |200  0.07312 -3.75757e-01 |201  0.10689  9.14094e-01
202  0.00197  1.59994e+03 |203  0.00086 -7.67814e+03 |204  0.00000  0.00000e+00
205 -0.56012  8.08156e+00 |206  0.00000  1.99153e-09 |207 -0.58529  1.63232e+01
208  0.00000  0.00000e+00 |209  0.09723 -9.35963e+00 |210  0.00000  0.00000e+00
211 -0.00003  1.33389e+02 |

Initial statistics: 212 variables; iteration 0; function evaluation 0; phase 5
Function value 6.0331096e+03; maximum gradient component mag 1.2500e+04
Var    Value     Gradient |Var    Value     Gradient |Var    Value     Gradient
  1 -0.08935  4.99918e+02 |  2  0.45906  5.60434e+00 |  3 -0.00001 -2.06640e-02
  4 -0.00001 -2.57157e-02 |  5 -0.00001 -3.20781e-02 |  6 -0.00001 -4.01714e-02
  7 -0.00002 -5.06516e-02 |  8 -0.00002 -6.46749e-02 |  9 -0.00003 -8.45672e-02
 10 -0.00005 -1.15151e-01 | 11 -0.00007 -1.59659e-01 | 12 -0.00006 -1.61783e-01
 13 -0.00001 -1.02573e-01 | 14  0.00003 -6.76992e-02 | 15  0.00099  1.87235e+00
 16  0.00072  1.39891e+00 | 17  0.00054  1.02979e+00 | 18  0.00042  7.57372e-01
 19  0.00035  5.46270e-01 | 20  0.00032  3.93000e-01 | 21  0.00031  2.74468e-01
 22  0.00034  1.84535e-01 | 23  0.00038  1.11798e-01 | 24  0.00043  4.59346e-02
 25  0.00048  3.22946e-02 | 26  0.00056 -4.28750e-02 | 27  0.00066 -1.27469e-01
 28  0.00076 -1.66988e-01 | 29  0.00087 -1.75613e-01 | 30  0.00102 -2.11855e-01
 31  0.00118 -2.37212e-01 | 32  0.00136 -2.33744e-01 | 33  0.00157 -2.17485e-01
 34  0.00183 -1.33930e-01 | 35  0.00208  1.90675e-01 | 36  0.00239  1.01276e+00
 37  0.00268  2.87090e+00 | 38  0.00227  6.23557e+00 | 39  0.00120  1.38290e+01
 40  0.00418  3.78332e+01 | 41 -0.00650  5.58521e+01 | 42 -0.00828  1.15445e+02
 43 -0.00724  1.96742e+02 | 44  0.01257  2.52684e+02 | 45 -0.00122 -9.27688e+01
 46  0.00159 -1.52435e+02 | 47 -0.00130 -3.98805e+02 | 48  0.02550  1.60047e+02
 49 -0.04965  3.08597e+02 | 50 -0.00718 -9.58563e+01 | 51 -0.04431  3.06750e+02
 52  0.02137  2.41647e+01 | 53 -0.01086 -1.02793e+02 | 54 -0.00769 -1.22042e+02
 55  0.02993 -1.57328e+02 | 56 -0.05742  9.69799e+01 | 57 -0.00215 -4.07966e+02
 58  0.01651 -2.15413e+02 | 59  0.01280  1.95276e+01 | 60 -0.00062  5.28712e+01
 61 -0.01789  9.32554e+01 | 62 -0.02462  4.95205e+01 | 63 -0.03098  2.29742e+02
 64  0.01976 -2.02177e+02 | 65  0.00896 -7.07010e+01 | 66  0.04204 -9.25164e+01
 67  0.00719  6.04061e+01 | 68 -0.02196 -6.72764e+01 | 69  0.01125 -2.41221e+02
 70  0.02303 -2.62867e+02 | 71  0.00219 -8.25856e+01 | 72 -0.00805  2.86393e+01
 73 -0.01518  4.70753e+01 | 74 -0.03766  8.22536e+01 | 75 -0.04194  6.24096e+01
 76  0.00332  2.86174e+01 | 77  0.01986  3.45492e+01 | 78  0.01806  3.61037e+01
 79  0.00325  2.59663e+01 | 80 -0.01728  3.03711e+01 | 81 -0.01204  4.87434e+01
 82  0.00760  5.32709e+01 | 83  0.00340  8.83128e+00 | 84  0.00746 -3.45075e+01
 85 -0.06160  8.31675e+01 | 86 -0.04104  5.29752e+01 | 87 -0.00932  5.14364e+00
 88 -0.01398  6.84277e+01 | 89  0.03149  1.03518e+02 | 90  0.01103  5.44115e+01
 91 -0.03498  2.86540e+01 | 92  0.01856  3.48295e+01 | 93 -0.00994  2.83996e+01
 94 -0.01179  2.38005e+01 | 95 -0.04691  2.19954e+01 | 96 -0.01285  2.44120e+01
 97 -0.00284 -6.28669e+01 | 98  0.01533  2.22256e+01 | 99 -0.00348  4.75034e+01
100 -0.04911  3.04646e+01 |101 -0.00706  3.39614e+01 |102 -0.04002  1.83245e+01
103  0.00579  3.71509e+01 |104 -0.02221  2.30330e+01 |105  0.02014 -3.87976e+00
106 -0.01356 -6.73212e+00 |107 -0.02722  1.03771e+01 |108 -0.01709  3.37602e+01
109  0.01458 -7.11559e+00 |110 -0.05775 -4.47531e+00 |111 -0.05939  5.09837e+01
112  0.03642  1.13040e+02 |113  0.00707  6.70034e+01 |114 -0.01523  3.70618e+01
115 -0.03259  2.65128e+01 |116 -0.01450  3.36619e+01 |117 -0.07159  9.94517e+00
118 -0.02577 -1.47095e+00 |119 -0.02015 -2.28776e+00 |120 -0.00033  4.31592e+00
121  0.03800 -1.79902e+01 |122  0.05350 -1.58140e+01 |123  0.00040  1.00581e+01
124  0.02476  3.57605e+01 |125 -0.03010  9.65696e+00 |126 -0.01190  2.27038e+01
127 -0.04409  3.87616e+01 |128  0.00503  3.86107e+01 |129 -0.02346  2.68165e+01
130  0.02333  6.11303e+01 |131 -0.02897  2.75863e+01 |132  0.01132  2.38999e+01
133  0.03175  1.14077e+00 |134 -0.05014 -3.34347e+00 |135 -0.01401  3.25833e+01
136  0.02254 -2.82795e+01 |137  0.02249 -2.32248e+01 |138 -0.01530 -1.32272e+01
139 -0.01456 -1.25680e+01 |140 -0.64189 -1.22389e+01 |141 -0.73191 -8.68553e-01
142 -0.87281 -1.16010e+01 |143 -0.66076 -2.56863e+00 |144  0.77103  1.00602e+00
145 -0.09801  1.12440e+00 |146 -0.52538 -1.22722e+00 |147 -0.35714  2.61951e+03
148  0.20801  7.28978e-01 |149  0.06069 -1.15928e+03 |150  0.13844  4.15598e+00
151  0.26935 -7.85479e+02 |152  0.00457  2.63746e-02 |153  0.04012  8.85841e-02
154 -0.60169 -6.94962e+01 |155 -0.51386  1.68477e+00 |156  0.00215  1.24999e+04
157 -0.00204 -6.75598e+03 |158 -0.01995  2.60504e+03 |159  0.00091 -3.40013e+02
160  0.78892 -3.13452e+01 |161 -0.45385  2.24435e+02 |162 -0.00000  1.16657e-07
163  0.40672 -1.60023e+00 |164 -0.11206  5.93703e+02 |165  0.00662 -1.52879e-02
166 -0.47200  1.20420e+02 |167 -0.55624 -1.03514e+02 |168  0.08758 -7.13134e+00
169  0.00345  3.79186e+03 |170  0.04899 -9.80214e+02 |171 -0.08079  3.53243e-01
172 -0.00705 -2.38350e+03 |173  0.00031 -6.45859e-03 |174  0.70955 -2.81513e+01
175 -0.44253  4.24617e+02 |176  0.14602  2.25074e+03 |177  0.00000  1.55974e-39
178 -0.01172  7.74076e+02 |179  0.14106  1.93087e+01 |180  0.00001  7.57115e-04
181 -0.04307 -2.04162e+00 |182 -0.59932  1.34452e-01 |183 -0.20904  9.03295e+00
184 -0.00454  3.48626e+02 |185 -0.00000 -5.44004e-10 |186  0.00761  1.36233e+03
187  0.00198  5.90450e+00 |188  0.85922  9.82008e-01 |189  0.00000  0.00000e+00
190 -0.29416  1.25839e+01 |191  0.00000  1.99153e-09 |192 -0.69407 -4.04908e+00
193  0.00000  0.00000e+00 |194  0.07086 -1.08014e+02 |195  0.00000  0.00000e+00
196  0.00200  5.29251e+02 |197 -0.38286  5.02044e+01 |198 -0.52427 -1.59024e+02
199 -0.69583 -9.52141e+01 |200 -0.50658  2.56837e+02 |201  0.07312 -3.75757e-01
202  0.10689  9.14094e-01 |203  0.00197  1.59994e+03 |204  0.00086 -7.67814e+03
205  0.00000  0.00000e+00 |206 -0.56012  8.08156e+00 |207  0.00000  1.99153e-09
208 -0.58529  1.63232e+01 |209  0.00000  0.00000e+00 |210  0.09723 -9.35963e+00
211  0.00000  0.00000e+00 |212 -0.00003  1.33389e+02 |

Intermediate statistics: 212 variables; iteration 20; function evaluation 24; phase 5
Function value 6.0151879e+03; maximum gradient component mag 1.1938e+04
Var    Value     Gradient |Var    Value     Gradient |Var    Value     Gradient
  1 -0.09597  5.12737e+02 |  2  0.45821  5.13182e+00 |  3 -0.00000 -1.59103e-02
  4 -0.00000 -1.98097e-02 |  5 -0.00001 -2.47267e-02 |  6 -0.00001 -3.09924e-02
  7 -0.00001 -3.91279e-02 |  8 -0.00001 -5.00605e-02 |  9 -0.00002 -6.56751e-02
 10 -0.00003 -8.99285e-02 | 11 -0.00005 -1.25676e-01 | 12 -0.00004 -1.27396e-01
 13  0.00001 -7.88757e-02 | 14  0.00004 -4.99834e-02 | 15  0.00072  1.59228e+00
 16  0.00051  1.19449e+00 | 17  0.00039  8.84252e-01 | 18  0.00032  6.56622e-01
 19  0.00028  4.83009e-01 | 20  0.00027  3.58660e-01 | 21  0.00028  2.63555e-01
 22  0.00033  1.93697e-01 | 23  0.00038  1.39983e-01 | 24  0.00045  9.38549e-02
 25  0.00051  9.88142e-02 | 26  0.00061  5.05126e-02 | 27  0.00074 -1.23675e-03
 28  0.00086 -4.59815e-03 | 29  0.00099  2.95888e-02 | 30  0.00116  4.79862e-02
 31  0.00136  8.16288e-02 | 32  0.00158  1.53585e-01 | 33  0.00185  2.52817e-01
 34  0.00220  4.23410e-01 | 35  0.00252  8.21031e-01 | 36  0.00293  1.64965e+00
 37  0.00329  3.32385e+00 | 38  0.00295  6.14654e+00 | 39  0.00175  1.21708e+01
 40  0.00329  3.04079e+01 | 41 -0.00760  4.16374e+01 | 42 -0.01211  7.79371e+01
 43 -0.01272  1.21773e+02 | 44  0.01290  1.58967e+02 | 45 -0.00181 -5.06402e+01
 46  0.00224  5.14683e+00 | 47  0.00062 -1.48377e+02 | 48  0.02815  2.11552e+02
 49 -0.05305  9.09213e+01 | 50 -0.00390 -3.50476e+01 | 51 -0.04469  1.17985e+02
 52  0.02349  9.15868e+01 | 53 -0.00958 -4.37376e+01 | 54 -0.00648 -6.15381e+01
 55  0.03264  1.72432e+01 | 56 -0.05871  5.39371e+00 | 57  0.00074 -1.34347e+02
 58  0.01802 -4.41064e+01 | 59  0.01404  2.45344e+01 | 60  0.00099  2.51017e+01
 61 -0.01626  2.13081e+01 | 62 -0.02204 -3.32694e+01 | 63 -0.03027  3.16966e+01
 64  0.02299 -6.92627e+01 | 65  0.01213 -3.84356e+01 | 66  0.04523 -1.34012e+02
 67  0.01038 -5.12916e+01 | 68 -0.02045 -3.54847e+01 | 69  0.01546 -1.11586e+02
 70  0.02786 -1.39011e+02 | 71  0.00221  5.36326e+00 | 72 -0.00922  2.90436e+01
 73 -0.01287  1.58273e+01 | 74 -0.04028  3.10600e+01 | 75 -0.04200  1.71830e+01
 76  0.00207  3.24472e+01 | 77  0.01958  3.26698e+01 | 78  0.01742  2.63376e+01
 79  0.00226  2.52828e+01 | 80 -0.01743  4.12626e+01 | 81 -0.01294  8.12765e+01
 82  0.00589  8.61225e+01 | 83  0.00211  5.72409e+01 | 84  0.00738  4.48652e+01
 85 -0.06413  2.14676e+01 | 86 -0.04226  5.54777e+01 | 87 -0.00995  3.38255e+01
 88 -0.01751  4.04303e+01 | 89  0.02948  9.79128e+01 | 90  0.01063  6.20123e+01
 91 -0.03643  2.69609e+01 | 92  0.01644  5.46377e+01 | 93 -0.01098  3.41998e+01
 94 -0.01290  3.71067e+01 | 95 -0.04863  1.93679e+01 | 96 -0.01643  1.57965e+01
 97 -0.00235  1.95091e+01 | 98  0.01303 -7.12444e+00 | 99 -0.00505 -1.09483e+01
100 -0.05108  1.26173e+00 |101 -0.00903  3.00129e+00 |102 -0.04147  6.18092e+00
103  0.00349  5.02275e+00 |104 -0.02434 -1.23682e+00 |105  0.01878 -9.93679e+00
106 -0.01332 -3.42565e+00 |107 -0.02824  1.69404e+00 |108 -0.01998 -4.09717e+00
109  0.01397 -1.28793e+01 |110 -0.05657 -9.34708e+00 |111 -0.06364  1.14283e+01
112  0.03356  5.55524e+01 |113  0.00594  9.53215e+00 |114 -0.01582  5.93418e+00
115 -0.03416  6.83793e+00 |116 -0.01635  2.01765e+00 |117 -0.07299  4.76124e+00
118 -0.02802  4.04876e+00 |119 -0.02182  5.12906e+00 |120 -0.00263  2.74010e+00
121  0.03612 -2.08564e+00 |122  0.05257 -1.04390e+01 |123 -0.00056 -5.34291e+00
124  0.02325 -5.01263e+00 |125 -0.03025  1.31517e+00 |126 -0.01313  2.31976e+00
127 -0.04727  3.60461e+00 |128  0.00250  6.55137e+00 |129 -0.02598  1.10627e+01
130  0.02037  1.28745e+01 |131 -0.03142  4.23136e+00 |132  0.00822  1.49773e+00
133  0.03048 -1.27846e+00 |134 -0.04953 -2.92054e+00 |135 -0.01771  1.07301e+01
136  0.02151  2.37036e+00 |137  0.02384 -9.82541e+00 |138 -0.01338 -9.57236e+00
139 -0.01274 -9.15395e+00 |140 -0.63982 -1.39453e+01 |141 -0.73183 -6.86522e-01
142 -0.87098 -1.13997e+01 |143 -0.66040 -2.29850e+00 |144  0.77088  9.95304e-01
145 -0.09825  1.83376e+00 |146 -0.52514 -1.50827e+00 |147 -0.35431  2.66340e+03
148  0.20802  7.80764e-01 |149  0.06058 -1.66826e+03 |150  0.14171  9.90650e+02
151  0.26851  2.08006e+02 |152  0.00457  4.52781e-02 |153  0.04010 -3.91317e-01
154 -0.60007 -2.87768e+02 |155 -0.51403  5.97315e+00 |156  0.00087  1.19376e+04
157 -0.00333 -7.58287e+03 |158 -0.02018  3.33681e+03 |159  0.01243  1.16827e+02
160  0.78976 -1.61123e+01 |161 -0.45689  6.34756e+02 |162 -0.00000  5.31864e-07
163  0.40621 -3.12058e+00 |164 -0.11000  2.00156e+03 |165  0.00662 -1.13801e-02
166 -0.47014  1.01369e+02 |167 -0.55649 -9.41012e+01 |168  0.08890 -7.72708e+00
169  0.00331  3.06459e+03 |170  0.04974  1.21281e+02 |171 -0.08070 -1.21064e+00
172 -0.00710  1.24358e+03 |173  0.00032 -5.89672e-03 |174  0.70867 -6.97706e+00
175 -0.44491  5.84462e+01 |176  0.14401  3.33730e+02 |177 -0.00000  1.22015e-40
178 -0.00711  1.21069e+02 |179  0.14017  4.01122e+00 |180  0.00001 -7.64084e-04
181 -0.04293  1.87897e+00 |182 -0.59933  5.36441e-02 |183 -0.21005 -1.95369e-01
184 -0.00212 -1.74918e+02 |185 -0.00000 -5.43961e-10 |186  0.00480 -1.23162e+00
187  0.00310 -9.03849e+00 |188  0.85907 -3.83150e+00 |189  0.00000  0.00000e+00
190 -0.29423 -1.04046e+01 |191  0.00000  1.98998e-09 |192 -0.69445  1.29497e+01
193  0.00000  0.00000e+00 |194  0.07241 -5.08743e+01 |195  0.00000  0.00000e+00
196  0.00064 -6.68076e+02 |197 -0.38526  5.80638e+01 |198 -0.52262 -2.70746e+01
199 -0.69568 -1.05651e+02 |200 -0.50658  3.80623e+01 |201  0.07320 -4.80322e-01
202  0.10682  5.69906e-01 |203  0.00216  2.18322e+03 |204  0.00179 -1.22486e+03
205  0.00000  0.00000e+00 |206 -0.55981 -4.14087e+00 |207  0.00000  1.98998e-09
208 -0.58645  8.87366e+00 |209  0.00000  0.00000e+00 |210  0.09946 -1.75991e+01
211  0.00000  0.00000e+00 |212  0.00008 -1.66179e+02 |
212 variables; iteration 40; function evaluation 45; phase 5
Function value 6.0129881e+03; maximum gradient component mag 1.1237e+04
Var    Value     Gradient |Var    Value     Gradient |Var    Value     Gradient
  1 -0.08737  4.46244e+02 |  2  0.43936  1.07513e+01 |  3  0.00001  1.09156e-02
  4  0.00002  1.35599e-02 |  5  0.00002  1.68765e-02 |  6  0.00003  2.10692e-02
  7  0.00003  2.64462e-02 |  8  0.00004  3.35296e-02 |  9  0.00006  4.33256e-02
 10  0.00007  5.78493e-02 | 11  0.00010  7.85618e-02 | 12  0.00013  8.47025e-02
 13  0.00013  6.89816e-02 | 14  0.00014  6.36055e-02 | 15 -0.00137 -4.33607e-01
 16 -0.00103 -2.97361e-01 | 17 -0.00072 -1.86433e-01 | 18 -0.00047 -9.55019e-02
 19 -0.00026 -1.23055e-02 | 20 -0.00008  5.98236e-02 | 21  0.00009  1.27924e-01
 22  0.00028  2.03614e-01 | 23  0.00046  2.82749e-01 | 24  0.00065  3.68701e-01
 25  0.00078  4.57530e-01 | 26  0.00105  5.92670e-01 | 27  0.00137  7.63991e-01
 28  0.00164  9.54883e-01 | 29  0.00193  1.21034e+00 | 30  0.00234  1.55044e+00
 31  0.00282  1.97871e+00 | 32  0.00336  2.51998e+00 | 33  0.00406  3.26283e+00
 34  0.00497  4.32744e+00 | 35  0.00587  5.72858e+00 | 36  0.00699  7.94599e+00
 37  0.00802  1.12727e+01 | 38  0.00831  1.63080e+01 | 39  0.00662  2.41906e+01
 40  0.00164  3.63108e+01 | 41 -0.00809  5.17489e+01 | 42 -0.01508  8.54062e+01
 43 -0.01384  1.38191e+02 | 44  0.01163  1.78358e+02 | 45 -0.00368 -6.43813e+01
 46  0.00018 -6.74988e+00 | 47 -0.00181 -1.38317e+02 | 48  0.02540  2.57078e+02
 49 -0.05666  9.04447e+01 | 50 -0.00755 -8.62181e+01 | 51 -0.04879  5.45682e+01
 52  0.02018  3.14737e+01 | 53 -0.01195 -1.77572e+01 | 54 -0.00892 -3.61117e+01
 55  0.02935 -8.02571e+00 | 56 -0.06262 -1.75723e+01 | 57 -0.00243 -1.48301e+02
 58  0.01438 -2.72506e+01 | 59  0.01020  3.42282e+01 | 60 -0.00299  5.06948e+01
 61 -0.02099  2.60792e+01 | 62 -0.02651  2.21056e+01 | 63 -0.03470  7.69388e+01
 64  0.01792 -7.04216e+01 | 65  0.00656 -4.02432e+01 | 66  0.03979 -7.08773e+01
 67  0.00382 -6.76886e+01 | 68 -0.02639 -1.99377e+01 | 69  0.01017 -1.00049e+02
 70  0.02224 -1.52394e+02 | 71 -0.00363  4.86372e+00 | 72 -0.01607  1.76985e+01
 73 -0.01684  4.77840e+00 | 74 -0.04981  7.51099e+00 | 75 -0.04560  1.09944e+01
 76 -0.00417  2.45666e+01 | 77  0.01372  1.35292e+01 | 78  0.01127 -7.49704e+00
 79 -0.00391 -1.08432e+01 | 80 -0.02332  1.12247e+01 | 81 -0.01895  5.98616e+01
 82 -0.00022  5.77247e+01 | 83 -0.00365  4.88867e+01 | 84  0.00107  2.04290e+01
 85 -0.06909  4.59179e+01 | 86 -0.04882  4.49294e+01 | 87 -0.01609  2.69673e+01
 88 -0.02344  2.78723e+01 | 89  0.02311  5.59815e+01 | 90  0.00486  3.84072e+01
 91 -0.04224  1.68262e+01 | 92  0.01075  5.20311e+01 | 93 -0.01702  1.88839e+01
 94 -0.01875  2.70718e+01 | 95 -0.05442  1.38104e+01 | 96 -0.02268 -3.58800e+00
 97 -0.00925 -1.94201e+01 | 98  0.00882  1.94626e+00 | 99 -0.00863  1.11997e+01
100 -0.05554  3.75290e+00 |101 -0.01389 -7.53738e+00 |102 -0.04618 -1.65683e+00
103 -0.00144 -6.38573e+00 |104 -0.02916 -9.46573e+00 |105  0.01420 -1.51608e+01
106 -0.01799 -1.48161e+01 |107 -0.03291 -9.00782e+00 |108 -0.02479 -1.26549e+01
109  0.00936 -1.49347e+01 |110 -0.06065 -1.13686e+01 |111 -0.06907  1.22552e+00
112  0.02833  4.84228e+01 |113  0.00187  1.81619e+01 |114 -0.01958  1.92773e+01
115 -0.03855  9.20130e+00 |116 -0.02118 -1.01615e+01 |117 -0.07781 -2.90278e+00
118 -0.03320 -1.13377e+01 |119 -0.02698 -7.80168e+00 |120 -0.00798 -1.36889e+01
121  0.03071 -2.04648e+01 |122  0.04801 -1.39768e+01 |123 -0.00499 -8.70180e+00
124  0.01881 -9.88957e+00 |125 -0.03460 -3.92261e+00 |126 -0.01785 -9.23357e+00
127 -0.05207 -5.82754e+00 |128 -0.00248 -8.51739e+00 |129 -0.03070  2.50673e+00
130  0.01545 -2.09521e+00 |131 -0.03624 -5.39602e+00 |132  0.00291 -1.41189e+01
133  0.02604  3.37646e+00 |134 -0.05377 -2.79656e+00 |135 -0.02265  1.13532e+01
136  0.01658  4.58446e+00 |137  0.01913 -1.12826e+01 |138 -0.00172  4.54236e+00
139 -0.00162  4.28138e+00 |140 -0.61094 -4.56647e+00 |141 -0.73070 -5.77736e-01
142 -0.84336 -8.56493e+00 |143 -0.65471 -2.15393e+00 |144  0.76832  1.00693e+00
145 -0.10318  2.01818e+00 |146 -0.52103 -1.39715e+00 |147 -0.35375  2.22289e+03
148  0.20823  6.90500e-01 |149  0.06073 -1.23222e+03 |150  0.14152  7.28787e+02
151  0.26856  2.45944e+02 |152  0.00450  4.55429e-02 |153  0.03983 -3.70164e-01
154 -0.60033 -3.14437e+02 |155 -0.51838  5.98495e+00 |156  0.00076  1.12365e+04
157 -0.00340 -6.76547e+03 |158 -0.02012  3.54180e+03 |159  0.01288  1.46566e+02
160  0.78896 -1.83599e+00 |161 -0.46058  6.98445e+02 |162 -0.00000  6.03435e-07
163  0.40545  3.29546e+00 |164 -0.10996  2.23612e+03 |165  0.00666 -1.41556e-02
166 -0.47025  9.94656e+01 |167 -0.55635 -8.65917e+01 |168  0.10180  3.47961e+00
169  0.00331  3.07285e+03 |170  0.05030  2.82964e+02 |171 -0.07654 -4.08434e+00
172 -0.00722  1.62274e+03 |173  0.00033 -6.32158e-03 |174  0.69089 -4.11024e+00
175 -0.45986  4.67590e+01 |176  0.14601  1.55960e+02 |177 -0.00000 -3.10252e-39
178 -0.00508  5.12167e+01 |179  0.12825 -3.52183e+00 |180  0.00002 -2.60237e-03
181 -0.04547  6.56873e+00 |182 -0.59937  2.45670e-02 |183 -0.21501 -1.17222e+01
184 -0.00010  4.22361e+00 |185 -0.00000 -5.43256e-10 |186  0.00360 -2.35521e+02
187  0.01828 -6.31175e+00 |188  0.86190 -8.80456e+00 |189  0.00000  0.00000e+00
190 -0.29799 -1.14889e+01 |191  0.00000  1.96449e-09 |192 -0.69477  1.07733e+01
193  0.00000  0.00000e+00 |194  0.07265 -2.50101e+01 |195  0.00000  0.00000e+00
196  0.00073 -6.54178e+02 |197 -0.39729  4.16844e+01 |198 -0.51394 -1.17903e+01
199 -0.69686 -1.06978e+02 |200 -0.50554  3.57046e+01 |201  0.07476 -2.02761e-01
202  0.10650 -2.70618e-02 |203  0.00234  2.22419e+03 |204  0.00168 -1.21751e+03
205  0.00000  0.00000e+00 |206 -0.55682 -7.14941e+00 |207  0.00000  1.96449e-09
208 -0.58587  1.24806e+01 |209  0.00000  0.00000e+00 |210  0.12921 -3.86219e+00
211  0.00000  0.00000e+00 |212 -0.00006 -3.31979e+02 |
212 variables; iteration 60; function evaluation 65; phase 5
Function value 6.0111609e+03; maximum gradient component mag 1.1053e+04
Var    Value     Gradient |Var    Value     Gradient |Var    Value     Gradient
  1 -0.08835  2.54211e+02 |  2  0.32771  1.82714e+00 |  3  0.00002  7.85984e-03
  4  0.00002  9.71946e-03 |  5  0.00003  1.20237e-02 |  6  0.00003  1.48832e-02
  7  0.00004  1.84393e-02 |  8  0.00005  2.28715e-02 |  9  0.00006  2.83694e-02
 10  0.00008  3.47972e-02 | 11  0.00010  3.93470e-02 | 12  0.00012  3.30876e-02
 13  0.00012  2.49409e-02 | 14  0.00013  1.85636e-02 | 15 -0.00155  3.87758e-01
 16 -0.00121  2.88366e-01 | 17 -0.00089  2.14747e-01 | 18 -0.00063  1.71560e-01
 19 -0.00042  1.56742e-01 | 20 -0.00024  1.50217e-01 | 21 -0.00007  1.46426e-01
 22  0.00010  1.47603e-01 | 23  0.00026  1.53869e-01 | 24  0.00042  1.66363e-01
 25  0.00051  1.97217e-01 | 26  0.00073  2.32217e-01 | 27  0.00098  2.85564e-01
 28  0.00117  3.71051e-01 | 29  0.00135  5.12596e-01 | 30  0.00162  7.02129e-01
 31  0.00196  9.65584e-01 | 32  0.00234  1.33036e+00 | 33  0.00286  1.86152e+00
 34  0.00359  2.66533e+00 | 35  0.00434  3.85065e+00 | 36  0.00536  5.82690e+00
 37  0.00649  8.93889e+00 | 38  0.00750  1.40774e+01 | 39  0.00792  2.34983e+01
 40  0.00444  3.68019e+01 | 41 -0.00514  5.20890e+01 | 42 -0.01459  7.93370e+01
 43 -0.01237  1.36155e+02 | 44  0.01336  1.91339e+02 | 45 -0.00215 -5.67392e+01
 46  0.00165 -1.07263e+01 | 47  0.00012 -1.15425e+02 | 48  0.02542  2.49111e+02
 49 -0.05434  1.25937e+02 | 50 -0.00684 -8.96736e+01 | 51 -0.04781  6.06937e+01
 52  0.02107  3.65757e+01 | 53 -0.01084 -8.93219e+00 | 54 -0.00822 -6.68045e+01
 55  0.03038 -1.10539e-01 | 56 -0.06244 -3.62973e+01 | 57 -0.00165 -1.43474e+02
 58  0.01540  5.61698e+00 | 59  0.01064  4.61251e+00 | 60 -0.00262  1.44660e+01
 61 -0.02029  2.80231e+01 | 62 -0.02591  2.71028e+01 | 63 -0.03421  6.38036e+01
 64  0.01844 -1.02095e+02 | 65  0.00736 -4.97393e+01 | 66  0.04031 -1.15820e+02
 67  0.00439 -9.08876e+01 | 68 -0.02465 -2.75923e+01 | 69  0.01130 -1.38952e+02
 70  0.02347 -2.16403e+02 | 71 -0.00272 -3.78855e+00 | 72 -0.01776  8.20744e+00
 73 -0.01405  1.74747e+01 | 74 -0.05084  1.15060e+01 | 75 -0.04501  1.67666e+01
 76 -0.00384  3.42745e+01 | 77  0.01390  3.53508e+01 | 78  0.01238  2.16853e+01
 79 -0.00344  3.71800e+00 | 80 -0.02327  1.64183e+01 | 81 -0.01850  5.93500e+01
 82  0.00010  5.13818e+01 | 83 -0.00366  2.10113e+01 | 84  0.00137  1.71059e+01
 85 -0.06877  4.94108e+01 | 86 -0.04864  4.14819e+01 | 87 -0.01526  5.02868e+01
 88 -0.02293  3.20693e+01 | 89  0.02324  4.59199e+01 | 90  0.00558  4.68500e+01
 91 -0.04165  2.07446e+01 | 92  0.01071  3.86274e+01 | 93 -0.01589  3.14014e+01
 94 -0.01845  2.69074e+01 | 95 -0.05420  1.28166e+01 | 96 -0.02199  1.23244e+01
 97 -0.00827  6.75984e+00 | 98  0.00923  2.13581e+01 | 99 -0.00764  3.89894e+01
100 -0.05487  1.57175e+01 |101 -0.01340  8.86242e-01 |102 -0.04599 -1.04088e+00
103 -0.00097  7.86183e-01 |104 -0.02863 -1.94893e+00 |105  0.01475 -3.81020e+00
106 -0.01768 -1.12554e+01 |107 -0.03230 -3.88838e+00 |108 -0.02457 -1.54227e+01
109  0.00989 -1.58407e+01 |110 -0.06087 -1.50172e+01 |111 -0.06762  1.84585e+01
112  0.02893  6.53477e+01 |113  0.00210  1.82943e+01 |114 -0.01904  2.51882e+01
115 -0.03776  1.84968e+01 |116 -0.02082 -1.29097e+01 |117 -0.07747 -2.90153e+00
118 -0.03255 -5.55783e+00 |119 -0.02656 -7.41513e+00 |120 -0.00752 -1.38927e+01
121  0.03089 -3.19031e+01 |122  0.04846 -2.33488e+01 |123 -0.00507 -1.61811e+01
124  0.01942 -1.10672e+01 |125 -0.03429 -5.36308e+00 |126 -0.01727 -9.94934e+00
127 -0.05202 -1.26256e+01 |128 -0.00224 -2.44382e+01 |129 -0.03067 -7.91899e+00
130  0.01581 -1.33651e+01 |131 -0.03617 -1.41276e+01 |132  0.00290 -3.36543e+01
133  0.02641 -1.13367e+01 |134 -0.05385 -7.51677e+00 |135 -0.02213  1.56159e+01
136  0.01716  1.32186e+01 |137  0.02046 -1.76833e+00 |138 -0.00999 -1.45803e+00
139 -0.00948 -1.45878e+00 |140 -0.55405  8.82653e-01 |141 -0.72611 -4.15316e-01
142 -0.74354 -3.42586e+00 |143 -0.62916 -1.71024e+00 |144  0.75587  1.06966e+00
145 -0.12689  1.78852e+00 |146 -0.50208 -1.11357e+00 |147 -0.35335  2.13941e+03
148  0.20909  6.82770e-01 |149  0.06095 -1.13551e+03 |150  0.14145  6.74101e+02
151  0.26832  2.37854e+02 |152  0.00419  4.29114e-02 |153  0.03802 -2.18807e-01
154 -0.60067 -3.25516e+02 |155 -0.53725  5.41139e+00 |156  0.00064  1.10526e+04
157 -0.00350 -6.71320e+03 |158 -0.02008  3.41826e+03 |159  0.01395  1.63385e+02
160  0.78505 -5.53407e+00 |161 -0.46507  7.19719e+02 |162 -0.00000  6.69857e-07
163  0.41271  3.07305e+01 |164 -0.10901  2.32662e+03 |165  0.00686 -1.46144e-02
166 -0.47093  1.00864e+02 |167 -0.55590 -7.90580e+01 |168  0.08819 -3.21921e+00
169  0.00340  2.96742e+03 |170  0.05276 -1.02765e+02 |171 -0.04888 -3.01878e+00
172 -0.00765  8.84682e+02 |173  0.00041 -6.52141e-03 |174  0.63003 -2.59544e+01
175 -0.45759  2.25995e+01 |176  0.14512  6.47570e+01 |177 -0.00000  2.11498e-39
178 -0.00345  2.38400e+01 |179  0.11580 -1.73331e+01 |180  0.00002 -2.17834e-03
181 -0.06146  5.47089e+00 |182 -0.59950  1.23863e-02 |183 -0.22623 -9.70499e+00
184 -0.00032 -6.77724e+01 |185 -0.00000 -5.39892e-10 |186  0.00346 -2.51452e+02
187  0.03126 -1.14300e+01 |188  0.87411 -6.50384e+00 |189  0.00000  0.00000e+00
190 -0.30091 -1.29144e+01 |191  0.00000  1.84461e-09 |192 -0.69452  1.37973e+01
193  0.00000  0.00000e+00 |194  0.07274 -1.93367e+01 |195  0.00000  0.00000e+00
196  0.00079 -6.57410e+02 |197 -0.39711  4.23247e+01 |198 -0.51389 -1.05133e+01
199 -0.69660 -1.02720e+02 |200 -0.50487  5.26235e+01 |201  0.07881 -1.01002e+00
202  0.10994 -1.04647e+00 |203  0.00239  2.17016e+03 |204  0.00176 -1.30318e+03
205  0.00000  0.00000e+00 |206 -0.54438 -6.86777e+00 |207  0.00000  1.84461e-09
208 -0.58290  1.61543e+01 |209  0.00000  0.00000e+00 |210  0.15156  1.68351e+00
211  0.00000  0.00000e+00 |212 -0.00014 -3.40936e+02 |
212 variables; iteration 80; function evaluation 85; phase 5
Function value 6.0098510e+03; maximum gradient component mag 1.0780e+04
Var    Value     Gradient |Var    Value     Gradient |Var    Value     Gradient
  1 -0.08173  1.60473e+02 |  2  0.20655 -2.47970e+00 |  3  0.00001 -7.61898e-03
  4  0.00001 -9.48378e-03 |  5  0.00001 -1.18327e-02 |  6  0.00002 -1.48204e-02
  7  0.00002 -1.86858e-02 |  8  0.00002 -2.38422e-02 |  9  0.00003 -3.10844e-02
 10  0.00004 -4.18383e-02 | 11  0.00006 -5.50059e-02 | 12  0.00010 -4.14427e-02
 13  0.00014 -3.96121e-03 | 14  0.00017  2.23131e-02 | 15 -0.00214  6.27287e-01
 16 -0.00166  5.00265e-01 | 17 -0.00121  4.06019e-01 | 18 -0.00086  3.38517e-01
 19 -0.00062  2.85505e-01 | 20 -0.00041  2.56132e-01 | 21 -0.00020  2.42817e-01
 22  0.00001  2.49793e-01 | 23  0.00021  2.64942e-01 | 24  0.00040  2.83755e-01
 25  0.00048  3.35449e-01 | 26  0.00071  3.67500e-01 | 27  0.00097  4.07967e-01
 28  0.00111  4.85930e-01 | 29  0.00121  6.09952e-01 | 30  0.00138  7.66487e-01
 31  0.00159  9.67948e-01 | 32  0.00181  1.25423e+00 | 33  0.00213  1.66122e+00
 34  0.00257  2.27975e+00 | 35  0.00300  3.26602e+00 | 36  0.00360  5.00929e+00
 37  0.00419  7.81869e+00 | 38  0.00443  1.22861e+01 | 39  0.00464  2.15666e+01
 40  0.00345  3.84633e+01 | 41 -0.00605  5.46560e+01 | 42 -0.01680  7.94589e+01
 43 -0.01518  1.34379e+02 | 44  0.01107  1.91811e+02 | 45 -0.00468 -5.49569e+01
 46 -0.00116 -2.57365e+01 | 47 -0.00262 -1.06850e+02 | 48  0.02197  2.29431e+02
 49 -0.05780  1.17545e+02 | 50 -0.01021 -8.97234e+01 | 51 -0.05167  3.08559e+01
 52  0.01784  4.72374e+01 | 53 -0.01411 -2.37816e+01 | 54 -0.01151 -7.52224e+01
 55  0.02698 -5.68710e+00 | 56 -0.06538 -2.31366e+01 | 57 -0.00493 -1.55042e+02
 58  0.01212  1.40871e+01 | 59  0.00712  8.04272e-01 | 60 -0.00638  7.81360e+00
 61 -0.02390  4.47975e+01 | 62 -0.02998  2.13248e+01 | 63 -0.03819  4.85101e+01
 64  0.01445 -1.01746e+02 | 65  0.00296 -6.56338e+01 | 66  0.03595 -1.25990e+02
 67 -0.00017 -9.59493e+01 | 68 -0.02918 -3.16359e+01 | 69  0.00657 -1.35837e+02
 70  0.01874 -2.03594e+02 | 71 -0.00751 -1.34499e+01 | 72 -0.01950  8.02589e+00
 73 -0.02065  1.24221e-01 | 74 -0.05441  9.00810e+00 | 75 -0.04849  2.21118e+01
 76 -0.00776  3.43187e+01 | 77  0.00997  3.50281e+01 | 78  0.00814  1.02646e+01
 79 -0.00745 -1.02255e+01 | 80 -0.02823  1.83117e+00 | 81 -0.02226  6.48176e+01
 82 -0.00416  4.54232e+01 | 83 -0.00772  2.46037e+01 | 84 -0.00277  2.00857e+01
 85 -0.07302  5.28215e+01 | 86 -0.05260  4.25570e+01 | 87 -0.01977  2.89993e+01
 88 -0.02708  2.85626e+01 | 89  0.01915  5.18252e+01 | 90  0.00159  5.57688e+01
 91 -0.04569  2.33063e+01 | 92  0.00636  2.81939e+01 | 93 -0.01998  3.08718e+01
 94 -0.02256  2.90872e+01 | 95 -0.05820  1.62750e+01 | 96 -0.02606  1.46057e+01
 97 -0.01232  9.40218e+00 | 98  0.00484  1.80903e+01 | 99 -0.01257  2.33315e+01
100 -0.05964  7.75592e+00 |101 -0.01793 -2.96151e+00 |102 -0.05005  4.01882e+00
103 -0.00564 -8.42753e+00 |104 -0.03281 -6.80207e-01 |105  0.01009 -1.33072e+01
106 -0.02200 -1.08239e+01 |107 -0.03723 -1.11957e+01 |108 -0.02866 -1.09513e+01
109  0.00521 -2.07134e+01 |110 -0.06413 -1.35593e+00 |111 -0.07324  4.84342e+00
112  0.02468  6.22686e+01 |113 -0.00237  1.17818e+01 |114 -0.02388  1.14264e+01
115 -0.04252  5.49698e+00 |116 -0.02526 -2.25604e+01 |117 -0.08202 -5.15490e+00
118 -0.03674  2.30228e-01 |119 -0.03068  2.50912e+00 |120 -0.01167 -2.48365e+00
121  0.02672 -1.79740e+01 |122  0.04381 -2.05949e+01 |123 -0.00958 -1.10147e+01
124  0.01513  4.20289e+00 |125 -0.03824  3.34213e+00 |126 -0.02220 -2.19306e+01
127 -0.05671 -1.70204e+01 |128 -0.00648 -1.56905e+01 |129 -0.03531 -8.02716e+00
130  0.01142 -5.53415e+00 |131 -0.04064 -1.00177e+01 |132 -0.00135 -2.31843e+01
133  0.02181 -8.25668e+00 |134 -0.05932 -1.38861e+01 |135 -0.02727  6.90889e+00
136  0.01173  2.26236e+00 |137  0.01297 -1.54244e+01 |138 -0.01735 -4.22088e+00
139 -0.01653 -4.03731e+00 |140 -0.56377  2.42862e+00 |141 -0.72060 -2.73909e-01
142 -0.64196 -8.71643e-01 |143 -0.59017 -1.01021e+00 |144  0.73251  1.17387e+00
145 -0.16721  1.46191e+00 |146 -0.47151 -7.09881e-01 |147 -0.35350  2.02767e+03
148  0.21024  6.55336e-01 |149  0.06096 -1.09787e+03 |150  0.14147  6.19669e+02
151  0.26845  1.83554e+02 |152  0.00366  3.89873e-02 |153  0.03243 -5.98844e-02
154 -0.60088 -3.20867e+02 |155 -0.56230  4.72146e+00 |156  0.00063  1.07795e+04
157 -0.00351 -6.75978e+03 |158 -0.02009  3.07219e+03 |159  0.01319  1.30176e+02
160  0.79766 -1.12496e+01 |161 -0.46612  7.18513e+02 |162 -0.00000  6.81932e-07
163  0.40879  5.50986e-01 |164 -0.10920  2.33357e+03 |165  0.00725 -1.62338e-02
166 -0.46912  1.03093e+02 |167 -0.55566 -7.87066e+01 |168  0.09518 -2.26038e+00
169  0.00335  2.90017e+03 |170  0.05222 -1.69765e+02 |171 -0.00764 -1.18692e+00
172 -0.00753  7.96028e+02 |173  0.00056 -6.93696e-03 |174  0.63883 -2.65786e+01
175 -0.45381 -1.75323e+00 |176  0.14477  2.26739e+01 |177 -0.00000  2.37094e-39
178 -0.00481  1.64286e+01 |179  0.13511 -1.39464e+01 |180  0.00003 -1.28099e-03
181 -0.08788  3.17771e+00 |182 -0.59958  8.10050e-04 |183 -0.24227 -4.90078e+00
184 -0.00102 -2.09405e+02 |185 -0.00000 -5.33853e-10 |186  0.00415 -2.04415e+02
187  0.00635 -1.73918e+01 |188  0.87822 -4.23044e+00 |189  0.00000  0.00000e+00
190 -0.29430 -1.03315e+01 |191  0.00000  1.63784e-09 |192 -0.69439  1.20401e+01
193  0.00000  0.00000e+00 |194  0.07260 -2.07020e+01 |195  0.00000  0.00000e+00
196  0.00067 -6.50056e+02 |197 -0.39157  4.68709e+01 |198 -0.51150 -1.03046e+01
199 -0.69632 -1.09736e+02 |200 -0.50435  6.34580e+01 |201  0.08733 -1.13893e-01
202  0.12215  2.64265e-02 |203  0.00229  2.10557e+03 |204  0.00175 -1.27124e+03
205  0.00000  0.00000e+00 |206 -0.54510 -6.15950e+00 |207  0.00000  1.63784e-09
208 -0.58325  1.67619e+01 |209  0.00000  0.00000e+00 |210  0.10470 -1.72542e+01
211  0.00000  0.00000e+00 |212 -0.00020 -3.42296e+02 |
212 variables; iteration 100; function evaluation 105; phase 5
Function value 6.0088737e+03; maximum gradient component mag 1.0197e+04
Var    Value     Gradient |Var    Value     Gradient |Var    Value     Gradient
  1 -0.07843  6.25760e+01 |  2  0.15403 -7.27233e+00 |  3  0.00002 -9.70006e-03
  4  0.00002 -1.20670e-02 |  5  0.00002 -1.50434e-02 |  6  0.00003 -1.88204e-02
  7  0.00004 -2.36881e-02 |  8  0.00005 -3.01367e-02 |  9  0.00006 -3.90766e-02
 10  0.00007 -5.19813e-02 | 11  0.00009 -6.63694e-02 | 12  0.00014 -4.50295e-02
 13  0.00020  7.77914e-03 | 14  0.00025  5.00444e-02 | 15 -0.00101  9.07690e-01
 16 -0.00078  7.30873e-01 | 17 -0.00053  6.03497e-01 | 18 -0.00030  5.20809e-01
 19 -0.00012  4.65422e-01 | 20  0.00006  4.42556e-01 | 21  0.00025  4.43968e-01
 22  0.00046  4.82926e-01 | 23  0.00067  5.33565e-01 | 24  0.00088  5.88193e-01
 25  0.00097  6.67250e-01 | 26  0.00123  7.51347e-01 | 27  0.00154  8.50166e-01
 28  0.00169  9.65137e-01 | 29  0.00179  1.12019e+00 | 30  0.00195  1.29752e+00
 31  0.00215  1.50610e+00 | 32  0.00233  1.77194e+00 | 33  0.00259  2.13387e+00
 34  0.00295  2.66131e+00 | 35  0.00322  3.45439e+00 | 36  0.00365  4.95493e+00
 37  0.00404  7.43725e+00 | 38  0.00385  1.11784e+01 | 39  0.00322  1.90187e+01
 40  0.00211  3.52181e+01 | 41 -0.00787  4.95831e+01 | 42 -0.01387  8.53385e+01
 43 -0.01605  1.28293e+02 | 44  0.01024  1.79001e+02 | 45 -0.00514 -5.08984e+01
 46 -0.00185 -2.66243e+01 | 47 -0.00335 -1.08804e+02 | 48  0.02055  2.16965e+02
 49 -0.05862  1.30375e+02 | 50 -0.01154 -8.67939e+01 | 51 -0.05292  3.42290e+01
 52  0.01664  3.49455e+01 | 53 -0.01495 -1.76630e+01 | 54 -0.01240 -6.62414e+01
 55  0.02597  5.28371e-01 | 56 -0.06691 -3.81645e+01 | 57 -0.00583 -1.45953e+02
 58  0.01098  1.59385e+01 | 59  0.00573 -5.43497e-01 | 60 -0.00780  1.34058e+01
 61 -0.02569  3.67742e+01 | 62 -0.03170  2.74943e+01 | 63 -0.03991  5.05149e+01
 64  0.01272 -8.37638e+01 | 65  0.00105 -4.95901e+01 | 66  0.03399 -8.74720e+01
 67 -0.00228 -6.88594e+01 | 68 -0.03096 -1.54569e+01 | 69  0.00451 -1.24901e+02
 70  0.01678 -1.80548e+02 | 71 -0.00800  3.12956e+00 | 72 -0.02377 -2.70066e+00
 73 -0.02038  7.00949e-01 | 74 -0.05599  4.68794e+00 | 75 -0.05184  7.35950e+00
 76 -0.00949  2.28835e+01 | 77  0.00809  3.81387e+01 | 78  0.00636  2.00862e+01
 79 -0.00880  4.99662e+00 | 80 -0.02994  7.80088e+00 | 81 -0.02409  4.57153e+01
 82 -0.00586  3.25792e+01 | 83 -0.00932  2.43927e+01 | 84 -0.00464  1.77179e+01
 85 -0.07486  5.61675e+01 | 86 -0.05484  2.37658e+01 | 87 -0.02151  3.26743e+01
 88 -0.02893  2.53480e+01 | 89  0.01731  4.92824e+01 | 90  0.00012  6.59868e+01
 91 -0.04718  3.11368e+01 | 92  0.00503  4.87004e+01 | 93 -0.02166  3.66586e+01
 94 -0.02444  2.50824e+01 | 95 -0.06041  5.02372e+00 | 96 -0.02867 -1.56727e+01
 97 -0.01420  2.74502e+00 | 98  0.00347  2.05829e+01 | 99 -0.01417  1.89711e+01
100 -0.06150  2.73171e+00 |101 -0.01958 -7.53985e+00 |102 -0.05133  6.36384e+00
103 -0.00747 -2.23506e+01 |104 -0.03440 -6.34234e+00 |105  0.00844 -2.88659e+01
106 -0.02426 -2.70160e+01 |107 -0.03810 -3.31026e+00 |108 -0.03059 -1.88711e+01
109  0.00368 -2.68935e+01 |110 -0.06601 -5.53047e+00 |111 -0.07475  5.37041e+00
112  0.02285  4.72766e+01 |113 -0.00360  1.43766e+01 |114 -0.02528  1.00644e+01
115 -0.04445 -9.79612e+00 |116 -0.02738 -5.52929e+01 |117 -0.08389 -1.49149e+01
118 -0.03872 -1.67194e+01 |119 -0.03237 -2.89820e+00 |120 -0.01337 -3.61748e+00
121  0.02531 -8.94661e+00 |122  0.04218 -2.15430e+01 |123 -0.01121 -1.38209e+01
124  0.01313 -1.69923e+01 |125 -0.04021 -5.23838e+00 |126 -0.02348 -1.26304e+01
127 -0.05775 -6.91194e+00 |128 -0.00835 -2.41690e+01 |129 -0.03694 -9.95501e+00
130  0.00973 -1.00928e+01 |131 -0.04240 -1.04861e+01 |132 -0.00267 -1.33079e+01
133  0.02009 -1.04255e+01 |134 -0.06099 -1.39887e+01 |135 -0.02911  4.10414e+00
136  0.01003  4.09437e+00 |137  0.01170 -1.05549e+01 |138 -0.01868 -2.72401e+00
139 -0.01781 -2.59681e+00 |140 -0.65459 -1.06165e+01 |141 -0.71675  1.05591e-01
142 -0.57332  4.38228e-01 |143 -0.54200 -1.75225e-01 |144  0.68922  1.32331e+00
145 -0.22816  9.15514e-01 |146 -0.42918 -2.52965e-01 |147 -0.35372  1.71262e+03
148  0.21121  5.60135e-01 |149  0.06079 -9.06756e+02 |150  0.14152  4.91203e+02
151  0.26835  1.55293e+02 |152  0.00286  3.52683e-02 |153  0.01808  1.71227e-02
154 -0.60101 -3.29554e+02 |155 -0.58581  4.39659e+00 |156  0.00066  1.01967e+04
157 -0.00347 -6.61994e+03 |158 -0.02016  2.60805e+03 |159  0.01343  1.18212e+02
160  0.81631 -1.66370e+01 |161 -0.46518  6.65028e+02 |162 -0.00000  6.43171e-07
163  0.40915  5.69603e+00 |164 -0.10982  2.17924e+03 |165  0.00799 -1.85270e-02
166 -0.46945  8.99002e+01 |167 -0.55488 -4.25318e+01 |168  0.10233 -8.84554e+00
169  0.00336  2.77152e+03 |170  0.05163 -1.30352e+02 |171  0.05049  8.48990e+00
172 -0.00743  7.78484e+02 |173  0.00084 -7.65770e-03 |174  0.64665 -2.06930e+01
175 -0.45655 -4.09226e+01 |176  0.14561 -9.21268e+01 |177 -0.00000 -7.29100e-40
178 -0.00577 -2.54658e+01 |179  0.12423 -1.80165e+01 |180  0.00005 -5.67332e-04
181 -0.12838  1.38575e+00 |182 -0.59941 -3.66627e-02 |183 -0.25959 -1.25809e+00
184 -0.00112 -3.26587e+02 |185 -0.00000 -5.23513e-10 |186  0.00425 -1.92505e+02
187  0.01979 -1.38448e+01 |188  0.87116 -2.41965e+00 |189  0.00000  0.00000e+00
190 -0.29763 -1.10565e+01 |191  0.00000  1.31015e-09 |192 -0.69558  2.71778e+00
193  0.00000  0.00000e+00 |194  0.07277  5.53855e+00 |195  0.00000  0.00000e+00
196  0.00074 -6.31656e+02 |197 -0.39157  4.28731e+01 |198 -0.51403 -1.69764e+01
199 -0.69574 -8.10064e+01 |200 -0.50440  7.57463e+01 |201  0.09440 -1.04121e-01
202  0.13437  3.66085e-01 |203  0.00229  2.01987e+03 |204  0.00180 -1.21559e+03
205  0.00000  0.00000e+00 |206 -0.55653 -6.94111e+00 |207  0.00000  1.31015e-09
208 -0.58640  1.02630e+01 |209  0.00000  0.00000e+00 |210  0.11722 -8.94054e+00
211  0.00000  0.00000e+00 |212 -0.00007 -2.98570e+02 |
212 variables; iteration 120; function evaluation 125; phase 5
Function value 6.0054628e+03; maximum gradient component mag 7.8378e+03
Var    Value     Gradient |Var    Value     Gradient |Var    Value     Gradient
  1 -0.08297  1.19604e+02 |  2  0.28149  1.66586e+00 |  3  0.00002  1.88922e-03
  4  0.00003  2.31249e-03 |  5  0.00003  2.82933e-03 |  6  0.00004  3.46033e-03
  7  0.00005  4.24451e-03 |  8  0.00007  5.28356e-03 |  9  0.00009  6.98246e-03
 10  0.00011  1.16321e-02 | 11  0.00017  3.45153e-02 | 12  0.00030  1.32599e-01
 13  0.00042  2.49173e-01 | 14  0.00053  3.53109e-01 | 15 -0.00079  6.29123e-01
 16 -0.00044  6.60356e-01 | 17 -0.00008  7.22312e-01 | 18  0.00024  7.93767e-01
 19  0.00049  8.52405e-01 | 20  0.00073  9.33334e-01 | 21  0.00098  1.03579e+00
 22  0.00130  1.20525e+00 | 23  0.00160  1.36369e+00 | 24  0.00187  1.49917e+00
 25  0.00204  1.62403e+00 | 26  0.00238  1.78947e+00 | 27  0.00275  1.96193e+00
 28  0.00298  2.09348e+00 | 29  0.00315  2.23169e+00 | 30  0.00341  2.39673e+00
 31  0.00368  2.56790e+00 | 32  0.00395  2.77939e+00 | 33  0.00430  3.07079e+00
 34  0.00477  3.50319e+00 | 35  0.00520  4.18100e+00 | 36  0.00597  5.60505e+00
 37  0.00646  7.58249e+00 | 38  0.00582  1.00909e+01 | 39  0.00522  1.67387e+01
 40  0.00270  2.87530e+01 | 41 -0.00968  3.54295e+01 | 42 -0.01462  6.55743e+01
 43 -0.01691  9.71514e+01 | 44  0.01129  1.38624e+02 | 45 -0.00454 -4.15590e+01
 46 -0.00105 -2.53518e+01 | 47 -0.00224 -9.30659e+01 | 48  0.02290  1.76006e+02
 49 -0.05794  9.10827e+01 | 50 -0.00922 -6.14035e+01 | 51 -0.05100  3.16852e+01
 52  0.01869  2.05269e+01 | 53 -0.01304 -1.49385e+01 | 54 -0.01019 -4.75885e+01
 55  0.02814  3.65397e+00 | 56 -0.06458 -2.76983e+01 | 57 -0.00359 -1.21451e+02
 58  0.01311  1.09465e+01 | 59  0.00821 -4.73064e-01 | 60 -0.00533  8.73681e-01
 61 -0.02302  2.75879e+01 | 62 -0.02891  1.66194e+01 | 63 -0.03724  3.45655e+01
 64  0.01574 -7.43960e+01 | 65  0.00415 -5.18798e+01 | 66  0.03728 -9.18103e+01
 67  0.00118 -6.46971e+01 | 68 -0.02808 -2.37975e+01 | 69  0.00827 -1.13232e+02
 70  0.01994 -1.57988e+02 | 71 -0.00323  4.76557e+00 | 72 -0.02186 -2.73132e+01
 73 -0.01789 -1.85831e+01 | 74 -0.05135  4.97846e+00 | 75 -0.04501  2.79319e+01
 76 -0.00601  1.73167e+01 | 77  0.00897  2.64406e+01 | 78  0.01490  7.87291e+01
 79 -0.01220 -2.18053e+01 | 80 -0.02117  5.60825e+01 | 81 -0.02149  2.52958e+01
 82 -0.00224  1.76106e+01 | 83 -0.00551  1.94728e+01 | 84 -0.00081  2.39484e+01
 85 -0.07203  4.57970e+01 | 86 -0.05097  1.75201e+01 | 87 -0.01796  2.46305e+01
 88 -0.02441  3.40585e+01 | 89  0.02086  2.97935e+01 | 90  0.00369  5.18009e+01
 91 -0.04356  2.23272e+01 | 92  0.00846  2.35288e+01 | 93 -0.01775  3.24543e+01
 94 -0.02112  1.35858e+01 | 95 -0.05619  9.00731e+00 | 96 -0.02519 -2.34713e+01
 97 -0.01101 -8.00986e+00 | 98  0.00719  2.18181e+01 | 99 -0.01068  1.95840e+01
100 -0.05700  1.48432e+01 |101 -0.01547  1.24116e+01 |102 -0.04790  4.12778e+00
103 -0.00365 -1.44681e+01 |104 -0.03092 -6.39464e+00 |105  0.01229 -9.11771e+00
106 -0.02022 -1.09867e+01 |107 -0.03426  7.15344e+00 |108 -0.02641 -3.86076e-01
109  0.00702 -1.60321e+01 |110 -0.06113  1.23891e+01 |111 -0.07110  6.79632e+00
112  0.02647  5.03391e+01 |113  0.00001  1.98521e+01 |114 -0.02186  9.99157e+00
115 -0.04050 -8.79391e-01 |116 -0.02327 -2.85282e+01 |117 -0.07975 -6.48408e+00
118 -0.03494 -1.29713e+01 |119 -0.02875 -5.16682e+00 |120 -0.00963 -3.69051e+00
121  0.02882 -8.71398e+00 |122  0.04639  2.72052e-01 |123 -0.00867 -2.39685e+01
124  0.01728 -3.82895e+00 |125 -0.03686 -5.54080e+00 |126 -0.01947 -6.37804e+00
127 -0.05459 -1.36323e+01 |128 -0.00430 -8.92626e+00 |129 -0.03316 -6.63297e+00
130  0.01340 -7.69904e+00 |131 -0.03826 -4.55688e+00 |132  0.00117 -6.49150e+00
133  0.02401 -5.56185e+00 |134 -0.05816 -2.46539e+01 |135 -0.02513  3.19918e-01
136  0.01396  7.14386e+00 |137  0.01567 -9.06872e+00 |138 -0.00774  3.09130e+00
139 -0.00733  2.96457e+00 |140 -0.64033 -7.84770e+00 |141 -0.71640  2.49297e-01
142 -0.48090  2.15566e+00 |143 -0.36399  2.58612e+00 |144  0.42159  1.44716e+00
145 -0.51338 -2.57154e+00 |146 -0.24169  9.96479e-01 |147 -0.35402  1.37747e+03
148  0.21300  4.73474e-01 |149  0.06045 -7.45619e+02 |150  0.14151  4.44272e+02
151  0.26845  1.10957e+02 |152 -0.00118  8.93820e-03 |153 -0.07871 -1.56617e-01
154 -0.60133 -2.14840e+02 |155 -0.64484  2.42796e+00 |156  0.00043  7.83775e+03
157 -0.00339 -5.28402e+03 |158 -0.02014  1.77039e+03 |159  0.01260  7.41917e+01
160  0.82937 -1.74607e+01 |161 -0.46648  5.15827e+02 |162  0.00000  5.98293e-07
163  0.40785  5.97826e+00 |164 -0.10917  1.73119e+03 |165  0.01261 -3.47489e-02
166 -0.46641  7.72778e+01 |167 -0.55441 -2.72983e+01 |168  0.11889 -1.77741e+00
169  0.00323  2.13475e+03 |170  0.05176 -1.26815e+02 |171  0.06059  9.44665e+00
172 -0.00739  5.83138e+02 |173  0.00252 -1.25305e-02 |174  0.64941 -1.41791e+01
175 -0.46044 -6.36509e+00 |176  0.14583  1.99593e+01 |177 -0.00000  1.72641e-39
178 -0.00578 -3.71082e+00 |179  0.13263 -1.49771e+01 |180  0.00014  1.77192e-03
181 -0.33498 -4.31004e+00 |182 -0.59790  3.07399e-02 |183 -0.31566  8.30889e+00
184 -0.00057 -2.79939e+02 |185 -0.00000 -4.64417e-10 |186  0.00446 -3.79445e+01
187 -0.00204 -1.77349e+01 |188  0.83823 -8.45521e-02 |189  0.00000  0.00000e+00
190 -0.29725 -6.40895e+00 |191 -0.00000 -3.87727e-10 |192 -0.69840 -2.25080e+01
193  0.00000  0.00000e+00 |194  0.07263 -3.43229e+00 |195  0.00000  0.00000e+00
196  0.00084 -4.82604e+02 |197 -0.39392  3.10870e+01 |198 -0.51563 -1.64662e+01
199 -0.69641 -7.54835e+01 |200 -0.50492  5.45704e+01 |201  0.10052  7.96910e-01
202  0.14865  1.79958e+00 |203  0.00218  1.55309e+03 |204  0.00185 -9.34656e+02
205  0.00000  0.00000e+00 |206 -0.54648 -3.94390e+00 |207 -0.00000 -3.87727e-10
208 -0.58262  1.44845e+01 |209  0.00000  0.00000e+00 |210  0.12778 -4.59336e+00
211  0.00000  0.00000e+00 |212  0.00004 -2.15977e+02 |
212 variables; iteration 140; function evaluation 150; phase 5
Function value 6.0022099e+03; maximum gradient component mag 5.9464e+03
Var    Value     Gradient |Var    Value     Gradient |Var    Value     Gradient
  1 -0.07826  3.83285e+02 |  2  0.20881  2.37319e-01 |  3 -0.00011 -1.39926e-01
  4 -0.00013 -1.73497e-01 |  5 -0.00017 -2.15379e-01 |  6 -0.00021 -2.67890e-01
  7 -0.00026 -3.34300e-01 |  8 -0.00032 -4.19590e-01 |  9 -0.00041 -5.31954e-01
 10 -0.00052 -6.83168e-01 | 11 -0.00065 -8.57471e-01 | 12 -0.00059 -8.37471e-01
 13 -0.00037 -6.10988e-01 | 14 -0.00016 -4.14340e-01 | 15 -0.00156  4.22290e-01
 16 -0.00121  3.42167e-01 | 17 -0.00082  3.33285e-01 | 18 -0.00047  3.61680e-01
 19 -0.00020  3.79836e-01 | 20  0.00009  4.76894e-01 | 21  0.00043  6.42297e-01
 22  0.00086  9.14134e-01 | 23  0.00127  1.17975e+00 | 24  0.00163  1.39901e+00
 25  0.00181  1.55935e+00 | 26  0.00217  1.73061e+00 | 27  0.00251  1.83875e+00
 28  0.00257  1.77565e+00 | 29  0.00246  1.57444e+00 | 30  0.00231  1.25084e+00
 31  0.00209  7.92408e-01 | 32  0.00178  2.56908e-01 | 33  0.00154 -2.87561e-01
 34  0.00129 -8.93410e-01 | 35  0.00103 -1.32659e+00 | 36  0.00158 -6.10578e-01
 37  0.00154  4.14459e-03 | 38 -0.00042 -3.25215e-01 | 39  0.00648  1.22275e+01
 40  0.00235  1.90587e+01 | 41 -0.00797  2.62510e+01 | 42 -0.01296  5.17847e+01
 43 -0.01639  7.56992e+01 | 44  0.01104  1.04869e+02 | 45 -0.00449 -2.55020e+01
 46 -0.00141 -1.70538e+01 | 47 -0.00241 -5.67022e+01 | 48  0.02147  1.21741e+02
 49 -0.05996  5.74849e+01 | 50 -0.01052 -5.01604e+01 | 51 -0.05284  1.43767e+01
 52  0.01763  1.42117e+01 | 53 -0.01374 -1.23787e+01 | 54 -0.01088 -3.74429e+01
 55  0.02706 -5.94573e-03 | 56 -0.06596 -2.45705e+01 | 57 -0.00436 -7.88654e+01
 58  0.01162  1.11049e+01 | 59  0.00650  4.59038e-01 | 60 -0.00725  5.99957e+00
 61 -0.02547  1.43639e+01 | 62 -0.03140  1.62080e+01 | 63 -0.03975  2.82389e+01
 64  0.01341 -2.88153e+01 | 65  0.00149 -1.39925e+01 | 66  0.03444 -2.08256e+01
 67 -0.00202 -2.23020e+01 | 68 -0.02998  1.16622e+01 | 69  0.00586 -3.39646e+01
 70  0.01789 -7.37010e+01 | 71 -0.00764 -1.31740e+01 | 72 -0.02285 -1.63779e+01
 73 -0.01905 -3.34371e-01 | 74 -0.05468  8.27974e+00 | 75 -0.04881  1.72912e+01
 76 -0.00857  7.10790e+00 | 77  0.00696  4.10850e+00 | 78  0.00996  3.98727e+01
 79 -0.01262 -1.57259e+01 | 80 -0.02404  3.27597e+01 | 81 -0.02390  1.52501e+01
 82 -0.00507  7.00811e-01 | 83 -0.00789  1.13962e+01 | 84 -0.00321  2.84271e+00
 85 -0.07495  2.61019e+01 | 86 -0.05318  1.19170e+01 | 87 -0.02040  1.23368e+01
 88 -0.02772  7.94269e+00 | 89  0.01866  2.29733e+01 | 90  0.00027  2.51026e+01
 91 -0.04506  3.02200e+01 | 92  0.00612  1.97194e+01 | 93 -0.02120  9.67662e+00
 94 -0.02316  1.34550e+01 | 95 -0.05941  6.74069e-02 | 96 -0.02694 -3.35052e+00
 97 -0.01379 -4.81546e+00 | 98  0.00472  3.34459e+01 | 99 -0.01470  7.56021e+00
100 -0.05836  3.41140e+01 |101 -0.01907  8.47433e+00 |102 -0.04898  4.14640e+01
103 -0.00599  7.11737e+00 |104 -0.03628 -3.97796e+01 |105  0.01050  2.71135e+01
106 -0.02463 -2.57177e+01 |107 -0.03647  2.61846e+01 |108 -0.02886  1.98331e+01
109  0.00384 -1.04739e+01 |110 -0.06374  3.08020e+01 |111 -0.07241  3.69060e+01
112  0.02324  3.93209e+01 |113 -0.00239  4.02292e+01 |114 -0.02509  1.23549e+01
115 -0.04384 -3.78502e+00 |116 -0.02584 -1.19589e+01 |117 -0.08246  1.77153e+00
118 -0.03753 -1.33960e+00 |119 -0.03172 -2.49508e+00 |120 -0.01223  7.98599e+00
121  0.02606  4.65635e+00 |122  0.04351  1.70093e+01 |123 -0.01152 -1.56239e+01
124  0.01385  2.41023e+00 |125 -0.03778  2.74409e+01 |126 -0.02269 -3.99908e+00
127 -0.05775 -1.46901e+01 |128 -0.00652  7.95978e+00 |129 -0.03734 -2.61741e+01
130  0.01079  2.55189e+00 |131 -0.04046  9.37714e+00 |132 -0.00162  2.87923e-01
133  0.02105  1.69751e+00 |134 -0.06051 -1.43360e+01 |135 -0.02774  5.82819e+00
136  0.01040 -1.29847e+01 |137  0.01340 -3.40578e+00 |138 -0.01304  1.11831e-01
139 -0.01247  1.12591e-01 |140 -0.62199 -3.82314e+00 |141 -0.72807 -2.66401e-01
142 -0.61279  3.25666e-02 |143 -0.36990  2.44777e+00 |144  0.13958 -6.26678e-01
145 -0.59408 -3.43748e+00 |146 -0.15891  1.51522e+00 |147 -0.35410  1.32024e+03
148  0.21267  4.73306e-01 |149  0.06019 -7.70295e+02 |150  0.14158  4.92130e+02
151  0.26851  1.36484e+02 |152 -0.00404 -1.63798e-02 |153 -0.16033 -7.15726e-01
154 -0.60112 -4.32309e+01 |155 -0.66005  4.42316e-01 |156  0.00014  5.94637e+03
157 -0.00330 -3.67797e+03 |158 -0.02008  1.77837e+03 |159  0.01195  7.26414e+01
160  0.81458 -5.08790e+00 |161 -0.46990  3.91368e+02 |162  0.00000  5.54055e-07
163  0.40984 -1.37925e+01 |164 -0.10918  1.32311e+03 |165  0.01906 -1.18322e-01
166 -0.46797  4.91321e+01 |167 -0.55498 -2.16469e+01 |168  0.10946 -3.16286e+00
169  0.00320  1.42299e+03 |170  0.05248 -3.52200e+02 |171  0.04259 -7.23111e+00
172 -0.00746 -9.60627e+01 |173  0.00473 -2.88833e-02 |174  0.62211 -2.12223e+01
175 -0.45769  6.75335e+01 |176  0.14556  2.09077e+02 |177 -0.00000 -9.31230e-40
178 -0.00568  5.74872e+01 |179  0.11400 -1.02082e+01 |180  0.00019 -1.60874e-03
181 -0.43720  2.33980e+00 |182 -0.59733  5.47402e-02 |183 -0.37614 -1.30970e+01
184 -0.00115  4.36584e+01 |185 -0.00000 -4.03614e-10 |186  0.00433 -4.29693e+00
187  0.01803 -8.38511e+00 |188  0.84201 -4.15295e+00 |189  0.00000  0.00000e+00
190 -0.29886 -4.23134e+00 |191 -0.00000 -1.59617e-09 |192 -0.69724 -1.48330e+01
193  0.00000  0.00000e+00 |194  0.07250 -3.04053e+01 |195  0.00000  0.00000e+00
196  0.00107 -3.22104e+02 |197 -0.39563  1.87724e+01 |198 -0.51572 -1.23791e+01
199 -0.69656 -5.37309e+01 |200 -0.50497  3.92714e+01 |201  0.09167 -7.40392e-01
202  0.12409 -1.23793e+00 |203  0.00210  1.06281e+03 |204  0.00193 -6.85371e+02
205  0.00000  0.00000e+00 |206 -0.55951 -5.22728e+00 |207 -0.00000 -1.59617e-09
208 -0.58435  1.30919e+01 |209  0.00000  0.00000e+00 |210  0.12390 -5.08594e+00
211  0.00000  0.00000e+00 |212  0.00025 -1.38479e+02 |
212 variables; iteration 160; function evaluation 185; phase 5
Function value 5.9847931e+03; maximum gradient component mag 4.2569e+03
Var    Value     Gradient |Var    Value     Gradient |Var    Value     Gradient
  1 -0.07913  2.51211e+02 |  2  0.24640  3.04325e+00 |  3 -0.00263 -2.66080e+00
  4 -0.00321 -3.24199e+00 |  5 -0.00390 -3.94036e+00 |  6 -0.00473 -4.77791e+00
  7 -0.00574 -5.78367e+00 |  8 -0.00695 -7.00145e+00 |  9 -0.00846 -8.50509e+00
 10 -0.01035 -1.03962e+01 | 11 -0.01238 -1.24342e+01 | 12 -0.01171 -1.18127e+01
 13 -0.00747 -7.57608e+00 | 14 -0.00350 -3.53943e+00 | 15 -0.02466 -2.40028e+01
 16 -0.02355 -2.31239e+01 | 17 -0.01586 -1.50489e+01 | 18 -0.00707 -5.51604e+00
 19 -0.00441 -2.26941e+00 | 20 -0.00223  5.76565e-01 | 21  0.00136  4.83657e+00
 22  0.00546  9.56928e+00 | 23  0.00667  1.09178e+01 | 24  0.00409  7.83863e+00
 25 -0.00152  1.40948e+00 | 26 -0.00670 -4.76590e+00 | 27 -0.01109 -1.00309e+01
 28 -0.01529 -1.48603e+01 | 29 -0.01865 -1.84936e+01 | 30 -0.01988 -1.96107e+01
 31 -0.01958 -1.89006e+01 | 32 -0.01718 -1.55193e+01 | 33 -0.01253 -9.32054e+00
 34 -0.01071 -6.29493e+00 | 35 -0.00295  3.81064e+00 | 36  0.00340  1.26017e+01
 37 -0.00769  1.31624e+00 | 38 -0.00008  1.32072e+01 | 39 -0.01713 -3.77312e+00
 40 -0.00622  1.94709e+01 | 41 -0.01025  3.00584e+01 | 42 -0.02389  2.70644e+01
 43 -0.02610  3.05863e+01 | 44  0.00414  3.15078e+01 | 45 -0.01073  1.63814e+01
 46 -0.00752 -6.51949e-01 | 47 -0.00671  4.00146e+01 | 48  0.01722  1.14863e+01
 49 -0.06468 -2.91883e+01 | 50 -0.01290 -6.25553e+00 | 51 -0.05624 -2.34272e+01
 52  0.01449  2.98538e+01 | 53 -0.01772 -7.34221e+00 | 54 -0.01390  1.24070e+01
 55  0.02380  3.86795e+01 | 56 -0.06903 -2.95363e+00 | 57 -0.00772  7.23283e+00
 58  0.00775  2.00763e+01 | 59  0.00411  2.80435e+01 | 60 -0.00945 -1.73277e+01
 61 -0.02706 -3.04414e+01 | 62 -0.03222 -2.51346e+01 | 63 -0.04130 -4.11711e+01
 64  0.01288  8.89660e+00 | 65  0.00156 -2.18909e-01 | 66  0.03485 -2.10783e+00
 67 -0.00038  1.88195e+01 | 68 -0.03035  2.83797e+01 | 69  0.00677  3.23031e+01
 70  0.01867  1.99282e+01 | 71 -0.00677  6.07077e-01 | 72 -0.02215 -4.45697e+00
 73 -0.01893  8.25524e-01 | 74 -0.05284 -4.85191e-01 | 75 -0.04934 -5.26607e-01
 76 -0.00642 -3.50836e+00 | 77  0.00860 -7.63358e+00 | 78  0.00907  6.93473e-01
 79 -0.00562  4.30055e+00 | 80 -0.02716  2.72462e+00 | 81 -0.02195 -1.75067e+01
 82 -0.00317 -2.17937e+01 | 83 -0.00655 -1.20909e+01 | 84 -0.00159 -1.77783e+00
 85 -0.07388  3.33218e-01 | 86 -0.05182 -4.25641e+00 | 87 -0.01922 -4.28852e-01
 88 -0.02559  6.43468e+00 | 89  0.02027  8.68455e+00 | 90  0.00162  1.26506e+00
 91 -0.04521 -6.41225e-01 | 92  0.00793  6.55700e-01 | 93 -0.02008 -4.93825e+00
 94 -0.02179  1.54879e+00 | 95 -0.05748  1.01143e+00 | 96 -0.02468  3.39741e+00
 97 -0.01169 -8.58595e+00 | 98  0.00583 -2.96950e+00 | 99 -0.01271 -7.62995e+00
100 -0.05834  5.17990e+00 |101 -0.01688 -2.00759e+00 |102 -0.04886  4.73081e+00
103 -0.00419  6.67996e+00 |104 -0.03201 -3.86112e+00 |105  0.01155  7.06645e+00
106 -0.02151 -6.21198e+00 |107 -0.03575 -3.57804e+00 |108 -0.02705  6.39900e+00
109  0.00636 -4.84216e-01 |110 -0.06423 -5.72781e+00 |111 -0.07132  7.17048e+00
112  0.02485 -1.25664e+01 |113 -0.00072  8.16928e+00 |114 -0.02425 -1.57553e+01
115 -0.04090  8.43125e+00 |116 -0.02328  7.96680e+00 |117 -0.08066  1.18697e+00
118 -0.03479  9.61685e+00 |119 -0.02921  4.19551e+00 |120 -0.01040  3.57316e+00
121  0.02795 -2.64056e+00 |122  0.04467 -4.99968e+00 |123 -0.00794  4.44087e+00
124  0.01568 -4.67388e+00 |125 -0.03799 -3.52371e+00 |126 -0.02037  8.17442e+00
127 -0.05474  7.33063e+00 |128 -0.00504  5.59805e+00 |129 -0.03406 -4.09722e+00
130  0.01255 -1.17670e+00 |131 -0.03826  1.09598e+01 |132  0.00044  2.16974e+00
133  0.02280  5.50639e-01 |134 -0.05743 -1.51166e+00 |135 -0.02602  2.36812e+00
136  0.01241 -7.00400e+00 |137  0.01459 -9.45575e-01 |138 -0.00070  1.13800e+01
139 -0.00107  1.04574e+01 |140 -0.63213 -4.69216e+00 |141 -0.65888  2.43803e+00
142 -0.47118  1.94983e+00 |143 -0.64028 -1.72669e+00 |144  0.19426  9.09784e-03
145 -0.08789  1.91018e+00 |146 -0.43729 -5.08493e-01 |147 -0.35478 -1.88539e+02
148  0.22877 -3.25254e-01 |149  0.05935  2.86039e+00 |150  0.14151 -8.70505e+01
151  0.26893 -3.79612e+01 |152 -0.00155 -9.35442e-03 |153  0.01114  2.88379e-02
154 -0.60139  2.89647e+01 |155 -0.66739 -4.95298e-01 |156 -0.00057 -1.23557e+03
157 -0.00312  4.77492e+02 |158 -0.01996 -6.40906e+02 |159  0.00941 -5.47515e+01
160  0.86937 -3.77300e+00 |161 -0.46745  5.62917e+02 |162  0.00000  6.62377e-07
163  0.41019 -2.83456e+01 |164 -0.10875  2.29669e+03 |165  0.11068 -8.90678e+01
166 -0.46927  2.38186e+00 |167 -0.55564  7.02849e+00 |168  0.12437  8.98932e-01
169  0.00304 -3.42340e+02 |170  0.05420  4.64452e+02 |171  0.07060 -1.69806e+00
172 -0.00769  4.25694e+03 |173  0.01255  1.16566e+02 |174  0.60772 -1.23867e+01
175 -0.46062 -5.58234e+00 |176  0.14675  6.08901e+01 |177 -0.00000  4.92395e-40
178 -0.00723  1.36903e+01 |179  0.13122  7.24213e+00 |180  0.00007  8.61865e-04
181 -0.09062 -1.79891e+00 |182 -0.59937  6.22830e-04 |183 -0.25914  7.36419e+00
184 -0.00211 -5.39273e+01 |185 -0.00000 -1.85413e-10 |186  0.00451  8.80818e+01
187  0.01321  1.77659e-01 |188  0.97189  6.23826e+00 |189  0.00000  0.00000e+00
190 -0.31504 -4.76481e+00 |191 -0.00000 -7.53335e-10 |192 -0.69544 -2.20521e+00
193  0.00000  0.00000e+00 |194  0.07184  7.25262e-01 |195  0.00000  0.00000e+00
196  0.00198  1.05431e+02 |197 -0.42524 -3.32623e+01 |198 -0.52398  3.76588e+00
199 -0.69921  5.25929e+00 |200 -0.50629 -1.64353e+01 |201  0.09416 -2.54749e-01
202  0.11482 -3.58961e+00 |203  0.00216 -2.25446e+02 |204  0.00218  3.01442e+02
205  0.00000  0.00000e+00 |206 -0.57668 -4.76272e+00 |207 -0.00000 -7.53335e-10
208 -0.58951  2.21676e-01 |209  0.00000  0.00000e+00 |210  0.13305 -2.40837e-01
211  0.00000  0.00000e+00 |212  0.00044  4.81662e+01 |
212 variables; iteration 180; function evaluation 218; phase 5
Function value 5.9777544e+03; maximum gradient component mag -2.6435e+03
Var    Value     Gradient |Var    Value     Gradient |Var    Value     Gradient
  1 -0.07299  8.85884e+01 |  2  0.17355  1.18903e+00 |  3 -0.00017 -1.30313e-01
  4 -0.00022 -1.82830e-01 |  5 -0.00031 -2.64764e-01 |  6 -0.00045 -3.95650e-01
  7 -0.00066 -6.06742e-01 |  8 -0.00100 -9.44304e-01 |  9 -0.00151 -1.46282e+00
 10 -0.00218 -2.14676e+00 | 11 -0.00253 -2.43099e+00 | 12 -0.00048 -1.91263e-02
 13  0.00197  2.82596e+00 | 14  0.00327  4.36244e+00 | 15 -0.00309  2.12681e-01
 16 -0.00140  1.47748e+00 | 17 -0.00217  1.11232e-01 | 18 -0.00894 -7.73075e+00
 19 -0.00779 -6.57522e+00 | 20 -0.00314 -1.43981e+00 | 21 -0.00151  4.22578e-01
 22 -0.00289 -9.27200e-01 | 23 -0.00355 -1.58473e+00 | 24 -0.00250 -4.85159e-01
 25 -0.00437 -2.52406e+00 | 26 -0.00861 -7.35499e+00 | 27 -0.01063 -9.68130e+00
 28 -0.01196 -1.10074e+01 | 29 -0.01028 -8.69143e+00 | 30 -0.01090 -8.91639e+00
 31 -0.00903 -6.35563e+00 | 32 -0.00303  1.04693e+00 | 33 -0.00646 -2.39290e+00
 34 -0.00814 -4.05377e+00 | 35 -0.00116  4.25361e+00 | 36 -0.00916 -4.74220e+00
 37 -0.01115 -6.75084e+00 | 38  0.00232  8.46255e+00 | 39 -0.01484 -1.09829e+01
 40  0.00403  1.15146e+01 | 41 -0.00554  4.72756e+00 | 42 -0.01714 -4.37772e+00
 43 -0.02228 -1.31765e+01 | 44  0.00894 -1.48035e+01 | 45 -0.00732  1.76155e+01
 46 -0.00422  2.38028e+01 | 47 -0.00423  4.66688e+01 | 48  0.01959 -2.32082e+01
 49 -0.06494 -3.26993e+01 | 50 -0.01227 -8.96595e+00 | 51 -0.05595 -2.25171e+01
 52  0.01609  2.14204e+01 | 53 -0.01493  4.37120e+00 | 54 -0.01144  2.02668e+01
 55  0.02545  3.19183e+01 | 56 -0.06777  5.77117e+00 | 57 -0.00545  4.20454e+01
 58  0.00897  1.56406e+01 | 59  0.00413  1.48223e+01 | 60 -0.01015 -1.06670e+01
 61 -0.02869 -1.82806e+01 | 62 -0.03481 -2.54842e+01 | 63 -0.04340 -3.66828e+01
 64  0.01039  1.29460e+01 | 65 -0.00176  2.13794e+01 | 66  0.03087  2.57542e+01
 67 -0.00546  2.64022e+01 | 68 -0.03500  1.85628e+01 | 69  0.00253  5.74232e+01
 70  0.01545  7.63058e+01 | 71 -0.01097  7.38099e+00 | 72 -0.02245  1.05835e+01
 73 -0.02169  8.98752e-01 | 74 -0.05820 -7.99835e+00 | 75 -0.05159 -8.07254e+00
 76 -0.01014 -1.29279e+01 | 77  0.00742 -1.18881e+01 | 78  0.00378 -3.29175e+01
 79 -0.00774 -3.09828e+00 | 80 -0.03085 -2.51842e+01 | 81 -0.02444 -8.03523e+00
 82 -0.00594 -7.30182e-01 | 83 -0.00934 -7.54380e+00 | 84 -0.00450 -4.29627e+00
 85 -0.07748 -1.20777e+01 | 86 -0.05490 -9.35607e+00 | 87 -0.02261 -8.62674e+00
 88 -0.02891 -7.21902e-01 | 89  0.01683 -1.02377e+01 | 90 -0.00197 -1.37428e+01
 91 -0.04852 -5.76541e+00 | 92  0.00445 -1.27470e+01 | 93 -0.02281 -2.42808e+00
 94 -0.02530 -6.66120e+00 | 95 -0.06030  5.25820e+00 | 96 -0.02781  7.73264e+00
 97 -0.01413  1.06702e+01 | 98  0.00207 -1.07921e+01 | 99 -0.01546 -2.28724e+00
100 -0.06284 -9.45288e+00 |101 -0.01974 -2.82206e+00 |102 -0.05302 -1.26737e+01
103 -0.00774 -4.66122e+00 |104 -0.03390  1.92759e+01 |105  0.00754 -1.10482e+01
106 -0.02366  1.24662e+01 |107 -0.03951 -1.05155e+01 |108 -0.03070 -8.83487e+00
109  0.00333  3.57139e+00 |110 -0.06731 -7.79860e+00 |111 -0.07588 -1.54181e+01
112  0.02204 -1.45509e+01 |113 -0.00577 -2.69007e+01 |114 -0.02571  5.43230e+00
115 -0.04528 -8.18285e+00 |116 -0.02639  5.45269e+00 |117 -0.08372  2.83343e+00
118 -0.03837 -1.44210e+00 |119 -0.03252  4.69684e-01 |120 -0.01376 -2.20917e+00
121  0.02491 -2.12293e+00 |122  0.04116 -1.25270e+01 |123 -0.01086  9.44481e+00
124  0.01255 -5.91515e-01 |125 -0.04179 -1.14142e+01 |126 -0.02366  8.46817e-01
127 -0.05818 -2.56655e-01 |128 -0.00849 -1.23658e+00 |129 -0.03600  1.78237e+01
130  0.00952  8.68363e-01 |131 -0.04379 -1.86112e+01 |132 -0.00211  8.83148e+00
133  0.01932 -1.67787e+00 |134 -0.05977  6.64762e+00 |135 -0.02933  8.42995e-02
136  0.00973  5.37040e+00 |137  0.01120 -1.43239e+00 |138 -0.01114  3.31992e+00
139 -0.01091  2.93206e+00 |140 -0.61317 -6.87832e-02 |141 -0.68595  1.48579e+00
142 -0.61062 -1.58343e-01 |143 -0.53699 -4.57087e-02 |144  0.28997  7.72389e-01
145 -0.08350  2.21770e+00 |146 -0.37227  1.95854e-01 |147 -0.35525 -5.28513e+02
148  0.29149 -7.22885e+00 |149  0.05901  2.33065e+02 |150  0.14113 -2.65329e+02
151  0.26850 -7.27990e+01 |152  0.00146  4.91255e-03 |153  0.00379 -6.20890e-03
154 -0.60110  3.57912e+01 |155 -0.63687 -4.83798e-01 |156 -0.00066 -2.64354e+03
157 -0.00297  1.53766e+03 |158 -0.01990 -9.02444e+02 |159  0.01056 -3.73662e+01
160  0.87054 -2.21362e+00 |161 -0.46987  1.46516e+02 |162 -0.00000  9.82449e-08
163  0.41080 -2.05731e+01 |164 -0.11114  8.51872e+02 |165  0.11649  3.13404e+02
166 -0.47367 -1.95515e+01 |167 -0.55619  7.83053e+00 |168  0.11981  8.85068e-01
169  0.00317 -5.38778e+02 |170  0.05565 -5.27673e+01 |171  0.08751 -1.72589e+00
172 -0.00795  6.28084e+02 |173 -0.01257  3.21272e+01 |174  0.56772 -6.21504e+00
175 -0.46002 -1.45373e+01 |176  0.14499  1.79372e+01 |177 -0.00000 -2.98578e-39
178 -0.00359  1.61600e+01 |179  0.12644  1.75406e+01 |180  0.00011  1.38902e-03
181 -0.22024 -3.10967e+00 |182 -0.61052 -1.42995e+00 |183 -0.28890  8.05977e+00
184 -0.00142 -6.08758e+01 |185  0.00000  1.22243e-10 |186  0.00400  7.06067e+01
187  0.01824  9.34320e+00 |188  0.89379  2.59172e+00 |189  0.00000  0.00000e+00
190 -0.32009 -6.71638e+00 |191  0.00000  8.01456e-10 |192 -0.69503  2.22050e+00
193  0.00000  0.00000e+00 |194  0.07180  2.91145e+00 |195  0.00000  0.00000e+00
196  0.00213  1.32761e+02 |197 -0.41719 -2.83900e+01 |198 -0.52483  1.75107e+00
199 -0.69817  1.82042e+01 |200 -0.50601 -1.48677e+01 |201  0.07567 -4.79679e+00
202  0.13330  5.08697e-01 |203  0.00207 -4.03897e+02 |204  0.00229  3.29485e+02
205  0.00000  0.00000e+00 |206 -0.54190  1.66484e+00 |207  0.00000  8.01456e-10
208 -0.58464 -3.18666e+00 |209  0.00000  0.00000e+00 |210  0.14270  2.51915e+00
211  0.00000  0.00000e+00 |212  0.00014  5.16294e+01 |
212 variables; iteration 200; function evaluation 259; phase 5
Function value 5.9749329e+03; maximum gradient component mag 2.8414e+02
Var    Value     Gradient |Var    Value     Gradient |Var    Value     Gradient
  1 -0.07518  5.72757e+00 |  2  0.19575 -1.98988e-01 |  3 -0.00012 -1.28080e-01
  4 -0.00011 -1.22081e-01 |  5 -0.00010 -1.03384e-01 |  6 -0.00007 -6.89612e-02
  7 -0.00002 -1.82365e-02 |  8  0.00003  4.41188e-02 |  9  0.00008  1.02315e-01
 10  0.00008  1.06669e-01 | 11 -0.00014 -1.38304e-01 | 12 -0.00077 -8.35067e-01
 13  0.00012  1.49532e-01 | 14 -0.00043 -4.59076e-01 | 15 -0.00286 -4.41328e-01
 16 -0.00177  2.83178e-01 | 17 -0.00212 -5.57770e-01 | 18 -0.00119  1.37689e-01
 19 -0.00061  5.66092e-01 | 20 -0.00130 -3.62258e-01 | 21 -0.00100 -1.79749e-01
 22  0.00010  9.36337e-01 | 23 -0.00130 -6.95382e-01 | 24 -0.00087 -2.93929e-01
 25  0.00003  8.01156e-01 | 26 -0.00157 -1.02627e+00 | 27 -0.00002  6.40401e-01
 28 -0.00068  2.69933e-02 | 29 -0.00059  3.42281e-01 | 30 -0.00144 -4.27093e-01
 31 -0.00135 -2.02037e-01 | 32 -0.00129  7.35171e-03 | 33 -0.00137 -7.21848e-03
 34 -0.00093  4.14665e-01 | 35 -0.00147 -2.47099e-01 | 36 -0.00093  1.15267e-01
 37 -0.00030  2.46177e-01 | 38  0.00020 -1.40952e-01 | 39  0.00198  6.98888e-01
 40  0.00109 -7.82283e-02 | 41 -0.00216  2.76621e-01 | 42 -0.00890  4.75717e-01
 43 -0.01297  5.63144e-01 | 44  0.01275  1.65185e+00 | 45 -0.00235  4.64908e-01
 46  0.00015  3.28240e-01 | 47 -0.00038  5.23417e-01 | 48  0.02351  1.89927e+00
 49 -0.06125  1.11494e+00 | 50 -0.00921  2.68789e-01 | 51 -0.05259  9.92054e-01
 52  0.01935  2.81978e+00 | 53 -0.01128 -4.92963e-01 | 54 -0.00820 -1.28225e+00
 55  0.02871 -7.22514e-01 | 56 -0.06448 -3.24616e-01 | 57 -0.00216  2.45465e-01
 58  0.01255 -8.92108e-01 | 59  0.00699  8.03469e-02 | 60 -0.00742  9.47094e-01
 61 -0.02638  8.59895e-01 | 62 -0.03275  4.86767e-01 | 63 -0.04107  3.11197e-01
 64  0.01230 -2.27785e+00 | 65 -0.00021 -2.01034e+00 | 66  0.03226 -4.14017e+00
 67 -0.00457 -2.70241e+00 | 68 -0.03295 -2.50532e+00 | 69  0.00406 -6.27921e+00
 70  0.01664 -9.00361e+00 | 71 -0.00893 -1.29287e+00 | 72 -0.02200 -9.02114e-01
 73 -0.02015 -1.58079e-01 | 74 -0.05439  5.27540e-01 | 75 -0.05022 -6.29249e-01
 76 -0.00830 -8.01230e-02 | 77  0.00796 -5.92200e-01 | 78  0.00683 -3.12119e-01
 79 -0.00841 -6.17153e-01 | 80 -0.02826 -7.95631e-01 | 81 -0.02312 -3.81065e+00
 82 -0.00437 -5.66577e+00 | 83 -0.00783 -6.93208e+00 | 84 -0.00314 -8.19684e+00
 85 -0.07559 -2.80847e+00 | 86 -0.05337 -3.59321e+00 | 87 -0.02096 -5.96196e+00
 88 -0.02778 -4.42251e+00 | 89  0.01830 -9.65123e+00 | 90 -0.00029 -7.09346e+00
 91 -0.04698 -3.05987e+00 | 92  0.00599 -6.92330e+00 | 93 -0.02153 -4.47909e+00
 94 -0.02363 -3.03411e+00 | 95 -0.05931 -6.57838e-01 | 96 -0.02664  1.00987e+00
 97 -0.01316  3.36131e+00 | 98  0.00391  4.61328e+00 | 99 -0.01414  2.74321e+00
100 -0.06078  6.85565e-01 |101 -0.01841  3.18219e+00 |102 -0.05101  1.92482e+00
103 -0.00608  3.65257e+00 |104 -0.03373  2.57320e+00 |105  0.00943  4.47236e+00
106 -0.02297  2.64509e+00 |107 -0.03768  2.13450e+00 |108 -0.02911  3.03706e+00
109  0.00451  4.33944e+00 |110 -0.06553  2.30862e+00 |111 -0.07368  2.05643e+00
112  0.02333  6.49491e+00 |113 -0.00339  4.01654e+00 |114 -0.02508  2.25998e+00
115 -0.04346  1.75723e+00 |116 -0.02533  2.54356e+00 |117 -0.08263  1.08500e+00
118 -0.03716  1.66846e+00 |119 -0.03137  2.05679e+00 |120 -0.01232  2.63277e+00
121  0.02629  4.86000e+00 |122  0.04296  5.63962e+00 |123 -0.01031  2.75289e+00
124  0.01390  3.86836e+00 |125 -0.03968  1.57772e+00 |126 -0.02244  1.95955e+00
127 -0.05678  1.66820e+00 |128 -0.00695  3.24410e+00 |129 -0.03565  1.24873e+00
130  0.01078  3.60662e+00 |131 -0.04097  1.67717e+00 |132 -0.00124  3.26346e+00
133  0.02086  2.98866e+00 |134 -0.05908  1.27432e+00 |135 -0.02789  1.16990e+00
136  0.01091  1.30487e+00 |137  0.01289 -6.13494e-01 |138 -0.01309  5.46200e-02
139 -0.01258  2.03839e-02 |140 -0.60812 -1.78978e-01 |141 -0.71929  7.39944e-02
142 -0.59906  1.21729e-01 |143 -0.53505 -4.85853e-02 |144  0.20904  1.44845e-01
145 -0.32242 -7.66393e-02 |146 -0.39441 -7.45538e-02 |147 -0.35495 -1.63425e+01
148  0.26407 -3.70461e-01 |149  0.05940 -2.63668e+00 |150  0.14136 -1.60155e+01
151  0.26843 -8.29715e+00 |152  0.01585  7.41851e-02 |153 -0.01718 -6.30553e-02
154 -0.60000  4.74350e+01 |155 -0.57419 -4.57595e-01 |156 -0.00042  8.19271e-01
157 -0.00307 -7.56702e+01 |158 -0.01995 -9.32735e+01 |159  0.01096 -4.80554e+00
160  0.89893 -1.65107e+00 |161 -0.46374 -3.13987e+00 |162 -0.00000 -1.63224e-06
163  0.41178  4.90100e+00 |164 -0.11404 -1.01697e+01 |165  0.11621  9.04678e+00
166 -0.47339  1.75972e+00 |167 -0.55587 -7.80908e-01 |168  0.11639 -4.82430e-01
169  0.00322  4.56035e+01 |170  0.05355  1.35118e+02 |171  0.12984  2.20098e-01
172 -0.00754  2.84143e+02 |173 -0.01456  7.00747e-01 |174  0.58912  4.02123e+00
175 -0.45876  3.79323e+00 |176  0.14491  7.66570e-01 |177 -0.00000  9.46137e-42
178 -0.00443 -9.52246e-01 |179  0.11747 -1.66194e+00 |180  0.00081  3.64262e-03
181 -0.20681 -2.84296e-01 |182 -0.60920  1.53601e+00 |183 -0.30083  7.96400e-01
184 -0.00167 -2.12853e+01 |185 -0.00000 -6.80162e-13 |186  0.00441  1.49796e+01
187  0.02188 -1.08903e+00 |188  0.86206  8.01827e-03 |189  0.00000  0.00000e+00
190 -0.29740  2.65522e-01 |191  0.00000  1.27774e-08 |192 -0.69446  4.26479e-01
193  0.00000  0.00000e+00 |194  0.07194 -1.25871e+01 |195  0.00000  0.00000e+00
196  0.00151  1.18731e+01 |197 -0.39906  1.78321e-01 |198 -0.52180 -1.28480e-05
199 -0.69641 -7.37816e-01 |200 -0.50540  3.88010e-02 |201  0.09718  1.01077e-01
202  0.13999  8.79278e-01 |203  0.00194  2.43062e+01 |204  0.00222  2.99208e+01
205  0.00000  0.00000e+00 |206 -0.54516 -3.01808e-01 |207  0.00000  1.27774e-08
208 -0.58425 -2.64327e-02 |209  0.00000  0.00000e+00 |210  0.13425 -3.62563e-01
211  0.00000  0.00000e+00 |212  0.00022  7.15944e+00 |
212 variables; iteration 220; function evaluation 293; phase 5
Function value 5.9748188e+03; maximum gradient component mag 4.7671e+01
Var    Value     Gradient |Var    Value     Gradient |Var    Value     Gradient
  1 -0.07579  3.43024e+01 |  2  0.19637  1.04140e-02 |  3 -0.00024 -2.57120e-01
  4 -0.00020 -2.13907e-01 |  5 -0.00023 -2.45030e-01 |  6  0.00001  1.85024e-02
  7  0.00056  6.15606e-01 |  8  0.00070  7.76279e-01 |  9  0.00049  5.47353e-01
 10  0.00004  5.86560e-02 | 11 -0.00122 -1.33154e+00 | 12  0.00019  2.16954e-01
 13 -0.00020 -1.98231e-01 | 14 -0.00001  1.69728e-02 | 15 -0.00279 -3.05132e-01
 16 -0.00157  5.33533e-01 | 17 -0.00150  1.56893e-01 | 18 -0.00120  1.44251e-01
 19 -0.00116 -3.73176e-02 | 20 -0.00152 -6.02897e-01 | 21 -0.00091 -7.75959e-02
 22 -0.00047  3.15978e-01 | 23 -0.00139 -7.72472e-01 | 24 -0.00010  5.97397e-01
 25 -0.00059  1.56203e-01 | 26 -0.00079 -1.21563e-01 | 27 -0.00069 -4.70379e-02
 28 -0.00047  3.10004e-01 | 29 -0.00143 -5.18851e-01 | 30 -0.00109  1.69094e-02
 31 -0.00146 -2.50718e-01 | 32 -0.00119  2.07461e-01 | 33 -0.00170 -2.68319e-01
 34 -0.00093  5.11641e-01 | 35 -0.00161 -3.10063e-01 | 36 -0.00095  1.59893e-01
 37 -0.00092 -3.68622e-01 | 38  0.00033 -1.18729e-02 | 39  0.00135 -6.84711e-02
 40  0.00135 -8.12901e-02 | 41 -0.00214 -5.04097e-02 | 42 -0.00940 -4.56440e-01
 43 -0.01356 -4.31723e-01 | 44  0.01244 -2.55974e-01 | 45 -0.00254  2.81893e-01
 46 -0.00000  2.19164e-01 | 47 -0.00042  4.65767e-01 | 48  0.02328 -7.52784e-01
 49 -0.06113 -4.55692e-02 | 50 -0.00921 -4.04803e-01 | 51 -0.05255 -1.35291e-02
 52  0.01930  2.95560e-01 | 53 -0.01135 -2.81687e-01 | 54 -0.00822 -1.79664e-01
 55  0.02873 -3.85389e-01 | 56 -0.06439  2.52083e-01 | 57 -0.00216  2.10249e-01
 58  0.01264 -3.18551e-01 | 59  0.00711  5.02729e-02 | 60 -0.00725  2.63433e-01
 61 -0.02617  1.55541e-01 | 62 -0.03249  1.40363e-01 | 63 -0.04083  2.33850e-01
 64  0.01257 -5.01747e-02 | 65  0.00016  9.15009e-02 | 66  0.03265  7.49828e-02
 67 -0.00406  3.23566e-01 | 68 -0.03263 -4.09648e-01 | 69  0.00419  1.01597e+00
 70  0.01705  9.74257e-01 | 71 -0.00879 -1.82488e-01 | 72 -0.02177 -1.63648e-01
 73 -0.01987  1.91389e-01 | 74 -0.05438  3.09182e-01 | 75 -0.04974  1.12567e-01
 76 -0.00821 -1.55930e-01 | 77  0.00815 -7.26387e-01 | 78  0.00699 -1.17046e+00
 79 -0.00825 -1.55389e+00 | 80 -0.02811 -1.29152e+00 | 81 -0.02287 -2.20119e+00
 82 -0.00416 -3.16659e+00 | 83 -0.00766 -3.25687e+00 | 84 -0.00298 -3.71541e+00
 85 -0.07540 -1.28190e+00 | 86 -0.05322 -1.89489e+00 | 87 -0.02074 -2.83743e+00
 88 -0.02764 -2.53574e+00 | 89  0.01846 -4.69609e+00 | 90 -0.00011 -2.91668e+00
 91 -0.04686 -1.07664e+00 | 92  0.00611 -3.30804e+00 | 93 -0.02138 -1.91774e+00
 94 -0.02351 -1.43211e+00 | 95 -0.05925 -7.59272e-01 | 96 -0.02660 -8.15139e-02
 97 -0.01311  1.48134e+00 | 98  0.00350  3.03652e+00 | 99 -0.01452  2.89872e+00
100 -0.06111  1.69668e+00 |101 -0.01874  2.94061e+00 |102 -0.05132  1.64138e+00
103 -0.00642  3.29363e+00 |104 -0.03409  2.67598e+00 |105  0.00906  4.22378e+00
106 -0.02327  3.12388e+00 |107 -0.03809  2.38583e+00 |108 -0.02950  2.82664e+00
109  0.00420  4.46348e+00 |110 -0.06602  1.94722e+00 |111 -0.07397  1.66092e+00
112  0.02305  4.78705e+00 |113 -0.00375  4.02889e+00 |114 -0.02560  3.23699e+00
115 -0.04379  2.29085e+00 |116 -0.02569  2.78824e+00 |117 -0.08290  1.22353e+00
118 -0.03744  1.85201e+00 |119 -0.03162  1.87019e+00 |120 -0.01256  1.95169e+00
121  0.02604  3.14169e+00 |122  0.04259  4.47526e+00 |123 -0.01058  2.42073e+00
124  0.01350  3.55802e+00 |125 -0.04006  1.85630e+00 |126 -0.02283  2.05585e+00
127 -0.05698  1.22704e+00 |128 -0.00730  1.79381e+00 |129 -0.03594  1.27653e+00
130  0.01044  2.37767e+00 |131 -0.04143  9.52705e-01 |132 -0.00158  1.41774e+00
133  0.02052  2.23724e+00 |134 -0.05948  6.80781e-01 |135 -0.02819  1.16072e-02
136  0.01061 -7.23775e-02 |137  0.01269 -3.42885e-01 |138 -0.01341 -1.53296e-01
139 -0.01275 -4.52623e-02 |140 -0.60995  5.60447e-02 |141 -0.71967  5.30096e-02
142 -0.60411  9.54465e-03 |143 -0.53073  2.91140e-02 |144  0.19847  3.47092e-02
145 -0.31999 -4.42756e-02 |146 -0.39561 -7.76956e-02 |147 -0.35500  4.28919e+01
148  0.26915 -1.29814e-01 |149  0.05942 -3.97811e+01 |150  0.14135  1.25535e+01
151  0.26842  3.41606e+00 |152  0.00463  2.10867e-02 |153  0.00111 -6.41883e-03
154 -0.60073  2.56815e+01 |155 -0.61835 -2.97107e-01 |156 -0.00036  3.52369e+01
157 -0.00305 -2.92255e+00 |158 -0.01990  4.00841e+01 |159  0.01131  1.20862e+00
160  0.91635  8.59674e-01 |161 -0.45589 -1.72803e+00 |162 -0.00001 -2.57845e-05
163  0.41379  9.27783e-01 |164 -0.11592 -7.05299e+00 |165  0.11669  2.17091e+00
166 -0.47322  7.41985e-02 |167 -0.55613  3.31075e-01 |168  0.11678 -1.13472e-02
169  0.00314 -7.99148e-02 |170  0.05047  1.88139e+01 |171  0.14999 -6.59566e-01
172 -0.00701  3.93760e+01 |173 -0.01626  4.85395e-02 |174  0.63741  1.00833e+00
175 -0.45542  1.57934e+01 |176  0.14358  3.16603e+01 |177 -0.00000 -1.10433e-41
178 -0.00250  1.05912e+01 |179  0.11702  5.21963e-01 |180  0.00508  2.41213e-02
181 -0.26365  8.89146e-01 |182 -0.60818  5.68420e-01 |183 -0.28503 -1.93403e+00
184  0.00065  4.76705e+01 |185  0.00000  3.07191e-12 |186  0.00335  7.87179e+00
187  0.02332  1.13379e-01 |188  0.86310 -6.97014e-01 |189  0.00000  0.00000e+00
190 -0.29706  2.20548e-01 |191  0.00000  1.70190e-07 |192 -0.69446  2.25218e-01
193  0.00000  0.00000e+00 |194  0.07196 -6.88786e+00 |195  0.00000  0.00000e+00
196  0.00150  5.78701e+00 |197 -0.39914 -2.87994e-01 |198 -0.52186 -2.40904e-01
199 -0.69657 -2.62518e-02 |200 -0.50558  2.13837e-02 |201  0.09568 -2.94185e-02
202  0.13296  2.35765e-02 |203  0.00188  1.98783e-02 |204  0.00215  2.54007e+00
205  0.00000  0.00000e+00 |206 -0.54475 -1.17263e-01 |207  0.00000  1.70190e-07
208 -0.58390 -4.67980e-02 |209  0.00000  0.00000e+00 |210  0.13206  2.06402e-01
211  0.00000  0.00000e+00 |212  0.00027 -8.88558e-01 |
212 variables; iteration 240; function evaluation 314; phase 5
Function value 5.9747785e+03; maximum gradient component mag 1.3613e+01
Var    Value     Gradient |Var    Value     Gradient |Var    Value     Gradient
  1 -0.07590  3.99916e+00 |  2  0.19520  1.21106e-02 |  3  0.00001  7.29991e-03
  4 -0.00000  7.49987e-04 |  5  0.00000  7.46346e-03 |  6 -0.00000 -1.49657e-03
  7  0.00001  1.36066e-02 |  8 -0.00001 -1.90886e-03 |  9 -0.00000  5.64027e-03
 10 -0.00001  1.51228e-03 | 11  0.00002  2.98420e-02 | 12 -0.00001  8.08574e-03
 13 -0.00001  5.86110e-03 | 14 -0.00002 -2.23586e-03 | 15 -0.00249  1.96984e-02
 16 -0.00200  4.25721e-02 | 17 -0.00160  3.27614e-02 | 18 -0.00131  7.61489e-03
 19 -0.00114 -2.11308e-02 | 20 -0.00099 -1.81469e-02 | 21 -0.00086 -2.07120e-02
 22 -0.00076 -1.88437e-02 | 23 -0.00068  4.13785e-04 | 24 -0.00060  1.75401e-02
 25 -0.00068  3.59370e-02 | 26 -0.00064  2.98378e-02 | 27 -0.00060  2.53722e-02
 28 -0.00072  2.32567e-02 | 29 -0.00092  2.30365e-02 | 30 -0.00107  1.59499e-02
 31 -0.00117  3.58530e-02 | 32 -0.00133  1.80308e-02 | 33 -0.00141  1.63337e-02
 34 -0.00134  2.43341e-02 | 35 -0.00130 -8.46863e-03 | 36 -0.00106  1.48874e-02
 37 -0.00056 -3.01605e-03 | 38  0.00034 -9.21467e-03 | 39  0.00143  3.84623e-02
 40  0.00136  1.08618e-02 | 41 -0.00221  5.14585e-03 | 42 -0.00919  2.82522e-03
 43 -0.01340 -3.10122e-03 | 44  0.01252  3.56169e-02 | 45 -0.00246 -5.89368e-03
 46  0.00007  1.79422e-02 | 47 -0.00036 -5.21048e-02 | 48  0.02340 -1.66505e-03
 49 -0.06108  3.45689e-02 | 50 -0.00913 -1.52239e-01 | 51 -0.05248  1.94978e-02
 52  0.01938 -2.15611e-02 | 53 -0.01127 -6.60298e-02 | 54 -0.00815 -3.36520e-02
 55  0.02880  5.94077e-03 | 56 -0.06435 -1.43576e-01 | 57 -0.00210 -3.76514e-02
 58  0.01270 -5.19582e-02 | 59  0.00716 -3.37637e-02 | 60 -0.00721 -3.03822e-02
 61 -0.02612  2.61753e-02 | 62 -0.03244  2.91481e-02 | 63 -0.04079  2.49584e-02
 64  0.01261  2.11503e-02 | 65  0.00021  1.62663e-02 | 66  0.03269 -5.71706e-02
 67 -0.00402 -1.13873e-02 | 68 -0.03257 -1.21985e-02 | 69  0.00411  8.25224e-02
 70  0.01710  2.04320e-01 | 71 -0.00886  7.93542e-02 | 72 -0.02180 -3.36244e-03
 73 -0.01987  3.58538e-03 | 74 -0.05444 -6.56061e-02 | 75 -0.04971 -1.85603e-02
 76 -0.00831  2.95090e-02 | 77  0.00808  9.70932e-02 | 78  0.00694  7.72465e-02
 79 -0.00828  1.55612e-01 | 80 -0.02824  7.03561e-02 | 81 -0.02286  2.24299e-02
 82 -0.00421  2.11396e-01 | 83 -0.00772  1.16851e-01 | 84 -0.00305  1.34345e-01
 85 -0.07545  3.01571e-02 | 86 -0.05326 -9.54324e-02 | 87 -0.02079  4.75332e-02
 88 -0.02769  1.52086e-01 | 89  0.01839  1.28713e-01 | 90 -0.00017  1.62334e-01
 91 -0.04695  1.13843e-02 | 92  0.00602  1.34026e-01 | 93 -0.02145  1.02507e-01
 94 -0.02362  8.03983e-02 | 95 -0.05934  9.46205e-02 | 96 -0.02677  1.67518e-01
 97 -0.01330  2.01184e-01 | 98  0.00312  1.85734e-01 | 99 -0.01486  1.69584e-01
100 -0.06146 -9.72746e-04 |101 -0.01908  1.17597e-01 |102 -0.05160  7.53457e-02
103 -0.00677  1.53330e-01 |104 -0.03444  9.46691e-02 |105  0.00871  2.87017e-01
106 -0.02358  1.14033e-01 |107 -0.03843  1.22089e-01 |108 -0.02987  1.04553e-01
109  0.00387  2.47272e-01 |110 -0.06636  5.60450e-02 |111 -0.07426  2.58554e-02
112  0.02272  3.45012e-01 |113 -0.00407  1.76173e-01 |114 -0.02601  1.42089e-01
115 -0.04412  6.04666e-02 |116 -0.02604  1.21313e-01 |117 -0.08319 -7.13991e-03
118 -0.03779  3.71403e-02 |119 -0.03194  3.56429e-02 |120 -0.01286  1.25831e-01
121  0.02573  2.40947e-01 |122  0.04223  2.96579e-01 |123 -0.01085  1.06257e-01
124  0.01316  2.51667e-01 |125 -0.04040  3.72592e-02 |126 -0.02319  4.28182e-02
127 -0.05722  4.79701e-03 |128 -0.00764  1.50454e-01 |129 -0.03626  2.64586e-02
130  0.01008  1.35582e-01 |131 -0.04179  4.29015e-02 |132 -0.00191  9.25367e-02
133  0.02017  8.89729e-02 |134 -0.05977 -1.61288e-02 |135 -0.02848 -6.78739e-03
136  0.01029 -8.64494e-02 |137  0.01239 -5.59655e-02 |138 -0.01356 -3.06951e-02
139 -0.01299 -3.77041e-02 |140 -0.60968 -1.93152e-02 |141 -0.72112 -4.53021e-03
142 -0.60394 -1.32048e-03 |143 -0.53234  6.10750e-03 |144  0.19501  2.25116e-03
145 -0.31664 -9.93034e-04 |146 -0.38894 -1.46785e-03 |147 -0.35523  8.22183e+00
148  0.30435  1.10290e-01 |149  0.05928 -2.96619e+00 |150  0.14110  7.45142e+00
151  0.26848  5.76913e-01 |152 -0.00008 -4.06432e-04 |153 -0.00001 -3.32683e-04
154 -0.60070  4.10630e-02 |155 -0.62144  8.83330e-03 |156 -0.00035  1.36126e+01
157 -0.00305 -3.28000e+00 |158 -0.01990  1.00043e+01 |159  0.01144  1.33631e-01
160  0.91202 -5.02660e-02 |161 -0.45706 -7.42929e-02 |162  0.00143  7.08288e-03
163  0.41355 -7.81204e-02 |164 -0.11562 -4.87639e-01 |165  0.11661  9.11478e-02
166 -0.47333 -2.35973e-02 |167 -0.55611  5.86923e-03 |168  0.11722 -9.00136e-03
169  0.00315 -4.43797e-01 |170  0.05095 -3.74810e+00 |171  0.19000 -1.87667e-02
172 -0.00709 -8.69525e+00 |173 -0.01595 -5.76981e-02 |174  0.62960 -9.73670e-02
175 -0.45462  1.11000e+00 |176  0.14321  2.17209e+00 |177 -0.00000 -1.79455e-39
178 -0.00187  7.85678e-01 |179  0.11624  1.05918e-01 |180  0.00022  3.97982e-04
181 -0.29283  1.29776e-02 |182 -0.60625  6.28158e-03 |183 -0.28026  1.64789e-02
184  0.00149  1.41095e+00 |185 -0.00000 -5.92720e-13 |186  0.00294  7.84458e-01
187  0.02476  7.12159e-02 |188  0.86302  1.64444e-02 |189  0.00000  0.00000e+00
190 -0.29709 -2.47573e-02 |191 -0.00190 -9.37538e-03 |192 -0.69446  1.00794e-02
193  0.00000  0.00000e+00 |194  0.07200 -2.06007e-01 |195  0.00000  0.00000e+00
196  0.00150  8.77565e-03 |197 -0.39891  6.10583e-02 |198 -0.52172 -1.13616e-02
199 -0.69652 -1.75141e-02 |200 -0.50554  3.77125e-02 |201  0.09604 -4.70936e-03
202  0.13351  1.63586e-02 |203  0.00189 -3.62801e-02 |204  0.00216 -1.86526e+00
205  0.00000  0.00000e+00 |206 -0.54441 -1.15269e-02 |207 -0.00190 -9.37538e-03
208 -0.58377  2.23431e-02 |209  0.00000  0.00000e+00 |210  0.13011 -2.84157e-02
211  0.00000  0.00000e+00 |212  0.00027 -5.23364e-01 |
212 variables; iteration 260; function evaluation 334; phase 5
Function value 5.9747782e+03; maximum gradient component mag 3.3507e-01
Var    Value     Gradient |Var    Value     Gradient |Var    Value     Gradient
  1 -0.07591 -2.74592e-01 |  2  0.19529 -1.22563e-03 |  3 -0.00000 -1.09574e-03
  4 -0.00000 -9.16816e-04 |  5 -0.00000 -3.51770e-04 |  6 -0.00000  5.73417e-04
  7 -0.00000  1.77264e-03 |  8 -0.00000  2.76888e-03 |  9 -0.00000  2.20853e-03
 10 -0.00001  4.40017e-04 | 11 -0.00002 -4.39863e-03 | 12 -0.00001  3.62672e-04
 13 -0.00002 -2.95222e-04 | 14 -0.00002  1.13544e-04 | 15 -0.00251 -7.00793e-04
 16 -0.00204  1.25533e-03 | 17 -0.00163 -2.51320e-04 | 18 -0.00132  1.36252e-03
 19 -0.00112  2.02755e-04 | 20 -0.00097 -1.80244e-03 | 21 -0.00084  7.27645e-04
 22 -0.00075  2.39051e-03 | 23 -0.00068 -3.48803e-03 | 24 -0.00062  9.63035e-04
 25 -0.00071 -6.57089e-04 | 26 -0.00067 -1.67194e-03 | 27 -0.00063 -9.41631e-05
 28 -0.00074  1.99809e-03 | 29 -0.00094 -1.24634e-03 | 30 -0.00109 -4.61474e-04
 31 -0.00121 -7.19737e-04 | 32 -0.00135  8.88214e-04 | 33 -0.00142 -5.33525e-04
 34 -0.00136  2.88042e-03 | 35 -0.00130  1.82074e-04 | 36 -0.00107  1.48408e-03
 37 -0.00056  6.77207e-04 | 38  0.00035  2.43963e-03 | 39  0.00139  1.58291e-03
 40  0.00134  1.56750e-03 | 41 -0.00223  1.75371e-03 | 42 -0.00920  2.65400e-03
 43 -0.01339  1.68040e-03 | 44  0.01251  6.49945e-03 | 45 -0.00246  1.90626e-04
 46  0.00007  8.09472e-04 | 47 -0.00037 -4.50274e-05 | 48  0.02340  1.83612e-02
 49 -0.06108 -4.78586e-03 | 50 -0.00912  4.81097e-03 | 51 -0.05248  1.42384e-03
 52  0.01938  1.27362e-02 | 53 -0.01127 -5.77805e-03 | 54 -0.00815 -5.15565e-03
 55  0.02880  3.66357e-03 | 56 -0.06434 -1.73451e-03 | 57 -0.00211 -7.20026e-03
 58  0.01270 -4.79400e-03 | 59  0.00716 -3.63391e-03 | 60 -0.00721 -6.85204e-03
 61 -0.02612 -9.11038e-03 | 62 -0.03244 -8.40723e-03 | 63 -0.04079 -1.11023e-02
 64  0.01262 -2.26217e-02 | 65  0.00021 -2.75786e-02 | 66  0.03269 -5.65953e-02
 67 -0.00402 -3.30597e-02 | 68 -0.03257 -1.92565e-02 | 69  0.00411 -4.51486e-02
 70  0.01711 -4.98489e-02 | 71 -0.00887 -6.44335e-03 | 72 -0.02180 -2.00420e-03
 73 -0.01988 -6.80872e-04 | 74 -0.05442  2.35936e-03 | 75 -0.04971  2.30544e-03
 76 -0.00831  1.04556e-02 | 77  0.00807  1.38361e-02 | 78  0.00693  2.21522e-02
 79 -0.00829  2.48240e-02 | 80 -0.02824  2.65865e-02 | 81 -0.02286  2.08996e-02
 82 -0.00421  3.64193e-02 | 83 -0.00772  2.61695e-02 | 84 -0.00306  2.19828e-02
 85 -0.07545 -2.72176e-03 | 86 -0.05327  3.87296e-03 | 87 -0.02079  1.19975e-02
 88 -0.02770  8.44012e-03 | 89  0.01838  2.96052e-02 | 90 -0.00018  1.69606e-02
 91 -0.04695  6.66534e-03 | 92  0.00601  1.91664e-02 | 93 -0.02145  8.11915e-03
 94 -0.02362  7.80916e-03 | 95 -0.05935  3.48553e-03 | 96 -0.02678 -1.70958e-03
 97 -0.01331 -7.67238e-03 | 98  0.00311 -1.33870e-02 | 99 -0.01486 -1.79562e-02
100 -0.06146 -1.06838e-02 |101 -0.01908 -1.47486e-02 |102 -0.05160 -1.05926e-02
103 -0.00678 -1.37213e-02 |104 -0.03444 -1.19125e-02 |105  0.00870 -2.11008e-02
106 -0.02358 -1.43176e-02 |107 -0.03844 -1.46148e-02 |108 -0.02987 -1.49430e-02
109  0.00387 -2.40956e-02 |110 -0.06635 -1.31583e-02 |111 -0.07427 -8.62179e-03
112  0.02271 -2.19677e-02 |113 -0.00406 -1.99606e-02 |114 -0.02601 -1.73882e-02
115 -0.04412 -1.41465e-02 |116 -0.02605 -1.42889e-02 |117 -0.08319 -6.13389e-03
118 -0.03779 -7.59728e-03 |119 -0.03194 -6.39537e-03 |120 -0.01287 -1.01388e-02
121  0.02572 -1.34545e-02 |122  0.04223 -2.13853e-02 |123 -0.01085 -1.16683e-02
124  0.01315 -2.11630e-02 |125 -0.04040 -1.21865e-02 |126 -0.02319 -1.02688e-02
127 -0.05722 -7.23681e-03 |128 -0.00764 -9.46453e-03 |129 -0.03626 -6.26080e-03
130  0.01007 -9.02028e-03 |131 -0.04179 -7.93638e-03 |132 -0.00192 -5.12540e-03
133  0.02016 -1.07679e-02 |134 -0.05977 -3.32730e-03 |135 -0.02849 -3.36650e-03
136  0.01029  2.08581e-03 |137  0.01239  4.20423e-03 |138 -0.01354  7.95161e-04
139 -0.01296  7.30250e-04 |140 -0.60946 -5.67064e-04 |141 -0.72102  2.30620e-04
142 -0.60380  3.46530e-04 |143 -0.53272 -9.89914e-05 |144  0.19476  3.67220e-04
145 -0.31657 -1.99127e-04 |146 -0.38879 -2.69626e-04 |147 -0.35526 -2.10328e-01
148  0.30612 -1.09550e-03 |149  0.05927  3.35071e-01 |150  0.14107  7.18901e-02
151  0.26849 -5.52916e-02 |152  0.00002  1.31304e-04 |153 -0.00005 -1.42050e-04
154 -0.60072 -2.48429e-01 |155 -0.62303  2.81165e-03 |156 -0.00035 -2.90550e-01
157 -0.00305  3.29792e-01 |158 -0.01990 -2.21893e-03 |159  0.01145 -1.18462e-02
160  0.91269 -1.38419e-03 |161 -0.45722  5.27502e-02 |162 -0.00002 -7.55013e-05
163  0.41350  5.45542e-04 |164 -0.11558  1.96395e-01 |165  0.11660  4.72577e-02
166 -0.47334  4.39458e-03 |167 -0.55611  4.29578e-05 |168  0.11726  2.07908e-04
169  0.00315 -3.89850e-02 |170  0.05102 -1.14089e-01 |171  0.19559  3.55973e-03
172 -0.00710 -1.47776e-01 |173 -0.01590 -9.47935e-04 |174  0.62857 -7.13562e-03
175 -0.45469 -9.58132e-02 |176  0.14322 -3.10654e-01 |177 -0.00000  5.05039e-40
178 -0.00186 -9.55989e-02 |179  0.11621 -1.82282e-02 |180  0.00014  4.11301e-05
181 -0.29531  4.23003e-04 |182 -0.60547 -3.21642e-02 |183 -0.28104 -1.09686e-03
184  0.00151 -1.46417e-01 |185 -0.00000 -3.51784e-14 |186  0.00294 -9.78375e-02
187  0.02479 -9.10198e-03 |188  0.86240 -2.76315e-03 |189  0.00000  0.00000e+00
190 -0.29700  1.95110e-03 |191  0.00004  2.16421e-04 |192 -0.69445 -1.67231e-04
193  0.00000  0.00000e+00 |194  0.07200  1.31086e-02 |195  0.00000  0.00000e+00
196  0.00149  3.47142e-02 |197 -0.39897 -1.20988e-03 |198 -0.52174  5.41131e-04
199 -0.69652  2.11110e-03 |200 -0.50554  2.62699e-04 |201  0.09608  3.91519e-04
202  0.13347  1.78853e-04 |203  0.00189 -1.53662e-02 |204  0.00216 -3.30081e-02
205  0.00000  0.00000e+00 |206 -0.54443 -5.19398e-05 |207  0.00004  2.16421e-04
208 -0.58376 -8.19453e-04 |209  0.00000  0.00000e+00 |210  0.13027 -7.35140e-04
211  0.00000  0.00000e+00 |212  0.00028  3.55970e-02 |
Estimating row 1 out of 212 for hessian
Estimating row 2 out of 212 for hessian
Estimating row 3 out of 212 for hessian
Estimating row 4 out of 212 for hessian
Estimating row 5 out of 212 for hessian
Estimating row 6 out of 212 for hessian
Estimating row 7 out of 212 for hessian
Estimating row 8 out of 212 for hessian
Estimating row 9 out of 212 for hessian
Estimating row 10 out of 212 for hessian
Estimating row 11 out of 212 for hessian
Estimating row 12 out of 212 for hessian
Estimating row 13 out of 212 for hessian
Estimating row 14 out of 212 for hessian
Estimating row 15 out of 212 for hessian
Estimating row 16 out of 212 for hessian
Estimating row 17 out of 212 for hessian
Estimating row 18 out of 212 for hessian
Estimating row 19 out of 212 for hessian
Estimating row 20 out of 212 for hessian
Estimating row 21 out of 212 for hessian
Estimating row 22 out of 212 for hessian
Estimating row 23 out of 212 for hessian
Estimating row 24 out of 212 for hessian
Estimating row 25 out of 212 for hessian
Estimating row 26 out of 212 for hessian
Estimating row 27 out of 212 for hessian
Estimating row 28 out of 212 for hessian
Estimating row 29 out of 212 for hessian
Estimating row 30 out of 212 for hessian
Estimating row 31 out of 212 for hessian
Estimating row 32 out of 212 for hessian
Estimating row 33 out of 212 for hessian
Estimating row 34 out of 212 for hessian
Estimating row 35 out of 212 for hessian
Estimating row 36 out of 212 for hessian
Estimating row 37 out of 212 for hessian
Estimating row 38 out of 212 for hessian
Estimating row 39 out of 212 for hessian
Estimating row 40 out of 212 for hessian
Estimating row 41 out of 212 for hessian
Estimating row 42 out of 212 for hessian
Estimating row 43 out of 212 for hessian
Estimating row 44 out of 212 for hessian
Estimating row 45 out of 212 for hessian
Estimating row 46 out of 212 for hessian
Estimating row 47 out of 212 for hessian
Estimating row 48 out of 212 for hessian
Estimating row 49 out of 212 for hessian
Estimating row 50 out of 212 for hessian
Estimating row 51 out of 212 for hessian
Estimating row 52 out of 212 for hessian
Estimating row 53 out of 212 for hessian
Estimating row 54 out of 212 for hessian
Estimating row 55 out of 212 for hessian
Estimating row 56 out of 212 for hessian
Estimating row 57 out of 212 for hessian
Estimating row 58 out of 212 for hessian
Estimating row 59 out of 212 for hessian
Estimating row 60 out of 212 for hessian
Estimating row 61 out of 212 for hessian
Estimating row 62 out of 212 for hessian
Estimating row 63 out of 212 for hessian
Estimating row 64 out of 212 for hessian
Estimating row 65 out of 212 for hessian
Estimating row 66 out of 212 for hessian
Estimating row 67 out of 212 for hessian
Estimating row 68 out of 212 for hessian
Estimating row 69 out of 212 for hessian
Estimating row 70 out of 212 for hessian
Estimating row 71 out of 212 for hessian
Estimating row 72 out of 212 for hessian
Estimating row 73 out of 212 for hessian
Estimating row 74 out of 212 for hessian
Estimating row 75 out of 212 for hessian
Estimating row 76 out of 212 for hessian
Estimating row 77 out of 212 for hessian
Estimating row 78 out of 212 for hessian
Estimating row 79 out of 212 for hessian
Estimating row 80 out of 212 for hessian
Estimating row 81 out of 212 for hessian
Estimating row 82 out of 212 for hessian
Estimating row 83 out of 212 for hessian
Estimating row 84 out of 212 for hessian
Estimating row 85 out of 212 for hessian
Estimating row 86 out of 212 for hessian
Estimating row 87 out of 212 for hessian
Estimating row 88 out of 212 for hessian
Estimating row 89 out of 212 for hessian
Estimating row 90 out of 212 for hessian
Estimating row 91 out of 212 for hessian
Estimating row 92 out of 212 for hessian
Estimating row 93 out of 212 for hessian
Estimating row 94 out of 212 for hessian
Estimating row 95 out of 212 for hessian
Estimating row 96 out of 212 for hessian
Estimating row 97 out of 212 for hessian
Estimating row 98 out of 212 for hessian
Estimating row 99 out of 212 for hessian
Estimating row 100 out of 212 for hessian
Estimating row 101 out of 212 for hessian
Estimating row 102 out of 212 for hessian
Estimating row 103 out of 212 for hessian
Estimating row 104 out of 212 for hessian
Estimating row 105 out of 212 for hessian
Estimating row 106 out of 212 for hessian
Estimating row 107 out of 212 for hessian
Estimating row 108 out of 212 for hessian
Estimating row 109 out of 212 for hessian
Estimating row 110 out of 212 for hessian
Estimating row 111 out of 212 for hessian
Estimating row 112 out of 212 for hessian
Estimating row 113 out of 212 for hessian
Estimating row 114 out of 212 for hessian
Estimating row 115 out of 212 for hessian
Estimating row 116 out of 212 for hessian
Estimating row 117 out of 212 for hessian
Estimating row 118 out of 212 for hessian
Estimating row 119 out of 212 for hessian
Estimating row 120 out of 212 for hessian
Estimating row 121 out of 212 for hessian
Estimating row 122 out of 212 for hessian
Estimating row 123 out of 212 for hessian
Estimating row 124 out of 212 for hessian
Estimating row 125 out of 212 for hessian
Estimating row 126 out of 212 for hessian
Estimating row 127 out of 212 for hessian
Estimating row 128 out of 212 for hessian
Estimating row 129 out of 212 for hessian
Estimating row 130 out of 212 for hessian
Estimating row 131 out of 212 for hessian
Estimating row 132 out of 212 for hessian
Estimating row 133 out of 212 for hessian
Estimating row 134 out of 212 for hessian
Estimating row 135 out of 212 for hessian
Estimating row 136 out of 212 for hessian
Estimating row 137 out of 212 for hessian
Estimating row 138 out of 212 for hessian
Estimating row 139 out of 212 for hessian
Estimating row 140 out of 212 for hessian
Estimating row 141 out of 212 for hessian
Estimating row 142 out of 212 for hessian
Estimating row 143 out of 212 for hessian
Estimating row 144 out of 212 for hessian
Estimating row 145 out of 212 for hessian
Estimating row 146 out of 212 for hessian
Estimating row 147 out of 212 for hessian
Estimating row 148 out of 212 for hessian
Estimating row 149 out of 212 for hessian
Estimating row 150 out of 212 for hessian
Estimating row 151 out of 212 for hessian
Estimating row 152 out of 212 for hessian
Estimating row 153 out of 212 for hessian
Estimating row 154 out of 212 for hessian
Estimating row 155 out of 212 for hessian
Estimating row 156 out of 212 for hessian
Estimating row 157 out of 212 for hessian
Estimating row 158 out of 212 for hessian
Estimating row 159 out of 212 for hessian
Estimating row 160 out of 212 for hessian
Estimating row 161 out of 212 for hessian
Estimating row 162 out of 212 for hessian
Estimating row 163 out of 212 for hessian
Estimating row 164 out of 212 for hessian
Estimating row 165 out of 212 for hessian
Estimating row 166 out of 212 for hessian
Estimating row 167 out of 212 for hessian
Estimating row 168 out of 212 for hessian
Estimating row 169 out of 212 for hessian
Estimating row 170 out of 212 for hessian
Estimating row 171 out of 212 for hessian
Estimating row 172 out of 212 for hessian
Estimating row 173 out of 212 for hessian
Estimating row 174 out of 212 for hessian
Estimating row 175 out of 212 for hessian
Estimating row 176 out of 212 for hessian
Estimating row 177 out of 212 for hessian
Estimating row 178 out of 212 for hessian
Estimating row 179 out of 212 for hessian
Estimating row 180 out of 212 for hessian
Estimating row 181 out of 212 for hessian
Estimating row 182 out of 212 for hessian
Estimating row 183 out of 212 for hessian
Estimating row 184 out of 212 for hessian
Estimating row 185 out of 212 for hessian
Estimating row 186 out of 212 for hessian
Estimating row 187 out of 212 for hessian
Estimating row 188 out of 212 for hessian
Estimating row 189 out of 212 for hessian
Estimating row 190 out of 212 for hessian
Estimating row 191 out of 212 for hessian
Estimating row 192 out of 212 for hessian
Estimating row 193 out of 212 for hessian
Estimating row 194 out of 212 for hessian
Estimating row 195 out of 212 for hessian
Estimating row 196 out of 212 for hessian
Estimating row 197 out of 212 for hessian
Estimating row 198 out of 212 for hessian
Estimating row 199 out of 212 for hessian
Estimating row 200 out of 212 for hessian
Estimating row 201 out of 212 for hessian
Estimating row 202 out of 212 for hessian
Estimating row 203 out of 212 for hessian
Estimating row 204 out of 212 for hessian
Estimating row 205 out of 212 for hessian
Estimating row 206 out of 212 for hessian
Estimating row 207 out of 212 for hessian
Estimating row 208 out of 212 for hessian
Estimating row 209 out of 212 for hessian
Estimating row 210 out of 212 for hessian
Estimating row 211 out of 212 for hessian
Estimating row 212 out of 212 for hessian
