#C data file for lobster (wales)
#C file created using an r4ss function
#C file write time: 2026-06-11  17:24:27
#
1950 #_styr
2074 #_endyr
1 #_nseas
12 #_months_per_seas
2 #_Nsubseasons
1 #_spawn_month
2 #_Nsexes
20 #_Nages
1 #_N_areas
9 #_Nfleets
#_fleetinfo
#_type	surveytiming	area	units	need_catch_mult	fleetname
3	 1	1	1	0	Observer_inshore_u10        	#_1
1	-1	1	1	0	Pot_fisheries_historical    	#_2
1	-1	1	1	0	Pot_fisheries_u10           	#_3
1	-1	1	1	0	Pot_fisheries_10to12        	#_4
1	-1	1	1	0	Pot_fisheries_o12           	#_5
1	-1	1	1	0	Bycatch_fisheries_historical	#_6
1	-1	1	1	0	Bycatch_fisheries_gillnet   	#_7
1	-1	1	1	0	Bycatch_fisheries_trawl     	#_8
3	 1	1	2	0	Observer_prerecruit_u10     	#_9
#_Catch data
#_year	season	fleet	catch	catch_se
 -999	1	2	  81.6924	  0.3	#_1         
 1950	1	2	   11.206	0.005	#_2         
 1951	1	2	  6.42058	0.005	#_3         
 1952	1	2	  4.24526	0.005	#_4         
 1953	1	2	  5.27002	0.005	#_5         
 1954	1	2	  6.28216	0.005	#_6         
 1955	1	2	   3.1504	0.005	#_7         
 1956	1	2	  6.75768	0.005	#_8         
 1957	1	2	   7.2864	0.005	#_9         
 1958	1	2	  5.17936	0.005	#_10        
 1959	1	2	  43.7975	0.005	#_11        
 1960	1	2	   4.6552	0.005	#_12        
 1961	1	2	  5.74129	0.005	#_13        
 1962	1	2	  44.8902	0.005	#_14        
 1963	1	2	  68.0635	0.005	#_15        
 1964	1	2	  75.1273	0.005	#_16        
 1965	1	2	   67.231	0.005	#_17        
 1966	1	2	  85.2079	0.005	#_18        
 1967	1	2	  79.6472	0.005	#_19        
 1968	1	2	  77.8803	0.005	#_20        
 1969	1	2	  96.0014	0.005	#_21        
 1970	1	2	  109.934	0.005	#_22        
 1971	1	2	  117.466	0.005	#_23        
 1972	1	2	  97.3112	0.005	#_24        
 1973	1	2	  113.091	0.005	#_25        
 1974	1	2	  84.4078	0.005	#_26        
 1975	1	2	  59.5819	0.005	#_27        
 1976	1	2	  62.5122	0.005	#_28        
 1977	1	2	  42.6851	0.005	#_29        
 1978	1	2	  32.4308	0.005	#_30        
 1979	1	2	  49.3969	0.005	#_31        
 1980	1	2	  24.7234	0.005	#_32        
 1981	1	2	  48.4533	0.005	#_33        
 1982	1	2	  68.3829	0.005	#_34        
 1983	1	2	  46.7301	0.005	#_35        
 1984	1	2	  47.6868	0.005	#_36        
 1985	1	2	  80.2612	0.005	#_37        
 1986	1	2	   29.021	0.005	#_38        
 1987	1	2	  95.1312	0.005	#_39        
 1988	1	2	  148.536	0.005	#_40        
 1989	1	2	   242.48	0.005	#_41        
 1990	1	2	  238.382	0.005	#_42        
 1991	1	2	  43.3989	0.005	#_43        
 1992	1	2	  35.7058	0.005	#_44        
 1993	1	2	  127.268	0.005	#_45        
 1994	1	2	  29.7119	0.005	#_46        
 1995	1	2	  27.9472	0.005	#_47        
 1996	1	2	  29.9082	0.005	#_48        
 1997	1	2	  47.5219	0.005	#_49        
 1998	1	2	  31.8029	0.005	#_50        
 1999	1	2	  41.3529	0.005	#_51        
 2000	1	2	  343.146	0.005	#_52        
 2001	1	2	   103.34	0.005	#_53        
 2002	1	2	  117.422	0.005	#_54        
 2003	1	2	  195.595	0.005	#_55        
 2004	1	2	  91.8947	0.005	#_56        
 2005	1	2	  557.096	0.005	#_57        
 2006	1	2	        0	 0.01	#_58        
 2007	1	2	        0	 0.01	#_59        
 2008	1	2	        0	 0.01	#_60        
 2009	1	2	        0	 0.01	#_61        
 2010	1	2	        0	 0.01	#_62        
 2011	1	2	        0	 0.01	#_63        
 2012	1	2	        0	 0.01	#_64        
 2013	1	2	        0	 0.01	#_65        
 2014	1	2	        0	 0.01	#_66        
 2015	1	2	        0	 0.01	#_67        
 2016	1	2	        0	 0.01	#_68        
 2017	1	2	        0	 0.01	#_69        
 2018	1	2	        0	 0.01	#_70        
 2019	1	2	        0	 0.01	#_71        
 2020	1	2	        0	 0.01	#_72        
 2021	1	2	        0	 0.01	#_73        
 2022	1	2	        0	 0.01	#_74        
 2023	1	2	        0	 0.01	#_75        
 2024	1	2	        0	 0.01	#_76        
 2025	1	2	        0	 0.01	#_77        
 2026	1	2	        0	 0.01	#_78        
 2027	1	2	        0	 0.01	#_79        
 2028	1	2	        0	 0.01	#_80        
 2029	1	2	        0	 0.01	#_81        
 2030	1	2	        0	 0.01	#_82        
 2031	1	2	        0	 0.01	#_83        
 2032	1	2	        0	 0.01	#_84        
 2033	1	2	        0	 0.01	#_85        
 2034	1	2	        0	 0.01	#_86        
 2035	1	2	        0	 0.01	#_87        
 2036	1	2	        0	 0.01	#_88        
 2037	1	2	        0	 0.01	#_89        
 2038	1	2	        0	 0.01	#_90        
 2039	1	2	        0	 0.01	#_91        
 2040	1	2	        0	 0.01	#_92        
 2041	1	2	        0	 0.01	#_93        
 2042	1	2	        0	 0.01	#_94        
 2043	1	2	        0	 0.01	#_95        
 2044	1	2	        0	 0.01	#_96        
 2045	1	2	        0	 0.01	#_97        
 2046	1	2	        0	 0.01	#_98        
 2047	1	2	        0	 0.01	#_99        
 2048	1	2	        0	 0.01	#_100       
 2049	1	2	        0	 0.01	#_101       
 2050	1	2	        0	 0.01	#_102       
 2051	1	2	        0	 0.01	#_103       
 2052	1	2	        0	 0.01	#_104       
 2053	1	2	        0	 0.01	#_105       
 2054	1	2	        0	 0.01	#_106       
 2055	1	2	        0	 0.01	#_107       
 2056	1	2	        0	 0.01	#_108       
 2057	1	2	        0	 0.01	#_109       
 2058	1	2	        0	 0.01	#_110       
 2059	1	2	        0	 0.01	#_111       
 2060	1	2	        0	 0.01	#_112       
 2061	1	2	        0	 0.01	#_113       
 2062	1	2	        0	 0.01	#_114       
 2063	1	2	        0	 0.01	#_115       
 2064	1	2	        0	 0.01	#_116       
 2065	1	2	        0	 0.01	#_117       
 2066	1	2	        0	 0.01	#_118       
 2067	1	2	        0	 0.01	#_119       
 2068	1	2	        0	 0.01	#_120       
 2069	1	2	        0	 0.01	#_121       
 2070	1	2	        0	 0.01	#_122       
 2071	1	2	        0	 0.01	#_123       
 2072	1	2	        0	 0.01	#_124       
 2073	1	2	        0	 0.01	#_125       
 2074	1	2	        0	 0.01	#_126       
 -999	1	3	        0	 0.01	#_127       
 1950	1	3	        0	 0.01	#_128       
 1951	1	3	        0	 0.01	#_129       
 1952	1	3	        0	 0.01	#_130       
 1953	1	3	        0	 0.01	#_131       
 1954	1	3	        0	 0.01	#_132       
 1955	1	3	        0	 0.01	#_133       
 1956	1	3	        0	 0.01	#_134       
 1957	1	3	        0	 0.01	#_135       
 1958	1	3	        0	 0.01	#_136       
 1959	1	3	        0	 0.01	#_137       
 1960	1	3	        0	 0.01	#_138       
 1961	1	3	        0	 0.01	#_139       
 1962	1	3	        0	 0.01	#_140       
 1963	1	3	        0	 0.01	#_141       
 1964	1	3	        0	 0.01	#_142       
 1965	1	3	        0	 0.01	#_143       
 1966	1	3	        0	 0.01	#_144       
 1967	1	3	        0	 0.01	#_145       
 1968	1	3	        0	 0.01	#_146       
 1969	1	3	        0	 0.01	#_147       
 1970	1	3	        0	 0.01	#_148       
 1971	1	3	        0	 0.01	#_149       
 1972	1	3	        0	 0.01	#_150       
 1973	1	3	        0	 0.01	#_151       
 1974	1	3	        0	 0.01	#_152       
 1975	1	3	        0	 0.01	#_153       
 1976	1	3	        0	 0.01	#_154       
 1977	1	3	        0	 0.01	#_155       
 1978	1	3	        0	 0.01	#_156       
 1979	1	3	        0	 0.01	#_157       
 1980	1	3	        0	 0.01	#_158       
 1981	1	3	        0	 0.01	#_159       
 1982	1	3	        0	 0.01	#_160       
 1983	1	3	        0	 0.01	#_161       
 1984	1	3	        0	 0.01	#_162       
 1985	1	3	        0	 0.01	#_163       
 1986	1	3	        0	 0.01	#_164       
 1987	1	3	        0	 0.01	#_165       
 1988	1	3	        0	 0.01	#_166       
 1989	1	3	        0	 0.01	#_167       
 1990	1	3	        0	 0.01	#_168       
 1991	1	3	        0	 0.01	#_169       
 1992	1	3	        0	 0.01	#_170       
 1993	1	3	        0	 0.01	#_171       
 1994	1	3	        0	 0.01	#_172       
 1995	1	3	        0	 0.01	#_173       
 1996	1	3	        0	 0.01	#_174       
 1997	1	3	        0	 0.01	#_175       
 1998	1	3	        0	 0.01	#_176       
 1999	1	3	        0	 0.01	#_177       
 2000	1	3	        0	 0.01	#_178       
 2001	1	3	        0	 0.01	#_179       
 2002	1	3	        0	 0.01	#_180       
 2003	1	3	        0	 0.01	#_181       
 2004	1	3	        0	 0.01	#_182       
 2005	1	3	        0	 0.01	#_183       
 2006	1	3	  355.969	0.005	#_184       
 2007	1	3	  332.476	0.005	#_185       
 2008	1	3	  196.726	0.005	#_186       
 2009	1	3	  51.2201	0.005	#_187       
 2010	1	3	  68.9374	0.005	#_188       
 2011	1	3	  72.8737	0.005	#_189       
 2012	1	3	   84.637	0.005	#_190       
 2013	1	3	  55.1087	0.005	#_191       
 2014	1	3	  63.5485	0.005	#_192       
 2015	1	3	  80.9316	0.005	#_193       
 2016	1	3	  77.2326	0.005	#_194       
 2017	1	3	  121.551	0.005	#_195       
 2018	1	3	  120.031	0.005	#_196       
 2019	1	3	  84.6289	0.005	#_197       
 2020	1	3	  90.3766	0.005	#_198       
 2021	1	3	  70.6409	0.005	#_199       
 2022	1	3	  73.9338	0.005	#_200       
 2023	1	3	  61.9333	0.005	#_201       
 2024	1	3	  53.9161	0.005	#_202       
 2025	1	3	  174.439	0.005	#_203       
 2026	1	3	   176.09	0.005	#_204       
 2027	1	3	   140.68	0.005	#_205       
 2028	1	3	  93.9028	0.005	#_206       
 2029	1	3	  100.547	0.005	#_207       
 2030	1	3	  105.518	0.005	#_208       
 2031	1	3	  93.2512	0.005	#_209       
 2032	1	3	  63.9602	0.005	#_210       
 2033	1	3	  91.0459	0.005	#_211       
 2034	1	3	  90.3569	0.005	#_212       
 2035	1	3	  70.8369	0.005	#_213       
 2036	1	3	  67.7664	0.005	#_214       
 2037	1	3	  82.6732	0.005	#_215       
 2038	1	3	  91.6535	0.005	#_216       
 2039	1	3	  94.6679	0.005	#_217       
 2040	1	3	  100.106	0.005	#_218       
 2041	1	3	  93.6292	0.005	#_219       
 2042	1	3	  81.9671	0.005	#_220       
 2043	1	3	  98.3939	0.005	#_221       
 2044	1	3	  99.1586	0.005	#_222       
 2045	1	3	  130.775	0.005	#_223       
 2046	1	3	  114.806	0.005	#_224       
 2047	1	3	  78.0804	0.005	#_225       
 2048	1	3	  80.1185	0.005	#_226       
 2049	1	3	  102.513	0.005	#_227       
 2050	1	3	   144.93	0.005	#_228       
 2051	1	3	  112.141	0.005	#_229       
 2052	1	3	  101.349	0.005	#_230       
 2053	1	3	   113.74	0.005	#_231       
 2054	1	3	   146.32	0.005	#_232       
 2055	1	3	  124.026	0.005	#_233       
 2056	1	3	  101.071	0.005	#_234       
 2057	1	3	  80.0905	0.005	#_235       
 2058	1	3	  89.0953	0.005	#_236       
 2059	1	3	  97.0762	0.005	#_237       
 2060	1	3	  82.9406	0.005	#_238       
 2061	1	3	  67.2631	0.005	#_239       
 2062	1	3	  72.9156	0.005	#_240       
 2063	1	3	  82.5082	0.005	#_241       
 2064	1	3	  131.209	0.005	#_242       
 2065	1	3	  191.262	0.005	#_243       
 2066	1	3	  139.209	0.005	#_244       
 2067	1	3	  122.748	0.005	#_245       
 2068	1	3	   122.38	0.005	#_246       
 2069	1	3	  96.9956	0.005	#_247       
 2070	1	3	  79.2293	0.005	#_248       
 2071	1	3	  118.159	0.005	#_249       
 2072	1	3	   101.46	0.005	#_250       
 2073	1	3	  95.7276	0.005	#_251       
 2074	1	3	  135.202	0.005	#_252       
 -999	1	4	        0	 0.01	#_253       
 1950	1	4	        0	 0.01	#_254       
 1951	1	4	        0	 0.01	#_255       
 1952	1	4	        0	 0.01	#_256       
 1953	1	4	        0	 0.01	#_257       
 1954	1	4	        0	 0.01	#_258       
 1955	1	4	        0	 0.01	#_259       
 1956	1	4	        0	 0.01	#_260       
 1957	1	4	        0	 0.01	#_261       
 1958	1	4	        0	 0.01	#_262       
 1959	1	4	        0	 0.01	#_263       
 1960	1	4	        0	 0.01	#_264       
 1961	1	4	        0	 0.01	#_265       
 1962	1	4	        0	 0.01	#_266       
 1963	1	4	        0	 0.01	#_267       
 1964	1	4	        0	 0.01	#_268       
 1965	1	4	        0	 0.01	#_269       
 1966	1	4	        0	 0.01	#_270       
 1967	1	4	        0	 0.01	#_271       
 1968	1	4	        0	 0.01	#_272       
 1969	1	4	        0	 0.01	#_273       
 1970	1	4	        0	 0.01	#_274       
 1971	1	4	        0	 0.01	#_275       
 1972	1	4	        0	 0.01	#_276       
 1973	1	4	        0	 0.01	#_277       
 1974	1	4	        0	 0.01	#_278       
 1975	1	4	        0	 0.01	#_279       
 1976	1	4	        0	 0.01	#_280       
 1977	1	4	        0	 0.01	#_281       
 1978	1	4	        0	 0.01	#_282       
 1979	1	4	        0	 0.01	#_283       
 1980	1	4	        0	 0.01	#_284       
 1981	1	4	        0	 0.01	#_285       
 1982	1	4	        0	 0.01	#_286       
 1983	1	4	        0	 0.01	#_287       
 1984	1	4	        0	 0.01	#_288       
 1985	1	4	        0	 0.01	#_289       
 1986	1	4	        0	 0.01	#_290       
 1987	1	4	        0	 0.01	#_291       
 1988	1	4	        0	 0.01	#_292       
 1989	1	4	        0	 0.01	#_293       
 1990	1	4	        0	 0.01	#_294       
 1991	1	4	        0	 0.01	#_295       
 1992	1	4	        0	 0.01	#_296       
 1993	1	4	        0	 0.01	#_297       
 1994	1	4	        0	 0.01	#_298       
 1995	1	4	        0	 0.01	#_299       
 1996	1	4	        0	 0.01	#_300       
 1997	1	4	        0	 0.01	#_301       
 1998	1	4	        0	 0.01	#_302       
 1999	1	4	        0	 0.01	#_303       
 2000	1	4	        0	 0.01	#_304       
 2001	1	4	        0	 0.01	#_305       
 2002	1	4	        0	 0.01	#_306       
 2003	1	4	        0	 0.01	#_307       
 2004	1	4	        0	 0.01	#_308       
 2005	1	4	        0	 0.01	#_309       
 2006	1	4	  35.1332	0.005	#_310       
 2007	1	4	  12.9906	0.005	#_311       
 2008	1	4	  4.67772	0.005	#_312       
 2009	1	4	  10.8964	0.005	#_313       
 2010	1	4	  18.5683	0.005	#_314       
 2011	1	4	  18.9721	0.005	#_315       
 2012	1	4	  27.5816	0.005	#_316       
 2013	1	4	  20.6498	0.005	#_317       
 2014	1	4	  19.9036	0.005	#_318       
 2015	1	4	  23.4628	0.005	#_319       
 2016	1	4	  20.9335	0.005	#_320       
 2017	1	4	  20.2927	0.005	#_321       
 2018	1	4	  25.8207	0.005	#_322       
 2019	1	4	  24.8451	0.005	#_323       
 2020	1	4	  30.7257	0.005	#_324       
 2021	1	4	  20.7689	0.005	#_325       
 2022	1	4	  21.5481	0.005	#_326       
 2023	1	4	  16.8363	0.005	#_327       
 2024	1	4	  12.2003	0.005	#_328       
 2025	1	4	  50.2713	0.005	#_329       
 2026	1	4	  48.0023	0.005	#_330       
 2027	1	4	  35.2117	0.005	#_331       
 2028	1	4	  25.7238	0.005	#_332       
 2029	1	4	  29.4464	0.005	#_333       
 2030	1	4	  29.1417	0.005	#_334       
 2031	1	4	   23.918	0.005	#_335       
 2032	1	4	  19.3149	0.005	#_336       
 2033	1	4	  27.2261	0.005	#_337       
 2034	1	4	  25.7245	0.005	#_338       
 2035	1	4	   26.428	0.005	#_339       
 2036	1	4	  25.5294	0.005	#_340       
 2037	1	4	  31.3531	0.005	#_341       
 2038	1	4	  34.7762	0.005	#_342       
 2039	1	4	   35.454	0.005	#_343       
 2040	1	4	  37.9194	0.005	#_344       
 2041	1	4	  35.2694	0.005	#_345       
 2042	1	4	  31.1802	0.005	#_346       
 2043	1	4	   37.259	0.005	#_347       
 2044	1	4	  37.4517	0.005	#_348       
 2045	1	4	  49.6125	0.005	#_349       
 2046	1	4	  43.2578	0.005	#_350       
 2047	1	4	  29.3976	0.005	#_351       
 2048	1	4	  30.2274	0.005	#_352       
 2049	1	4	  38.3251	0.005	#_353       
 2050	1	4	  54.7667	0.005	#_354       
 2051	1	4	    41.74	0.005	#_355       
 2052	1	4	  38.2556	0.005	#_356       
 2053	1	4	  42.4829	0.005	#_357       
 2054	1	4	  54.9053	0.005	#_358       
 2055	1	4	  46.9221	0.005	#_359       
 2056	1	4	  38.0789	0.005	#_360       
 2057	1	4	  29.9345	0.005	#_361       
 2058	1	4	   33.507	0.005	#_362       
 2059	1	4	  37.0016	0.005	#_363       
 2060	1	4	  31.4118	0.005	#_364       
 2061	1	4	  25.5125	0.005	#_365       
 2062	1	4	  27.6566	0.005	#_366       
 2063	1	4	  31.0269	0.005	#_367       
 2064	1	4	  49.4077	0.005	#_368       
 2065	1	4	  72.7436	0.005	#_369       
 2066	1	4	  51.7884	0.005	#_370       
 2067	1	4	  46.5931	0.005	#_371       
 2068	1	4	  46.0831	0.005	#_372       
 2069	1	4	  36.5517	0.005	#_373       
 2070	1	4	  29.7646	0.005	#_374       
 2071	1	4	  44.7269	0.005	#_375       
 2072	1	4	  37.8985	0.005	#_376       
 2073	1	4	  35.8829	0.005	#_377       
 2074	1	4	  50.9642	0.005	#_378       
 -999	1	5	        0	 0.01	#_379       
 1950	1	5	        0	 0.01	#_380       
 1951	1	5	        0	 0.01	#_381       
 1952	1	5	        0	 0.01	#_382       
 1953	1	5	        0	 0.01	#_383       
 1954	1	5	        0	 0.01	#_384       
 1955	1	5	        0	 0.01	#_385       
 1956	1	5	        0	 0.01	#_386       
 1957	1	5	        0	 0.01	#_387       
 1958	1	5	        0	 0.01	#_388       
 1959	1	5	        0	 0.01	#_389       
 1960	1	5	        0	 0.01	#_390       
 1961	1	5	        0	 0.01	#_391       
 1962	1	5	        0	 0.01	#_392       
 1963	1	5	        0	 0.01	#_393       
 1964	1	5	        0	 0.01	#_394       
 1965	1	5	        0	 0.01	#_395       
 1966	1	5	        0	 0.01	#_396       
 1967	1	5	        0	 0.01	#_397       
 1968	1	5	        0	 0.01	#_398       
 1969	1	5	        0	 0.01	#_399       
 1970	1	5	        0	 0.01	#_400       
 1971	1	5	        0	 0.01	#_401       
 1972	1	5	        0	 0.01	#_402       
 1973	1	5	        0	 0.01	#_403       
 1974	1	5	        0	 0.01	#_404       
 1975	1	5	        0	 0.01	#_405       
 1976	1	5	        0	 0.01	#_406       
 1977	1	5	        0	 0.01	#_407       
 1978	1	5	        0	 0.01	#_408       
 1979	1	5	        0	 0.01	#_409       
 1980	1	5	        0	 0.01	#_410       
 1981	1	5	        0	 0.01	#_411       
 1982	1	5	        0	 0.01	#_412       
 1983	1	5	        0	 0.01	#_413       
 1984	1	5	        0	 0.01	#_414       
 1985	1	5	        0	 0.01	#_415       
 1986	1	5	        0	 0.01	#_416       
 1987	1	5	        0	 0.01	#_417       
 1988	1	5	        0	 0.01	#_418       
 1989	1	5	        0	 0.01	#_419       
 1990	1	5	        0	 0.01	#_420       
 1991	1	5	        0	 0.01	#_421       
 1992	1	5	        0	 0.01	#_422       
 1993	1	5	        0	 0.01	#_423       
 1994	1	5	        0	 0.01	#_424       
 1995	1	5	        0	 0.01	#_425       
 1996	1	5	        0	 0.01	#_426       
 1997	1	5	        0	 0.01	#_427       
 1998	1	5	        0	 0.01	#_428       
 1999	1	5	        0	 0.01	#_429       
 2000	1	5	        0	 0.01	#_430       
 2001	1	5	        0	 0.01	#_431       
 2002	1	5	        0	 0.01	#_432       
 2003	1	5	        0	 0.01	#_433       
 2004	1	5	        0	 0.01	#_434       
 2005	1	5	        0	 0.01	#_435       
 2006	1	5	        0	 0.01	#_436       
 2007	1	5	 0.971551	0.005	#_437       
 2008	1	5	   1.3973	0.005	#_438       
 2009	1	5	  3.36183	0.005	#_439       
 2010	1	5	  4.66805	0.005	#_440       
 2011	1	5	  2.39528	0.005	#_441       
 2012	1	5	  0.67055	0.005	#_442       
 2013	1	5	  1.78925	0.005	#_443       
 2014	1	5	  1.03801	0.005	#_444       
 2015	1	5	  1.59852	0.005	#_445       
 2016	1	5	  2.01069	0.005	#_446       
 2017	1	5	  7.32433	0.005	#_447       
 2018	1	5	  3.82113	0.005	#_448       
 2019	1	5	  2.30549	0.005	#_449       
 2020	1	5	  1.24642	0.005	#_450       
 2021	1	5	  1.29925	0.005	#_451       
 2022	1	5	  1.34531	0.005	#_452       
 2023	1	5	  1.57289	0.005	#_453       
 2024	1	5	  3.12729	0.005	#_454       
 2025	1	5	  3.20398	0.005	#_455       
 2026	1	5	  2.85699	0.005	#_456       
 2027	1	5	  2.08584	0.005	#_457       
 2028	1	5	  1.77099	0.005	#_458       
 2029	1	5	  1.90118	0.005	#_459       
 2030	1	5	  1.80527	0.005	#_460       
 2031	1	5	  1.42282	0.005	#_461       
 2032	1	5	  1.41772	0.005	#_462       
 2033	1	5	  1.70323	0.005	#_463       
 2034	1	5	  1.65731	0.005	#_464       
 2035	1	5	  1.65206	0.005	#_465       
 2036	1	5	  1.72858	0.005	#_466       
 2037	1	5	  2.08639	0.005	#_467       
 2038	1	5	  2.21523	0.005	#_468       
 2039	1	5	  2.31154	0.005	#_469       
 2040	1	5	  2.40704	0.005	#_470       
 2041	1	5	  2.14067	0.005	#_471       
 2042	1	5	   2.1408	0.005	#_472       
 2043	1	5	  2.31399	0.005	#_473       
 2044	1	5	  2.66525	0.005	#_474       
 2045	1	5	  3.10016	0.005	#_475       
 2046	1	5	  2.48669	0.005	#_476       
 2047	1	5	  1.91503	0.005	#_477       
 2048	1	5	  2.01716	0.005	#_478       
 2049	1	5	  2.87856	0.005	#_479       
 2050	1	5	  3.25813	0.005	#_480       
 2051	1	5	  2.59395	0.005	#_481       
 2052	1	5	  2.49848	0.005	#_482       
 2053	1	5	  3.04407	0.005	#_483       
 2054	1	5	    3.406	0.005	#_484       
 2055	1	5	  2.85793	0.005	#_485       
 2056	1	5	  2.30333	0.005	#_486       
 2057	1	5	  2.01629	0.005	#_487       
 2058	1	5	  2.26545	0.005	#_488       
 2059	1	5	  2.28503	0.005	#_489       
 2060	1	5	   1.8992	0.005	#_490       
 2061	1	5	  1.67657	0.005	#_491       
 2062	1	5	  1.79569	0.005	#_492       
 2063	1	5	  2.23806	0.005	#_493       
 2064	1	5	   3.7501	0.005	#_494       
 2065	1	5	  4.22878	0.005	#_495       
 2066	1	5	  3.21149	0.005	#_496       
 2067	1	5	  3.03833	0.005	#_497       
 2068	1	5	  2.84835	0.005	#_498       
 2069	1	5	  2.13778	0.005	#_499       
 2070	1	5	  2.30204	0.005	#_500       
 2071	1	5	   2.7718	0.005	#_501       
 2072	1	5	  2.30376	0.005	#_502       
 2073	1	5	  2.68359	0.005	#_503       
 2074	1	5	  3.04619	0.005	#_504       
 -999	1	6	        0	 0.01	#_505       
 1950	1	6	  1.08509	0.005	#_506       
 1951	1	6	  1.09649	0.005	#_507       
 1952	1	6	  1.10321	0.005	#_508       
 1953	1	6	  1.09846	0.005	#_509       
 1954	1	6	  1.08238	0.005	#_510       
 1955	1	6	  1.08982	0.005	#_511       
 1956	1	6	  1.09101	0.005	#_512       
 1957	1	6	  1.10637	0.005	#_513       
 1958	1	6	  1.08203	0.005	#_514       
 1959	1	6	  1.07937	0.005	#_515       
 1960	1	6	  1.08725	0.005	#_516       
 1961	1	6	  1.08857	0.005	#_517       
 1962	1	6	  1.10012	0.005	#_518       
 1963	1	6	  1.06231	0.005	#_519       
 1964	1	6	  1.08584	0.005	#_520       
 1965	1	6	  1.08237	0.005	#_521       
 1966	1	6	  1.07506	0.005	#_522       
 1967	1	6	    1.085	0.005	#_523       
 1968	1	6	   1.0911	0.005	#_524       
 1969	1	6	   1.0925	0.005	#_525       
 1970	1	6	  1.10306	0.005	#_526       
 1971	1	6	  1.08854	0.005	#_527       
 1972	1	6	  1.08516	0.005	#_528       
 1973	1	6	  1.09231	0.005	#_529       
 1974	1	6	  1.08674	0.005	#_530       
 1975	1	6	  1.10688	0.005	#_531       
 1976	1	6	  1.09804	0.005	#_532       
 1977	1	6	   1.1087	0.005	#_533       
 1978	1	6	  1.10082	0.005	#_534       
 1979	1	6	  1.09636	0.005	#_535       
 1980	1	6	  1.10731	0.005	#_536       
 1981	1	6	  1.10318	0.005	#_537       
 1982	1	6	  1.10852	0.005	#_538       
 1983	1	6	  1.08549	0.005	#_539       
 1984	1	6	   1.0843	0.005	#_540       
 1985	1	6	  1.09307	0.005	#_541       
 1986	1	6	  1.05175	0.005	#_542       
 1987	1	6	 0.993621	0.005	#_543       
 1988	1	6	 0.974064	0.005	#_544       
 1989	1	6	 0.950656	0.005	#_545       
 1990	1	6	 0.914275	0.005	#_546       
 1991	1	6	 0.863238	0.005	#_547       
 1992	1	6	 0.797009	0.005	#_548       
 1993	1	6	 0.742516	0.005	#_549       
 1994	1	6	 0.672199	0.005	#_550       
 1995	1	6	 0.597549	0.005	#_551       
 1996	1	6	 0.575633	0.005	#_552       
 1997	1	6	 0.563102	0.005	#_553       
 1998	1	6	 0.563076	0.005	#_554       
 1999	1	6	 0.606194	0.005	#_555       
 2000	1	6	 0.627769	0.005	#_556       
 2001	1	6	 0.631399	0.005	#_557       
 2002	1	6	 0.669105	0.005	#_558       
 2003	1	6	 0.707222	0.005	#_559       
 2004	1	6	 0.732748	0.005	#_560       
 2005	1	6	 0.747283	0.005	#_561       
 2006	1	6	        0	 0.01	#_562       
 2007	1	6	        0	 0.01	#_563       
 2008	1	6	        0	 0.01	#_564       
 2009	1	6	        0	 0.01	#_565       
 2010	1	6	        0	 0.01	#_566       
 2011	1	6	        0	 0.01	#_567       
 2012	1	6	        0	 0.01	#_568       
 2013	1	6	        0	 0.01	#_569       
 2014	1	6	        0	 0.01	#_570       
 2015	1	6	        0	 0.01	#_571       
 2016	1	6	        0	 0.01	#_572       
 2017	1	6	        0	 0.01	#_573       
 2018	1	6	        0	 0.01	#_574       
 2019	1	6	        0	 0.01	#_575       
 2020	1	6	        0	 0.01	#_576       
 2021	1	6	        0	 0.01	#_577       
 2022	1	6	        0	 0.01	#_578       
 2023	1	6	        0	 0.01	#_579       
 2024	1	6	        0	 0.01	#_580       
 2025	1	6	        0	 0.01	#_581       
 2026	1	6	        0	 0.01	#_582       
 2027	1	6	        0	 0.01	#_583       
 2028	1	6	        0	 0.01	#_584       
 2029	1	6	        0	 0.01	#_585       
 2030	1	6	        0	 0.01	#_586       
 2031	1	6	        0	 0.01	#_587       
 2032	1	6	        0	 0.01	#_588       
 2033	1	6	        0	 0.01	#_589       
 2034	1	6	        0	 0.01	#_590       
 2035	1	6	        0	 0.01	#_591       
 2036	1	6	        0	 0.01	#_592       
 2037	1	6	        0	 0.01	#_593       
 2038	1	6	        0	 0.01	#_594       
 2039	1	6	        0	 0.01	#_595       
 2040	1	6	        0	 0.01	#_596       
 2041	1	6	        0	 0.01	#_597       
 2042	1	6	        0	 0.01	#_598       
 2043	1	6	        0	 0.01	#_599       
 2044	1	6	        0	 0.01	#_600       
 2045	1	6	        0	 0.01	#_601       
 2046	1	6	        0	 0.01	#_602       
 2047	1	6	        0	 0.01	#_603       
 2048	1	6	        0	 0.01	#_604       
 2049	1	6	        0	 0.01	#_605       
 2050	1	6	        0	 0.01	#_606       
 2051	1	6	        0	 0.01	#_607       
 2052	1	6	        0	 0.01	#_608       
 2053	1	6	        0	 0.01	#_609       
 2054	1	6	        0	 0.01	#_610       
 2055	1	6	        0	 0.01	#_611       
 2056	1	6	        0	 0.01	#_612       
 2057	1	6	        0	 0.01	#_613       
 2058	1	6	        0	 0.01	#_614       
 2059	1	6	        0	 0.01	#_615       
 2060	1	6	        0	 0.01	#_616       
 2061	1	6	        0	 0.01	#_617       
 2062	1	6	        0	 0.01	#_618       
 2063	1	6	        0	 0.01	#_619       
 2064	1	6	        0	 0.01	#_620       
 2065	1	6	        0	 0.01	#_621       
 2066	1	6	        0	 0.01	#_622       
 2067	1	6	        0	 0.01	#_623       
 2068	1	6	        0	 0.01	#_624       
 2069	1	6	        0	 0.01	#_625       
 2070	1	6	        0	 0.01	#_626       
 2071	1	6	        0	 0.01	#_627       
 2072	1	6	        0	 0.01	#_628       
 2073	1	6	        0	 0.01	#_629       
 2074	1	6	        0	 0.01	#_630       
 -999	1	7	        0	 0.01	#_631       
 1950	1	7	        0	 0.01	#_632       
 1951	1	7	        0	 0.01	#_633       
 1952	1	7	        0	 0.01	#_634       
 1953	1	7	        0	 0.01	#_635       
 1954	1	7	        0	 0.01	#_636       
 1955	1	7	        0	 0.01	#_637       
 1956	1	7	        0	 0.01	#_638       
 1957	1	7	        0	 0.01	#_639       
 1958	1	7	        0	 0.01	#_640       
 1959	1	7	        0	 0.01	#_641       
 1960	1	7	        0	 0.01	#_642       
 1961	1	7	        0	 0.01	#_643       
 1962	1	7	        0	 0.01	#_644       
 1963	1	7	        0	 0.01	#_645       
 1964	1	7	        0	 0.01	#_646       
 1965	1	7	        0	 0.01	#_647       
 1966	1	7	        0	 0.01	#_648       
 1967	1	7	        0	 0.01	#_649       
 1968	1	7	        0	 0.01	#_650       
 1969	1	7	        0	 0.01	#_651       
 1970	1	7	        0	 0.01	#_652       
 1971	1	7	        0	 0.01	#_653       
 1972	1	7	        0	 0.01	#_654       
 1973	1	7	        0	 0.01	#_655       
 1974	1	7	        0	 0.01	#_656       
 1975	1	7	        0	 0.01	#_657       
 1976	1	7	        0	 0.01	#_658       
 1977	1	7	        0	 0.01	#_659       
 1978	1	7	        0	 0.01	#_660       
 1979	1	7	        0	 0.01	#_661       
 1980	1	7	        0	 0.01	#_662       
 1981	1	7	        0	 0.01	#_663       
 1982	1	7	        0	 0.01	#_664       
 1983	1	7	        0	 0.01	#_665       
 1984	1	7	        0	 0.01	#_666       
 1985	1	7	        0	 0.01	#_667       
 1986	1	7	        0	 0.01	#_668       
 1987	1	7	        0	 0.01	#_669       
 1988	1	7	        0	 0.01	#_670       
 1989	1	7	        0	 0.01	#_671       
 1990	1	7	        0	 0.01	#_672       
 1991	1	7	        0	 0.01	#_673       
 1992	1	7	        0	 0.01	#_674       
 1993	1	7	        0	 0.01	#_675       
 1994	1	7	        0	 0.01	#_676       
 1995	1	7	        0	 0.01	#_677       
 1996	1	7	        0	 0.01	#_678       
 1997	1	7	        0	 0.01	#_679       
 1998	1	7	        0	 0.01	#_680       
 1999	1	7	        0	 0.01	#_681       
 2000	1	7	        0	 0.01	#_682       
 2001	1	7	        0	 0.01	#_683       
 2002	1	7	        0	 0.01	#_684       
 2003	1	7	        0	 0.01	#_685       
 2004	1	7	        0	 0.01	#_686       
 2005	1	7	        0	 0.01	#_687       
 2006	1	7	  0.65467	0.005	#_688       
 2007	1	7	 0.477473	0.005	#_689       
 2008	1	7	  1.17561	0.005	#_690       
 2009	1	7	 0.994959	0.005	#_691       
 2010	1	7	 0.879011	0.005	#_692       
 2011	1	7	  1.71887	0.005	#_693       
 2012	1	7	   2.2028	0.005	#_694       
 2013	1	7	  1.47575	0.005	#_695       
 2014	1	7	  1.52088	0.005	#_696       
 2015	1	7	 0.715052	0.005	#_697       
 2016	1	7	 0.994978	0.005	#_698       
 2017	1	7	  1.14238	0.005	#_699       
 2018	1	7	 0.494082	0.005	#_700       
 2019	1	7	 0.624935	0.005	#_701       
 2020	1	7	 0.642195	0.005	#_702       
 2021	1	7	 0.209009	0.005	#_703       
 2022	1	7	 0.416533	0.005	#_704       
 2023	1	7	 0.253816	0.005	#_705       
 2024	1	7	 0.141539	0.005	#_706       
 2025	1	7	  2.29778	0.005	#_707       
 2026	1	7	  2.31064	0.005	#_708       
 2027	1	7	  2.16127	0.005	#_709       
 2028	1	7	  2.04979	0.005	#_710       
 2029	1	7	  1.96764	0.005	#_711       
 2030	1	7	  1.89206	0.005	#_712       
 2031	1	7	  1.76737	0.005	#_713       
 2032	1	7	  1.61354	0.005	#_714       
 2033	1	7	  1.56341	0.005	#_715       
 2034	1	7	  1.48426	0.005	#_716       
 2035	1	7	  1.43659	0.005	#_717       
 2036	1	7	  1.39823	0.005	#_718       
 2037	1	7	  1.42941	0.005	#_719       
 2038	1	7	  1.43561	0.005	#_720       
 2039	1	7	  1.47792	0.005	#_721       
 2040	1	7	  1.52974	0.005	#_722       
 2041	1	7	   1.5827	0.005	#_723       
 2042	1	7	  1.57392	0.005	#_724       
 2043	1	7	  1.62132	0.005	#_725       
 2044	1	7	  1.65264	0.005	#_726       
 2045	1	7	  1.77927	0.005	#_727       
 2046	1	7	  1.83117	0.005	#_728       
 2047	1	7	  1.80431	0.005	#_729       
 2048	1	7	  1.80646	0.005	#_730       
 2049	1	7	  1.82417	0.005	#_731       
 2050	1	7	  1.96929	0.005	#_732       
 2051	1	7	  1.95517	0.005	#_733       
 2052	1	7	  1.97282	0.005	#_734       
 2053	1	7	  2.00171	0.005	#_735       
 2054	1	7	  2.13491	0.005	#_736       
 2055	1	7	   2.1605	0.005	#_737       
 2056	1	7	   2.1568	0.005	#_738       
 2057	1	7	   2.0831	0.005	#_739       
 2058	1	7	  2.04758	0.005	#_740       
 2059	1	7	   2.0581	0.005	#_741       
 2060	1	7	  2.00776	0.005	#_742       
 2061	1	7	  1.90367	0.005	#_743       
 2062	1	7	   1.8539	0.005	#_744       
 2063	1	7	  1.80549	0.005	#_745       
 2064	1	7	  1.86586	0.005	#_746       
 2065	1	7	  2.09954	0.005	#_747       
 2066	1	7	  2.10037	0.005	#_748       
 2067	1	7	  2.16806	0.005	#_749       
 2068	1	7	  2.20791	0.005	#_750       
 2069	1	7	  2.21782	0.005	#_751       
 2070	1	7	  2.13115	0.005	#_752       
 2071	1	7	  2.21281	0.005	#_753       
 2072	1	7	  2.15834	0.005	#_754       
 2073	1	7	  2.09225	0.005	#_755       
 2074	1	7	  2.18704	0.005	#_756       
 -999	1	8	        0	 0.01	#_757       
 1950	1	8	        0	 0.01	#_758       
 1951	1	8	        0	 0.01	#_759       
 1952	1	8	        0	 0.01	#_760       
 1953	1	8	        0	 0.01	#_761       
 1954	1	8	        0	 0.01	#_762       
 1955	1	8	        0	 0.01	#_763       
 1956	1	8	        0	 0.01	#_764       
 1957	1	8	        0	 0.01	#_765       
 1958	1	8	        0	 0.01	#_766       
 1959	1	8	        0	 0.01	#_767       
 1960	1	8	        0	 0.01	#_768       
 1961	1	8	        0	 0.01	#_769       
 1962	1	8	        0	 0.01	#_770       
 1963	1	8	        0	 0.01	#_771       
 1964	1	8	        0	 0.01	#_772       
 1965	1	8	        0	 0.01	#_773       
 1966	1	8	        0	 0.01	#_774       
 1967	1	8	        0	 0.01	#_775       
 1968	1	8	        0	 0.01	#_776       
 1969	1	8	        0	 0.01	#_777       
 1970	1	8	        0	 0.01	#_778       
 1971	1	8	        0	 0.01	#_779       
 1972	1	8	        0	 0.01	#_780       
 1973	1	8	        0	 0.01	#_781       
 1974	1	8	        0	 0.01	#_782       
 1975	1	8	        0	 0.01	#_783       
 1976	1	8	        0	 0.01	#_784       
 1977	1	8	        0	 0.01	#_785       
 1978	1	8	        0	 0.01	#_786       
 1979	1	8	        0	 0.01	#_787       
 1980	1	8	        0	 0.01	#_788       
 1981	1	8	        0	 0.01	#_789       
 1982	1	8	        0	 0.01	#_790       
 1983	1	8	        0	 0.01	#_791       
 1984	1	8	        0	 0.01	#_792       
 1985	1	8	        0	 0.01	#_793       
 1986	1	8	        0	 0.01	#_794       
 1987	1	8	        0	 0.01	#_795       
 1988	1	8	        0	 0.01	#_796       
 1989	1	8	        0	 0.01	#_797       
 1990	1	8	        0	 0.01	#_798       
 1991	1	8	        0	 0.01	#_799       
 1992	1	8	        0	 0.01	#_800       
 1993	1	8	        0	 0.01	#_801       
 1994	1	8	        0	 0.01	#_802       
 1995	1	8	        0	 0.01	#_803       
 1996	1	8	        0	 0.01	#_804       
 1997	1	8	        0	 0.01	#_805       
 1998	1	8	        0	 0.01	#_806       
 1999	1	8	        0	 0.01	#_807       
 2000	1	8	        0	 0.01	#_808       
 2001	1	8	        0	 0.01	#_809       
 2002	1	8	        0	 0.01	#_810       
 2003	1	8	        0	 0.01	#_811       
 2004	1	8	        0	 0.01	#_812       
 2005	1	8	        0	 0.01	#_813       
 2006	1	8	 0.715462	0.005	#_814       
 2007	1	8	 0.422664	0.005	#_815       
 2008	1	8	 0.692571	0.005	#_816       
 2009	1	8	 0.513819	0.005	#_817       
 2010	1	8	 0.892019	0.005	#_818       
 2011	1	8	 0.719942	0.005	#_819       
 2012	1	8	 0.988759	0.005	#_820       
 2013	1	8	 0.617958	0.005	#_821       
 2014	1	8	 0.201321	0.005	#_822       
 2015	1	8	 0.204751	0.005	#_823       
 2016	1	8	 0.279404	0.005	#_824       
 2017	1	8	 0.152678	0.005	#_825       
 2018	1	8	 0.186509	0.005	#_826       
 2019	1	8	 0.267315	0.005	#_827       
 2020	1	8	 0.254559	0.005	#_828       
 2021	1	8	0.0282465	0.005	#_829       
 2022	1	8	0.0243125	0.005	#_830       
 2023	1	8	0.0568235	0.005	#_831       
 2024	1	8	0.0361965	0.005	#_832       
 2025	1	8	  2.32435	0.005	#_833       
 2026	1	8	  2.27536	0.005	#_834       
 2027	1	8	  2.20013	0.005	#_835       
 2028	1	8	  2.03551	0.005	#_836       
 2029	1	8	  1.96914	0.005	#_837       
 2030	1	8	  1.87724	0.005	#_838       
 2031	1	8	  1.75146	0.005	#_839       
 2032	1	8	  1.60773	0.005	#_840       
 2033	1	8	  1.56012	0.005	#_841       
 2034	1	8	  1.48221	0.005	#_842       
 2035	1	8	  1.43962	0.005	#_843       
 2036	1	8	  1.39197	0.005	#_844       
 2037	1	8	  1.40398	0.005	#_845       
 2038	1	8	  1.46766	0.005	#_846       
 2039	1	8	  1.47304	0.005	#_847       
 2040	1	8	  1.52505	0.005	#_848       
 2041	1	8	  1.56181	0.005	#_849       
 2042	1	8	  1.57309	0.005	#_850       
 2043	1	8	  1.64155	0.005	#_851       
 2044	1	8	    1.662	0.005	#_852       
 2045	1	8	  1.78279	0.005	#_853       
 2046	1	8	  1.85156	0.005	#_854       
 2047	1	8	  1.79441	0.005	#_855       
 2048	1	8	  1.79253	0.005	#_856       
 2049	1	8	  1.81504	0.005	#_857       
 2050	1	8	   1.9478	0.005	#_858       
 2051	1	8	  1.97561	0.005	#_859       
 2052	1	8	  1.99026	0.005	#_860       
 2053	1	8	  2.00124	0.005	#_861       
 2054	1	8	  2.09671	0.005	#_862       
 2055	1	8	  2.15769	0.005	#_863       
 2056	1	8	  2.15444	0.005	#_864       
 2057	1	8	  2.09069	0.005	#_865       
 2058	1	8	   2.0596	0.005	#_866       
 2059	1	8	  2.03583	0.005	#_867       
 2060	1	8	  2.00283	0.005	#_868       
 2061	1	8	  1.90994	0.005	#_869       
 2062	1	8	  1.84794	0.005	#_870       
 2063	1	8	  1.79808	0.005	#_871       
 2064	1	8	  1.86436	0.005	#_872       
 2065	1	8	  2.06599	0.005	#_873       
 2066	1	8	  2.08441	0.005	#_874       
 2067	1	8	  2.15091	0.005	#_875       
 2068	1	8	  2.21684	0.005	#_876       
 2069	1	8	  2.20915	0.005	#_877       
 2070	1	8	  2.13899	0.005	#_878       
 2071	1	8	  2.17897	0.005	#_879       
 2072	1	8	   2.1645	0.005	#_880       
 2073	1	8	  2.10631	0.005	#_881       
 2074	1	8	  2.19455	0.005	#_882       
-9999	0	0	        0	    0	#_terminator
#_CPUE_and_surveyabundance_observations
#_Units:  0=numbers; 1=biomass; 2=F; >=30 for special types
#_Errtype:  -1=normal; 0=lognormal; >0=T
#_SD_Report: 0=no sdreport; 1=enable sdreport
#_fleet	units	errtype	SD_report
1	 1	0	1	#_Observer_inshore_u10        
2	 1	0	0	#_Pot_fisheries_historical    
3	 1	0	1	#_Pot_fisheries_u10           
4	 1	0	1	#_Pot_fisheries_10to12        
5	 1	0	1	#_Pot_fisheries_o12           
6	 1	0	0	#_Bycatch_fisheries_historical
7	 1	0	0	#_Bycatch_fisheries_gillnet   
8	 1	0	1	#_Bycatch_fisheries_trawl     
9	33	0	1	#_Observer_prerecruit_u10     
#
#_CPUE_data
#_year	month	index	obs	se_log
 2019	 9	1	 0.0026449	 0.1544	#_1         
 2020	11	1	0.00194316	 0.1851	#_2         
 2021	 9	1	0.00295195	 0.1524	#_3         
 2022	 9	1	0.00274919	 0.1481	#_4         
 2023	 9	1	0.00260126	 0.1466	#_5         
 2024	 9	1	0.00322839	 0.1485	#_6         
 2025	 7	1	0.00426228	0.15585	#_7         
 2026	 7	1	0.00371787	0.15585	#_8         
 2027	 7	1	0.00257906	0.15585	#_9         
 2028	 7	1	0.00152608	0.15585	#_10        
 2029	 7	1	0.00173254	0.15585	#_11        
 2030	 7	1	0.00168386	0.15585	#_12        
 2031	 7	1	0.00185729	0.15585	#_13        
 2032	 7	1	0.00136372	0.15585	#_14        
 2033	 7	1	0.00187945	0.15585	#_15        
 2034	 7	1	0.00173433	0.15585	#_16        
 2035	 7	1	0.00129542	0.15585	#_17        
 2036	 7	1	 0.0010197	0.15585	#_18        
 2037	 7	1	0.00225173	0.15585	#_19        
 2038	 7	1	0.00238259	0.15585	#_20        
 2039	 7	1	0.00199081	0.15585	#_21        
 2040	 7	1	 0.0020392	0.15585	#_22        
 2041	 7	1	0.00270967	0.15585	#_23        
 2042	 7	1	0.00188442	0.15585	#_24        
 2043	 7	1	 0.0020385	0.15585	#_25        
 2044	 7	1	0.00228275	0.15585	#_26        
 2045	 7	1	0.00262762	0.15585	#_27        
 2046	 7	1	0.00286934	0.15585	#_28        
 2047	 7	1	0.00221962	0.15585	#_29        
 2048	 7	1	0.00186542	0.15585	#_30        
 2049	 7	1	0.00182761	0.15585	#_31        
 2050	 7	1	0.00427865	0.15585	#_32        
 2051	 7	1	0.00229145	0.15585	#_33        
 2052	 7	1	0.00273404	0.15585	#_34        
 2053	 7	1	0.00302529	0.15585	#_35        
 2054	 7	1	0.00243208	0.15585	#_36        
 2055	 7	1	0.00239637	0.15585	#_37        
 2056	 7	1	0.00141121	0.15585	#_38        
 2057	 7	1	0.00180309	0.15585	#_39        
 2058	 7	1	0.00174997	0.15585	#_40        
 2059	 7	1	0.00197926	0.15585	#_41        
 2060	 7	1	0.00201778	0.15585	#_42        
 2061	 7	1	0.00151671	0.15585	#_43        
 2062	 7	1	0.00193886	0.15585	#_44        
 2063	 7	1	0.00232276	0.15585	#_45        
 2064	 7	1	0.00313859	0.15585	#_46        
 2065	 7	1	0.00472353	0.15585	#_47        
 2066	 7	1	0.00348316	0.15585	#_48        
 2067	 7	1	0.00313305	0.15585	#_49        
 2068	 7	1	0.00255505	0.15585	#_50        
 2069	 7	1	0.00236294	0.15585	#_51        
 2070	 7	1	0.00124589	0.15585	#_52        
 2071	 7	1	0.00263819	0.15585	#_53        
 2072	 7	1	0.00217841	0.15585	#_54        
 2073	 7	1	 0.0014041	0.15585	#_55        
 2074	 7	1	 0.0025818	0.15585	#_56        
 2006	 7	3	  0.067767	 0.0956	#_57        
 2007	 7	3	 0.0594997	 0.0939	#_58        
 2008	 7	3	 0.0343403	 0.0933	#_59        
 2009	 7	3	 0.0747366	 0.0903	#_60        
 2010	 7	3	 0.0889777	 0.0901	#_61        
 2011	 7	3	 0.0927018	 0.0901	#_62        
 2012	 7	3	 0.0961762	 0.0901	#_63        
 2013	 7	3	  0.103722	 0.0906	#_64        
 2014	 7	3	  0.107818	   0.09	#_65        
 2015	 7	3	  0.143515	 0.0899	#_66        
 2016	 7	3	  0.138696	 0.0897	#_67        
 2017	 7	3	  0.146462	 0.0897	#_68        
 2018	 7	3	  0.127434	 0.0897	#_69        
 2019	 7	3	   0.10268	 0.0896	#_70        
 2020	 7	3	  0.139699	   0.09	#_71        
 2021	 7	3	  0.120438	   0.09	#_72        
 2022	 7	3	  0.146226	 0.0903	#_73        
 2023	 7	3	  0.114326	 0.0908	#_74        
 2024	 7	3	  0.139894	 0.0909	#_75        
 2006	 7	4	 0.0330768	 0.3566	#_76        
 2007	 7	4	 0.0361843	 0.3552	#_77        
 2008	 7	4	  0.013236	 0.3546	#_78        
 2009	 7	4	 0.0467328	 0.3517	#_79        
 2010	 7	4	 0.0263698	 0.3511	#_80        
 2011	 7	4	  0.032548	 0.3513	#_81        
 2012	 7	4	  0.040783	  0.351	#_82        
 2013	 7	4	 0.0313422	 0.3509	#_83        
 2014	 7	4	 0.0471065	 0.3512	#_84        
 2015	 7	4	 0.0273747	 0.3514	#_85        
 2016	 7	4	 0.0243738	 0.3516	#_86        
 2017	 7	4	 0.0548682	 0.3517	#_87        
 2018	 7	4	 0.0325842	 0.3518	#_88        
 2019	 7	4	 0.0749915	 0.3512	#_89        
 2020	 7	4	 0.0636113	 0.3518	#_90        
 2021	 7	4	 0.0672384	 0.3519	#_91        
 2022	 7	4	  0.152672	 0.3517	#_92        
 2023	 7	4	 0.0355704	  0.352	#_93        
 2024	 7	4	 0.0888382	 0.3528	#_94        
 2006	 7	5	 0.0190111	  0.391	#_95        
 2007	 7	5	 0.0118902	   0.38	#_96        
 2008	 7	5	 0.0325386	  0.396	#_97        
 2009	 7	5	 0.0240835	  0.404	#_98        
 2010	 7	5	 0.0530479	  0.368	#_99        
 2011	 7	5	 0.0312276	  0.366	#_100       
 2012	 7	5	 0.0242997	   0.36	#_101       
 2013	 7	5	 0.0178271	  0.368	#_102       
 2014	 7	5	 0.0230074	  0.369	#_103       
 2015	 7	5	  0.051035	  0.363	#_104       
 2016	 7	5	 0.0419331	  0.358	#_105       
 2017	 7	5	 0.0107296	  0.359	#_106       
 2018	 7	5	 0.0307557	  0.362	#_107       
 2019	 7	5	 0.0272912	  0.382	#_108       
 2020	 7	5	 0.0139842	  0.373	#_109       
 2021	 7	5	 0.0227633	  0.399	#_110       
 2022	 7	5	 0.0405183	  0.389	#_111       
 2023	 7	5	 0.0743863	  0.382	#_112       
 2024	 7	5	  0.026664	  0.424	#_113       
 2006	 7	8	 0.0734701	 0.1827	#_114       
 2007	 7	8	 0.0530325	 0.1767	#_115       
 2008	 7	8	  0.031404	 0.1817	#_116       
 2009	 7	8	 0.0259285	 0.1813	#_117       
 2010	 7	8	  0.043606	 0.1848	#_118       
 2011	 7	8	 0.0471281	 0.1762	#_119       
 2012	 7	8	 0.0392912	 0.1733	#_120       
 2013	 7	8	 0.0504108	  0.183	#_121       
 2014	 7	8	 0.0735317	 0.2167	#_122       
 2015	 7	8	 0.0456447	 0.1839	#_123       
 2016	 7	8	  0.049053	 0.1854	#_124       
 2017	 7	8	 0.0342402	 0.1959	#_125       
 2018	 7	8	 0.0446047	 0.2778	#_126       
 2019	 7	8	  0.034296	 0.2869	#_127       
 2020	 7	8	 0.0311683	 0.2339	#_128       
 2021	 7	8	  0.050553	 0.2669	#_129       
 2022	 7	8	 0.0548719	 0.4254	#_130       
 2023	 7	8	 0.0769441	  0.321	#_131       
 2024	 7	8	 0.0624103	 0.2779	#_132       
 2015	 9	9	  0.863689	 0.3849	#_133       
 2016	11	9	  0.789171	 0.3602	#_134       
 2017	 9	9	    2.5952	 0.2319	#_135       
 2018	 9	9	  0.440137	 0.2212	#_136       
 2019	 9	9	   1.57767	 0.2318	#_137       
 2020	 9	9	   1.51303	  0.216	#_138       
-9999	 0	0	         0	      0	#_terminator
5 #_N_discard_fleets
#_discard_units (1=same_as_catchunits(bio/num); 2=fraction; 3=numbers)
#_discard_errtype:  >0 for DF of T-dist(read CV below); 0 for normal with CV; -1 for normal with se; -2 for lognormal
#
#_discard_fleet_info
#_fleet	units	errtype
1	2	-1	#_Observer_inshore_u10    
2	2	-1	#_Pot_fisheries_historical
3	2	-1	#_Pot_fisheries_u10       
4	2	-1	#_Pot_fisheries_10to12    
5	2	-1	#_Pot_fisheries_o12       
#
#_discard_data
#_year	month	fleet	obs	stderr
 2019	 9	1	   0.001	   0.248	#_1         
 2020	11	1	   0.001	    0.23	#_2         
 2021	 9	1	   0.001	   0.214	#_3         
 2022	 9	1	   0.001	   0.237	#_4         
 2023	 9	1	   0.001	   0.221	#_5         
 2024	 9	1	   0.001	   0.228	#_6         
 2025	 7	1	   0.001	0.229667	#_7         
 2026	 7	1	   0.001	0.229667	#_8         
 2027	 7	1	   0.001	0.229667	#_9         
 2028	 7	1	   0.001	0.229667	#_10        
 2029	 7	1	   0.001	0.229667	#_11        
 2030	 7	1	   0.001	0.229667	#_12        
 2031	 7	1	   0.001	0.229667	#_13        
 2032	 7	1	   0.001	0.229667	#_14        
 2033	 7	1	   0.001	0.229667	#_15        
 2034	 7	1	   0.001	0.229667	#_16        
 2035	 7	1	   0.001	0.229667	#_17        
 2036	 7	1	   0.001	0.229667	#_18        
 2037	 7	1	   0.001	0.229667	#_19        
 2038	 7	1	   0.001	0.229667	#_20        
 2039	 7	1	   0.001	0.229667	#_21        
 2040	 7	1	   0.001	0.229667	#_22        
 2041	 7	1	   0.001	0.229667	#_23        
 2042	 7	1	   0.001	0.229667	#_24        
 2043	 7	1	   0.001	0.229667	#_25        
 2044	 7	1	   0.001	0.229667	#_26        
 2045	 7	1	   0.001	0.229667	#_27        
 2046	 7	1	   0.001	0.229667	#_28        
 2047	 7	1	   0.001	0.229667	#_29        
 2048	 7	1	   0.001	0.229667	#_30        
 2049	 7	1	   0.001	0.229667	#_31        
 2050	 7	1	   0.001	0.229667	#_32        
 2051	 7	1	   0.001	0.229667	#_33        
 2052	 7	1	   0.001	0.229667	#_34        
 2053	 7	1	   0.001	0.229667	#_35        
 2054	 7	1	   0.001	0.229667	#_36        
 2055	 7	1	   0.001	0.229667	#_37        
 2056	 7	1	   0.001	0.229667	#_38        
 2057	 7	1	   0.001	0.229667	#_39        
 2058	 7	1	   0.001	0.229667	#_40        
 2059	 7	1	   0.001	0.229667	#_41        
 2060	 7	1	   0.001	0.229667	#_42        
 2061	 7	1	   0.001	0.229667	#_43        
 2062	 7	1	   0.001	0.229667	#_44        
 2063	 7	1	   0.001	0.229667	#_45        
 2064	 7	1	   0.001	0.229667	#_46        
 2065	 7	1	   0.001	0.229667	#_47        
 2066	 7	1	   0.001	0.229667	#_48        
 2067	 7	1	   0.001	0.229667	#_49        
 2068	 7	1	   0.001	0.229667	#_50        
 2069	 7	1	   0.001	0.229667	#_51        
 2070	 7	1	   0.001	0.229667	#_52        
 2071	 7	1	   0.001	0.229667	#_53        
 2072	 7	1	   0.001	0.229667	#_54        
 2073	 7	1	   0.001	0.229667	#_55        
 2074	 7	1	   0.001	0.229667	#_56        
 1983	 7	2	 0.84418	    0.23	#_57        
 1984	 7	2	0.497914	    0.23	#_58        
 1985	 7	2	0.449676	    0.23	#_59        
 1986	 7	2	  0.2065	    0.23	#_60        
 1987	 7	2	  0.2065	    0.23	#_61        
 1988	 7	2	0.659376	    0.23	#_62        
 1989	 7	2	 0.21758	    0.23	#_63        
 1990	 7	2	0.458498	    0.23	#_64        
 1991	 7	2	0.222278	    0.23	#_65        
 1992	 7	2	0.523784	    0.23	#_66        
 1993	 7	2	0.282931	    0.23	#_67        
 1994	 7	2	0.283245	    0.23	#_68        
 1995	 7	2	0.233369	    0.23	#_69        
 1996	 7	2	  0.2065	    0.23	#_70        
 1997	 7	2	0.711288	    0.23	#_71        
 1998	 7	2	0.686499	    0.23	#_72        
 1999	 7	2	 0.75624	    0.23	#_73        
 2000	 7	2	  0.2065	    0.23	#_74        
 2001	 7	2	0.251071	    0.23	#_75        
 2002	 7	2	0.486856	    0.23	#_76        
 2003	 7	2	0.463286	    0.23	#_77        
 2004	 7	2	  0.2065	    0.23	#_78        
 2005	 7	2	0.444817	    0.23	#_79        
 2006	 7	3	  0.2065	    0.23	#_80        
 2007	 7	3	  0.2065	    0.23	#_81        
 2008	 7	3	0.450821	    0.23	#_82        
 2009	 7	3	0.659728	    0.23	#_83        
 2010	 7	3	  0.2065	    0.23	#_84        
 2011	 7	3	  0.2065	    0.23	#_85        
 2012	 7	3	 0.38287	    0.23	#_86        
 2013	 7	3	  0.2065	    0.23	#_87        
 2014	 7	3	0.671251	    0.23	#_88        
 2015	 7	3	0.556086	    0.23	#_89        
 2016	 7	3	0.262659	    0.23	#_90        
 2017	 7	3	0.343277	    0.23	#_91        
 2018	 7	3	0.757223	    0.23	#_92        
 2019	 7	3	0.326549	   0.248	#_93        
 2020	 7	3	0.583412	    0.23	#_94        
-9999	 0	0	       0	       0	#_terminator
#
#_meanbodywt
0 #_use_meanbodywt
 #_DF_for_meanbodywt_T-distribution_like
#
#_population_length_bins
2 # length bin method: 1=use databins; 2=generate from binwidth,min,max below; 3=read vector
0.2 # binwidth for population size comp
1 # minimum size in the population (lower edge of first bin and size at age 0.00)
23 # maximum size in the population (lower edge of last bin)
1 #_use_lencomp
#
#_len_info
#_mintailcomp	addtocomp	combine_M_F	CompressBins	CompError	ParmSelect	minsamplesize
-1	1e-04	0	0	0	0	0.01	#_Observer_inshore_u10        
-1	1e-04	0	0	0	0	0.01	#_Pot_fisheries_historical    
-1	1e-04	0	0	0	0	0.01	#_Pot_fisheries_u10           
-1	1e-04	0	0	0	0	0.01	#_Pot_fisheries_10to12        
-1	1e-04	0	0	0	0	0.01	#_Pot_fisheries_o12           
-1	1e-04	0	0	0	0	0.01	#_Bycatch_fisheries_historical
-1	1e-04	0	0	0	0	0.01	#_Bycatch_fisheries_gillnet   
-1	1e-04	0	0	0	0	0.01	#_Bycatch_fisheries_trawl     
-1	1e-04	0	0	0	0	0.01	#_Observer_prerecruit_u10     
95 #_N_lbins
#_lbin_vector
1 1.2 1.4 1.6 1.8 2 2.2 2.4 2.6 2.8 3 3.2 3.4 3.6 3.8 4 4.2 4.4 4.6 4.8 5 5.2 5.4 5.6 5.8 6 6.2 6.4 6.6 6.8 7 7.2 7.4 7.6 7.8 8 8.2 8.4 8.6 8.8 9 9.2 9.4 9.6 9.8 10 10.2 10.4 10.6 10.8 11 11.2 11.4 11.6 11.8 12 12.2 12.4 12.6 12.8 13 13.2 13.4 13.6 13.8 14 14.2 14.4 14.6 14.8 15 15.2 15.4 15.6 15.8 16 16.2 16.4 16.6 16.8 17 17.2 17.4 17.6 17.8 18 18.2 18.4 18.6 18.8 19 19.2 19.4 19.6 19.8 #_lbin_vector
#
#_lencomp
#_year	month	fleet	sex	part	Nsamp	f1	f1.2	f1.4	f1.6	f1.8	f2	f2.2	f2.4	f2.6	f2.8	f3	f3.2	f3.4	f3.6	f3.8	f4	f4.2	f4.4	f4.6	f4.8	f5	f5.2	f5.4	f5.6	f5.8	f6	f6.2	f6.4	f6.6	f6.8	f7	f7.2	f7.4	f7.6	f7.8	f8	f8.2	f8.4	f8.6	f8.8	f9	f9.2	f9.4	f9.6	f9.8	f10	f10.2	f10.4	f10.6	f10.8	f11	f11.2	f11.4	f11.6	f11.8	f12	f12.2	f12.4	f12.6	f12.8	f13	f13.2	f13.4	f13.6	f13.8	f14	f14.2	f14.4	f14.6	f14.8	f15	f15.2	f15.4	f15.6	f15.8	f16	f16.2	f16.4	f16.6	f16.8	f17	f17.2	f17.4	f17.6	f17.8	f18	f18.2	f18.4	f18.6	f18.8	f19	f19.2	f19.4	f19.6	f19.8	m1	m1.2	m1.4	m1.6	m1.8	m2	m2.2	m2.4	m2.6	m2.8	m3	m3.2	m3.4	m3.6	m3.8	m4	m4.2	m4.4	m4.6	m4.8	m5	m5.2	m5.4	m5.6	m5.8	m6	m6.2	m6.4	m6.6	m6.8	m7	m7.2	m7.4	m7.6	m7.8	m8	m8.2	m8.4	m8.6	m8.8	m9	m9.2	m9.4	m9.6	m9.8	m10	m10.2	m10.4	m10.6	m10.8	m11	m11.2	m11.4	m11.6	m11.8	m12	m12.2	m12.4	m12.6	m12.8	m13	m13.2	m13.4	m13.6	m13.8	m14	m14.2	m14.4	m14.6	m14.8	m15	m15.2	m15.4	m15.6	m15.8	m16	m16.2	m16.4	m16.6	m16.8	m17	m17.2	m17.4	m17.6	m17.8	m18	m18.2	m18.4	m18.6	m18.8	m19	m19.2	m19.4	m19.6	m19.8
 2019	 9	1	3	0	 563	0	0	0	0	0	0	0	0	0	1	0	0	0	0	0	0	0	0	0	0	0	0	0	1	0	0	3	1	7	3	 6	 5	 8	13	 7	 8	12	  7	  9	 17	 13	 12	 17	 14	  9	  9	  9	 10	 10	  2	  6	  3	 4	  3	 3	 0	 0	 2	 0	 0	 0	 0	 0	 0	 1	 0	 0	 0	 0	 1	 0	 0	0	0	0	0	0	0	0	0	0	1	0	0	0	0	0	0	0	0	0	0	0	0	0	0	0	0	0	0	0	0	0	0	0	0	0	0	0	0	1	0	0	0	0	0	0	1	1	0	2	1	4	 5	 8	 7	 8	10	11	19	 7	 9	 12	 22	 12	 15	 10	 12	 17	 10	 12	 12	 12	  9	 7	11	 3	 5	 4	 7	10	 2	 8	 5	 2	 2	 4	 0	 1	 3	 1	 0	 0	 0	1	0	0	0	0	0	0	0	0	0	0	0	0	0	0	0	0	0	0	0	0	0	0	0	1	0	#_1         
 2020	11	1	3	0	 563	0	0	0	0	0	0	0	0	0	0	0	0	0	0	0	0	0	1	0	0	0	0	0	1	0	0	0	2	1	0	 4	 2	 7	 5	11	10	14	 20	 18	 19	 18	 13	 22	 15	 17	 13	 13	 13	  5	  2	  3	  4	 3	  1	 1	 0	 0	 0	 0	 1	 0	 1	 0	 0	 0	 0	 0	 0	 0	 0	 0	 0	0	0	0	0	0	0	0	0	0	0	0	0	0	0	0	0	0	0	0	0	0	0	0	0	0	0	0	1	0	0	0	0	0	0	0	0	0	0	0	0	0	0	0	0	0	0	0	0	0	1	0	 3	 3	 2	 1	 6	 9	16	18	22	 24	 16	 23	 22	 14	 17	 11	  8	 17	 12	  8	 10	 4	 2	 6	 2	 7	 5	 2	 1	 1	 2	 1	 0	 1	 1	 1	 0	 1	 0	 1	 0	0	0	0	1	0	0	0	0	0	0	0	0	0	0	0	0	0	0	0	0	0	0	0	0	0	0	#_2         
 2021	 9	1	3	0	 563	0	0	0	1	0	0	0	0	0	0	0	0	0	0	0	0	0	0	0	0	0	0	0	0	0	1	4	5	1	1	 5	 0	 6	 4	 7	 7	10	 13	  8	 13	  9	 13	 22	 13	  8	 17	  6	  6	  6	 12	  5	  5	 1	  2	 2	 1	 2	 3	 0	 0	 0	 0	 0	 1	 0	 0	 0	 0	 0	 0	 0	 0	0	0	0	0	1	0	0	0	0	0	0	0	0	0	0	0	0	0	0	0	0	0	0	0	0	0	0	0	0	0	0	0	0	0	0	0	0	0	0	0	0	0	0	0	0	0	0	2	0	5	5	 2	 4	 8	 6	 3	 9	 5	10	13	 11	 13	 15	 23	 11	 23	  9	 15	 17	 18	 20	 13	11	10	 8	 9	11	 8	 3	 3	 3	 0	 2	 4	 4	 1	 1	 2	 1	 0	 0	 0	0	0	1	0	0	0	0	0	0	0	0	0	0	0	0	0	0	0	0	0	0	0	0	0	0	0	#_3         
 2022	 9	1	3	0	 563	0	0	0	0	0	0	0	0	0	0	0	0	0	0	0	0	0	0	0	1	0	0	0	0	2	2	1	0	0	2	 1	 4	 4	12	 9	12	 7	 18	 20	 15	 17	 14	 22	 17	 11	 11	  8	  0	  7	  7	  3	  6	 3	  3	 1	 1	 1	 2	 0	 0	 0	 0	 0	 0	 0	 0	 0	 0	 0	 0	 1	 0	0	0	0	0	0	0	0	0	0	0	0	0	0	0	0	0	0	0	1	0	0	0	0	0	0	0	0	0	0	0	0	0	0	0	0	0	0	0	0	0	0	1	0	0	0	1	0	1	1	0	2	 2	 1	 2	 3	 9	 9	 5	17	13	 15	 20	 20	 18	 22	 17	 18	 21	 11	  5	  6	 10	 7	 4	11	 6	 3	 7	 9	 5	 2	 3	 3	 2	 1	 0	 0	 1	 0	 0	 0	 0	0	0	0	1	0	0	1	0	0	0	0	0	0	0	0	0	1	0	0	0	0	0	0	0	0	0	#_4         
 2023	 9	1	3	0	 563	0	0	0	0	0	0	0	0	0	1	0	0	0	0	0	0	0	0	0	0	0	0	0	1	0	0	0	1	4	7	 2	 4	 4	 7	 7	10	 9	 11	 15	  8	 16	 15	 18	 17	  9	 14	 15	 11	  9	  5	  4	  3	 4	  0	 4	 1	 2	 0	 0	 0	 0	 0	 0	 1	 0	 0	 0	 0	 0	 0	 0	 0	0	0	0	0	0	0	1	0	1	0	0	0	0	0	0	0	0	0	0	0	0	0	0	0	0	0	0	0	0	0	0	0	0	0	0	0	0	0	0	0	0	0	1	0	0	1	0	1	2	0	0	 3	 2	 2	 1	 5	 4	 9	 8	12	 19	 16	  9	 24	 15	 19	 13	 15	 17	 15	 18	 17	14	 3	 9	11	 5	 9	 5	 2	 1	 5	 1	 3	 0	 3	 0	 0	 1	 0	 0	 0	0	0	0	0	0	0	0	1	0	0	0	0	0	0	0	0	0	0	0	0	0	0	0	0	0	1	#_5         
 2024	 9	1	3	0	 563	0	0	0	0	0	0	0	0	0	1	0	0	0	0	0	0	0	0	0	0	0	0	0	0	0	1	1	1	4	1	 5	 3	 7	10	11	 8	13	 14	 18	 17	 22	 13	 16	 11	 10	 10	  4	  9	  4	  1	  5	  3	 2	  1	 3	 1	 1	 0	 0	 0	 1	 0	 0	 0	 0	 0	 0	 0	 0	 0	 0	 0	0	0	0	0	0	0	0	0	0	0	0	0	0	0	0	0	1	0	0	0	0	0	0	0	0	0	0	1	0	0	0	0	0	0	0	0	0	0	0	0	0	0	0	0	1	0	1	1	2	1	3	 6	 1	11	10	 9	 4	12	17	17	 11	 20	 21	 21	 24	 13	 12	 13	  8	  8	 16	 10	 6	 5	 9	 4	 3	 6	 3	 5	 2	 1	 2	 4	 0	 0	 1	 2	 1	 1	 0	 0	0	0	0	0	0	1	0	0	0	0	0	0	0	0	0	0	0	0	0	0	0	0	0	0	0	0	#_6         
 2019	 9	1	3	2	 563	1	0	0	0	0	0	0	1	0	0	0	0	0	0	0	0	0	0	0	0	0	0	0	0	0	0	0	0	1	0	 0	 0	 0	 0	 0	 0	 0	  2	  5	 17	 21	 17	 20	 17	 18	 15	 14	 16	 10	 11	  8	  6	 4	  4	 7	 4	 3	 1	 0	 1	 1	 0	 0	 0	 0	 0	 0	 0	 0	 0	 0	 0	0	0	0	0	0	0	0	0	0	1	0	0	0	0	0	0	0	0	1	0	0	0	0	0	0	0	0	0	0	0	0	0	0	0	0	0	0	0	0	0	0	0	0	0	0	0	0	0	0	0	0	 0	 0	 0	 0	 0	 0	 0	 0	 0	  1	  2	 16	 16	 17	 22	 26	 18	 20	 19	 21	 24	18	20	15	 8	14	 6	10	10	 5	 6	 2	 5	 6	 4	 1	 0	 1	 0	 0	 1	1	0	1	0	0	0	0	0	0	0	0	0	0	0	0	0	0	0	0	0	0	0	0	0	0	0	#_7         
 2021	 9	1	3	2	 563	0	0	0	0	0	0	0	0	0	0	0	0	0	0	0	1	0	0	0	0	0	0	0	0	0	0	0	0	0	0	 0	 0	 0	 0	 0	 0	 1	  0	  5	 19	 18	 25	 17	 18	 18	  8	 12	 19	 19	 12	  5	  3	 6	  4	 4	 2	 0	 2	 1	 0	 1	 0	 0	 2	 0	 0	 0	 0	 0	 0	 0	 0	1	0	0	0	0	0	0	0	0	0	0	0	0	0	0	0	0	0	0	0	1	0	0	0	1	0	0	0	0	0	0	0	0	0	0	0	0	0	0	0	0	0	0	0	0	0	0	0	0	0	0	 0	 0	 0	 0	 0	 0	 0	 0	 0	  1	  4	 12	 15	 24	 21	 22	 21	 31	 19	 28	 26	23	19	14	 8	10	 6	 6	 5	 3	 3	 3	 2	 4	 2	 1	 1	 0	 0	 0	 0	0	0	1	0	0	0	0	0	0	0	0	0	0	0	1	0	0	0	0	0	1	0	0	0	0	1	#_8         
 2022	 9	1	3	2	 563	0	0	0	0	0	0	0	0	0	0	0	0	0	0	0	1	0	0	0	0	1	0	0	0	0	1	0	0	0	0	 0	 1	 0	 0	 0	 0	 0	  1	 10	 16	 29	 27	 28	 24	 18	 29	 12	 15	  7	  9	  4	  5	 6	  2	 3	 2	 1	 0	 0	 0	 0	 0	 0	 0	 0	 0	 0	 0	 0	 0	 0	 0	0	0	1	0	0	0	0	0	0	0	0	0	0	0	0	0	0	0	0	0	1	0	0	0	0	0	0	0	0	0	0	0	0	1	0	0	0	0	0	0	0	1	0	0	0	0	0	0	0	0	0	 0	 0	 0	 0	 0	 0	 0	 0	 0	  1	  2	 12	 40	 27	 30	 32	 26	 21	 17	 13	 13	 5	12	 9	10	 1	 3	 6	 5	 5	 3	 2	 1	 7	 1	 1	 1	 0	 0	 0	 0	0	0	0	0	0	0	0	0	0	1	0	0	0	0	0	0	0	0	0	0	0	0	0	0	0	0	#_9         
 2023	 9	1	3	2	 563	0	0	0	0	0	0	0	0	0	0	0	0	0	0	0	0	0	0	0	0	0	0	0	0	0	0	0	0	0	0	 0	 0	 0	 0	 0	 1	 0	  1	  2	 10	 20	 20	 26	 12	 18	 16	 16	 17	 11	 13	  4	  5	 8	  9	 5	 1	 0	 1	 0	 1	 0	 0	 0	 0	 0	 0	 0	 0	 0	 0	 0	 0	0	0	0	0	0	0	0	0	0	0	0	0	0	0	0	0	0	0	0	0	0	0	0	0	0	0	0	0	0	0	0	0	0	0	0	1	0	0	0	0	0	0	0	0	0	0	0	1	0	0	0	 0	 0	 0	 0	 0	 0	 0	 0	 0	  0	  7	 24	 21	 31	 32	 25	 27	 16	 14	 20	 18	14	18	 9	11	 9	 8	 6	 5	 8	 4	 3	 3	 3	 0	 2	 1	 0	 0	 1	 1	0	0	0	0	0	1	0	0	0	0	0	0	0	0	1	0	0	0	0	0	0	0	0	1	0	0	#_10        
 2024	 9	1	3	2	 563	0	0	0	0	0	0	0	0	1	0	0	0	0	0	0	0	0	0	0	1	0	0	0	0	0	0	0	0	0	0	 1	 0	 0	 0	 0	 0	 0	  1	  9	 13	 24	 17	 22	 23	 16	 14	 16	 12	 10	 14	  7	  9	 2	  6	 5	 5	 1	 1	 2	 2	 2	 0	 1	 0	 0	 1	 0	 0	 0	 0	 0	 0	0	0	1	0	0	0	0	0	0	0	0	0	0	0	0	0	1	0	0	0	0	0	0	0	0	0	0	0	0	0	0	0	0	0	0	0	0	0	0	0	0	0	0	0	0	0	0	0	0	0	0	 0	 0	 0	 0	 0	 0	 0	 0	 0	  1	  5	 18	 22	 33	 26	 21	 20	 29	 14	 20	 17	13	12	12	 8	10	 3	 5	 5	 2	 4	 2	 5	 1	 2	 1	 1	 0	 1	 2	 0	1	0	1	0	1	0	0	0	0	0	1	1	0	0	0	0	0	1	0	1	0	0	1	0	0	0	#_11        
 2019	 9	1	3	1	 563	0	0	0	0	0	0	0	0	0	0	0	0	0	0	0	0	0	0	0	0	0	0	0	2	0	1	2	2	3	6	10	 7	21	15	 9	20	11	 25	 15	 14	  9	  9	  6	  6	  3	  8	  7	  6	  5	  2	  3	  4	 1	  0	 1	 0	 1	 4	 0	 0	 0	 0	 0	 0	 0	 0	 0	 0	 0	 0	 0	 0	0	0	0	0	0	0	0	1	0	0	0	0	0	0	0	0	0	0	0	0	0	0	0	0	0	0	0	0	0	0	0	0	0	0	0	0	0	0	0	0	1	0	0	1	0	0	1	0	3	3	4	16	 9	13	17	14	18	16	19	28	 27	 23	 12	 11	  3	 10	  6	 10	 11	 11	  8	  5	 2	 2	 2	 1	 3	 2	 2	 1	 1	 1	 1	 1	 3	 1	 0	 0	 0	 0	 0	 0	0	0	0	0	0	0	0	1	0	0	0	0	0	0	0	0	0	0	0	0	0	0	0	0	0	0	#_12        
 2020	11	1	3	1	 563	0	0	0	0	0	1	0	0	0	0	0	0	0	0	0	0	0	0	0	0	0	0	0	0	1	1	2	0	4	6	 5	 4	 8	15	18	19	18	 30	 36	 16	 11	  6	  9	  9	  9	  3	  2	  7	  7	  1	  2	  0	 1	  0	 0	 0	 1	 2	 0	 0	 0	 0	 0	 0	 0	 0	 0	 0	 0	 0	 0	 0	0	0	0	1	0	0	0	0	0	0	0	0	0	0	0	0	0	0	0	0	0	0	0	0	0	0	0	0	0	0	0	0	0	0	0	0	0	0	0	1	1	0	0	0	0	0	1	1	0	3	0	 3	 4	 6	 8	12	15	18	30	18	 31	 36	 27	 16	 10	 10	  8	  3	  2	  5	  3	  8	 3	 6	 3	 3	 4	 1	 0	 0	 2	 1	 0	 0	 0	 1	 0	 2	 0	 0	 0	 0	0	1	0	0	0	0	0	0	0	0	0	0	0	0	0	0	0	0	0	1	0	0	0	0	0	0	#_13        
 2021	 9	1	3	1	 563	0	0	0	1	0	0	0	0	0	0	0	0	0	0	0	0	0	0	1	0	0	0	0	2	1	0	4	3	7	8	 8	11	 8	14	21	18	19	 25	 17	 16	  4	  4	  6	  8	  3	  5	  7	  3	  5	  2	  4	  3	 1	  1	 2	 0	 0	 0	 1	 0	 1	 0	 0	 0	 0	 0	 0	 0	 0	 0	 0	 0	0	1	0	0	0	0	0	0	0	0	0	0	0	0	0	0	0	0	1	0	0	0	0	0	0	0	0	0	0	0	0	0	0	0	0	0	0	0	0	0	0	0	0	1	0	0	1	0	3	3	8	 9	 7	11	10	19	18	25	11	23	 22	 28	 13	 17	  8	  4	 10	  8	 11	  3	  8	  4	 8	 6	 4	 2	 0	 2	 0	 1	 2	 2	 0	 0	 1	 0	 1	 1	 0	 0	 0	 0	0	0	1	0	0	0	0	0	0	0	1	0	0	0	0	0	0	0	0	0	0	0	0	0	0	0	#_14        
 2022	 9	1	3	1	 563	0	0	0	0	0	0	0	0	0	0	0	0	0	0	0	0	0	0	0	0	0	0	0	1	0	1	2	1	1	5	 5	10	15	13	13	18	33	 25	 21	 21	  8	 12	  5	  6	  6	  6	  7	  2	  1	  4	  1	  3	 0	  1	 2	 0	 0	 0	 0	 0	 0	 0	 0	 0	 0	 0	 0	 0	 0	 1	 0	 0	0	0	0	0	0	0	0	0	0	1	1	0	0	0	0	0	0	0	0	0	0	0	2	0	0	0	0	0	0	0	0	0	0	0	0	0	1	0	0	0	0	0	0	0	0	0	0	0	0	1	1	 4	 4	10	11	11	16	22	25	21	 35	 34	 21	  6	  8	  7	 11	  9	  7	 11	  2	  3	 8	 1	 6	 2	 2	 1	 0	 2	 0	 1	 3	 0	 1	 0	 0	 0	 0	 0	 0	 0	0	0	0	0	0	0	0	0	0	0	0	1	0	0	0	0	0	0	0	0	0	0	0	0	0	0	#_15        
 2023	 9	1	3	1	 563	0	0	0	0	0	0	0	0	0	0	0	0	0	0	1	0	0	0	0	0	0	0	1	0	0	0	2	5	6	8	 5	 9	15	16	11	18	20	 24	 24	 20	  7	  2	  6	  6	  4	  6	  6	  8	  1	  2	  6	  1	 0	  0	 0	 0	 1	 2	 2	 0	 0	 0	 0	 0	 0	 0	 0	 0	 0	 0	 0	 0	0	0	0	0	0	0	0	0	0	1	0	0	0	0	0	0	0	0	0	0	0	1	0	0	0	0	0	0	0	0	0	0	1	0	0	0	0	0	0	0	0	0	0	0	0	1	0	1	3	2	4	 2	 7	 9	11	13	17	20	22	31	 20	 34	 19	 10	  9	  6	  8	  6	  7	  6	  4	  7	 3	 2	 4	 5	 4	 3	 3	 1	 2	 1	 3	 1	 1	 0	 1	 0	 0	 0	 0	 0	0	0	0	0	0	0	0	0	0	0	0	0	0	0	0	1	0	0	0	0	0	0	0	1	0	0	#_16        
 2024	 9	1	3	1	 563	1	0	0	0	0	0	0	0	0	0	0	0	0	0	0	0	0	0	0	0	0	1	1	0	0	3	1	3	6	7	 7	 8	10	15	18	20	26	 17	 24	 16	 13	  4	 11	 10	  7	  4	  5	  4	  4	  5	  3	  0	 0	  0	 1	 1	 1	 0	 0	 0	 0	 2	 0	 0	 0	 0	 1	 0	 0	 0	 0	 0	0	0	0	0	1	0	0	0	0	0	0	0	0	0	0	1	0	0	0	0	0	0	0	0	0	0	0	0	0	0	0	0	0	0	1	0	0	0	0	0	0	0	0	0	0	0	1	0	3	2	4	 7	 8	 4	11	15	17	19	22	25	 30	 28	 20	 17	  8	  7	  5	  2	  3	  5	  5	  4	 5	 5	 2	 4	 2	 3	 0	 1	 0	 0	 1	 0	 0	 1	 0	 0	 1	 0	 0	 0	0	0	0	0	0	0	0	0	0	0	0	0	0	0	0	0	0	0	1	1	0	0	0	0	0	1	#_17        
 2025	 7	1	3	0	 563	0	0	0	0	0	0	0	0	0	0	0	0	0	0	0	0	0	0	0	0	0	0	0	0	2	0	0	1	1	5	 6	 4	 6	 6	 6	 8	 5	 17	  7	 15	 10	 16	 19	 10	 18	  8	 11	 11	  6	  6	  3	  7	 2	  2	 0	 1	 0	 4	 0	 0	 0	 0	 0	 1	 0	 0	 0	 0	 0	 0	 0	 1	0	0	0	0	0	0	0	0	0	0	0	0	0	0	0	0	0	0	0	0	0	0	1	0	0	0	0	0	0	0	0	0	0	0	0	0	0	0	0	0	0	0	1	0	0	0	0	0	2	0	2	 6	 3	 6	11	 9	12	 8	16	20	 12	 16	 17	 23	 20	 17	 21	 13	 13	 14	  9	 11	10	10	 6	 2	 3	 3	 1	 3	 3	 4	 1	 2	 2	 1	 0	 1	 0	 0	 0	 0	0	0	0	0	0	0	0	0	1	0	0	0	0	0	0	0	1	0	1	0	0	0	0	0	0	0	#_18        
 2026	 7	1	3	0	 563	0	0	0	0	0	0	0	0	1	0	0	0	0	0	0	1	0	0	0	0	0	0	0	1	0	0	0	2	1	1	 2	 3	 8	 6	14	 9	10	 19	 17	 14	 16	 14	 14	 24	 15	 14	  8	 10	  8	  4	  2	  2	 4	  4	 2	 0	 0	 0	 1	 0	 1	 1	 0	 0	 0	 0	 0	 1	 0	 0	 0	 0	0	0	0	1	0	0	0	0	0	0	0	0	0	0	1	0	0	1	0	0	0	0	0	0	0	0	1	0	0	0	0	0	0	0	0	0	0	0	0	0	0	0	0	0	1	1	1	1	0	1	2	 4	 1	 2	 2	 5	 7	19	12	18	 12	 14	 17	 13	 21	  8	 16	 15	 18	 10	 12	  9	 8	 8	 7	 6	 7	 5	 6	 2	 3	 2	 1	 2	 1	 0	 1	 0	 0	 1	 0	 0	0	0	0	0	0	0	0	0	0	1	1	0	0	0	0	0	0	0	0	0	0	0	0	0	0	1	#_19        
 2027	 7	1	3	0	 563	0	0	0	0	0	0	0	0	0	0	0	0	0	0	0	0	0	0	0	0	0	0	0	0	0	0	1	3	2	1	 4	 3	 7	 7	 4	 8	11	  9	 13	  7	 20	 20	 20	 16	 14	  9	 10	 14	 12	  5	  7	  3	 6	  9	 6	 0	 0	 0	 1	 0	 0	 0	 0	 0	 1	 0	 0	 0	 0	 0	 0	 0	0	0	0	0	0	0	0	0	0	1	0	0	0	0	0	0	0	0	0	0	0	0	0	0	0	0	0	0	0	0	1	0	0	0	0	0	0	0	0	0	0	0	0	2	0	0	0	0	0	2	1	 4	 1	 3	 3	 4	 5	 9	 9	10	 12	 17	 17	 12	 17	 13	 18	 18	 10	 22	 11	 16	11	 7	 8	 7	 4	 5	 7	 5	 4	 4	 3	 1	 0	 2	 0	 1	 0	 1	 0	 0	0	0	0	0	0	0	1	0	0	0	0	0	0	0	1	0	0	0	0	0	0	0	0	0	0	0	#_20        
 2028	 7	1	3	0	 563	0	0	0	0	0	0	0	0	0	0	0	0	0	0	0	0	0	1	0	0	0	0	0	1	0	0	0	2	3	8	 6	 4	 6	12	 8	 6	 4	 14	 13	 12	  7	 12	 20	 12	 17	 16	 10	 11	  8	 13	  7	  4	 5	  3	 4	 1	 0	 4	 1	 2	 0	 0	 0	 0	 0	 0	 0	 0	 0	 0	 0	 0	0	0	0	0	0	0	0	0	0	0	0	0	0	0	1	0	0	0	0	0	0	0	0	0	1	0	0	0	0	0	0	0	0	0	0	0	0	0	0	0	0	0	0	0	0	0	1	2	1	3	1	 1	 5	 4	 4	 5	11	 6	14	12	 10	 16	 16	 11	 10	 13	 17	 15	 14	 13	  8	 13	 8	13	 7	11	 8	 4	 4	 5	 1	 1	 4	 2	 0	 0	 2	 0	 2	 0	 0	 0	0	1	0	0	0	0	0	0	0	0	0	1	0	0	0	1	0	0	1	0	0	1	0	0	1	0	#_21        
 2029	 7	1	3	0	 563	0	0	1	0	0	1	1	0	0	0	0	0	0	0	0	0	0	0	0	0	0	0	0	0	1	0	1	1	5	1	 2	 7	 5	 7	 7	13	12	 20	 16	 14	 18	 21	 20	 15	  9	  9	  8	 10	  6	  4	  2	  3	 3	  0	 2	 0	 0	 0	 0	 0	 0	 0	 0	 0	 0	 0	 0	 0	 0	 0	 0	 0	0	0	0	0	0	0	0	0	0	0	0	0	1	0	0	0	0	0	0	0	0	0	0	0	0	0	0	0	0	1	1	0	0	0	0	0	0	0	0	1	0	0	0	0	1	0	0	0	0	1	1	 0	 3	 5	11	 3	 7	14	14	15	 15	 18	 27	 16	 17	 23	 20	 14	 14	 12	  8	  6	 3	 2	10	 6	 1	 5	 2	 4	 3	 2	 1	 1	 1	 1	 4	 1	 0	 0	 1	 0	0	0	0	0	1	0	0	0	0	0	0	0	0	0	0	0	0	0	0	0	0	0	0	0	0	0	#_22        
 2030	 7	1	3	0	 563	0	0	0	0	0	0	0	0	0	0	0	0	0	0	0	0	0	0	0	1	0	0	0	1	0	0	0	0	3	2	 3	 7	 6	 9	 7	 8	 8	 10	 12	 12	 21	  9	 14	 21	 16	  8	  9	 12	  7	 13	  7	  7	 5	  0	 1	 1	 1	 0	 0	 1	 0	 0	 0	 0	 1	 0	 0	 0	 1	 0	 0	 0	0	0	0	0	0	0	0	0	0	0	0	1	0	0	0	0	1	0	0	0	0	0	0	0	0	0	0	0	0	0	0	0	0	0	0	0	0	0	0	0	0	0	0	0	0	0	2	0	2	2	2	 1	 5	 3	 4	10	 6	 8	 3	17	 15	 20	 13	 27	 25	 22	 16	 22	 12	 10	  9	 13	 5	 7	 3	 6	 6	 6	 3	 1	 3	 1	 2	 1	 2	 0	 1	 0	 0	 0	 0	 0	0	0	0	0	1	0	0	0	0	0	0	0	0	0	0	0	0	0	0	0	0	0	0	0	0	0	#_23        
 2031	 7	1	3	0	 563	0	0	0	0	0	0	0	0	0	0	0	0	0	0	0	0	0	0	0	0	0	0	0	0	0	1	1	0	1	1	 1	 5	 5	 0	14	12	10	 12	 15	 18	 14	 20	 15	 11	 15	 15	  9	 10	  5	  7	  7	  3	 5	  2	 2	 0	 0	 1	 1	 0	 1	 0	 0	 0	 0	 0	 1	 0	 0	 0	 0	 0	0	0	0	1	0	0	0	0	0	0	0	0	1	1	0	0	0	0	0	0	1	0	1	0	0	0	0	0	0	0	0	0	0	0	0	0	0	0	0	0	1	0	0	0	0	0	0	0	1	1	2	 3	 0	 2	 2	 2	 5	 8	17	11	 16	 18	 14	 21	 17	 13	 15	 15	  9	 14	 11	 20	14	13	12	 9	 6	 2	 9	 4	 1	 3	 0	 1	 0	 1	 2	 0	 1	 1	 0	 0	0	0	0	0	1	0	0	0	0	0	0	0	0	0	0	0	0	0	0	0	0	0	0	0	0	0	#_24        
 2032	 7	1	3	0	 563	1	0	0	0	0	0	0	1	0	1	0	0	0	0	0	0	0	0	0	0	0	1	0	1	1	3	0	7	6	8	 4	 4	 5	 4	 6	12	 5	  7	  9	 13	 10	 10	 10	 16	 17	 18	 12	 10	 11	  3	  4	  6	 2	  3	 3	 1	 0	 2	 1	 0	 0	 0	 1	 0	 0	 0	 0	 0	 0	 0	 0	 0	0	0	0	0	0	0	0	1	0	0	0	0	0	0	0	0	0	0	0	0	0	0	0	0	0	0	0	0	0	0	0	0	0	0	0	0	0	0	0	0	0	0	0	0	0	0	0	0	0	3	3	 5	 5	 4	 6	 7	 8	 9	17	14	 15	 12	 16	 18	 14	 15	 11	 13	 16	 13	  4	 11	17	15	 5	10	 9	 6	 2	 5	 1	 5	 2	 3	 1	 0	 1	 1	 1	 0	 0	 0	0	0	0	0	0	0	0	0	0	0	0	0	0	0	0	0	0	0	0	0	0	0	0	0	0	0	#_25        
 2033	 7	1	3	0	 563	0	0	0	0	0	0	0	0	0	0	0	0	0	0	0	1	0	0	0	0	0	0	0	0	0	0	0	1	1	4	 5	 3	 7	10	 5	11	12	 21	 16	 13	 18	 19	 16	 17	 12	 16	  8	 14	 10	  6	  6	  3	 4	  0	 0	 1	 0	 0	 1	 0	 0	 0	 0	 0	 0	 0	 0	 0	 0	 0	 0	 0	0	0	0	0	0	0	0	0	0	0	0	0	0	0	0	1	0	0	0	1	0	0	0	0	0	0	0	1	0	1	0	0	0	0	0	0	0	0	0	0	0	0	0	0	0	0	0	1	1	0	1	 2	 0	 5	 6	 5	 3	12	12	19	 18	 29	 23	 24	 15	 10	 19	 15	 10	 12	  5	  5	 9	 3	 6	 4	 2	 6	 1	 2	 2	 0	 1	 1	 1	 1	 0	 1	 0	 0	 0	 0	0	0	1	0	0	0	0	1	0	0	0	0	0	1	0	0	0	0	1	0	0	0	0	1	0	1	#_26        
 2034	 7	1	3	0	 563	0	0	0	0	0	0	0	0	0	0	0	0	0	0	0	0	0	0	1	0	0	1	1	0	0	0	0	3	4	5	 4	 7	 9	12	11	 5	15	  4	 13	 16	 11	  9	 17	 13	 12	  9	  8	  8	 10	  8	  6	  4	 2	  2	 1	 0	 0	 0	 0	 0	 0	 0	 0	 0	 0	 0	 0	 0	 0	 0	 0	 0	0	0	0	0	0	0	0	0	0	0	0	0	1	0	0	0	0	0	0	0	0	0	0	0	0	0	0	0	0	0	0	0	0	0	0	1	0	0	0	0	0	0	0	0	0	0	0	0	0	1	0	 3	 3	 6	 9	 7	10	15	15	15	 20	 18	 21	 17	 20	 13	 10	 19	 13	  9	  6	 15	11	 8	13	 6	 3	 3	 3	 2	 3	 2	 2	 0	 0	 3	 0	 0	 0	 1	 0	 1	0	2	0	0	0	0	0	0	0	0	0	0	0	0	0	0	0	0	0	0	0	0	1	0	1	0	#_27        
 2035	 7	1	3	0	 563	0	1	0	0	0	0	0	0	0	0	0	0	0	0	0	0	0	0	1	0	1	0	0	0	0	0	2	0	2	2	 0	 2	 5	 5	 9	11	13	 12	 14	 13	 19	 10	 20	 15	 17	 16	 12	  9	  8	  8	  2	  5	 3	  6	 2	 1	 1	 0	 0	 0	 0	 0	 0	 0	 0	 0	 0	 0	 0	 0	 0	 0	0	0	0	0	0	0	0	0	0	0	0	0	0	0	0	0	0	0	0	0	1	0	0	0	0	0	0	0	0	0	0	0	0	0	0	1	0	0	0	0	0	1	0	0	0	0	0	2	0	0	1	 1	 2	 7	 6	 6	 9	10	 9	11	 21	 16	 21	 19	 18	 15	 17	 14	 14	 11	 16	 10	 9	10	 8	 7	 5	 7	 0	 1	 3	 1	 0	 0	 0	 1	 0	 0	 0	 0	 1	 0	0	0	0	1	0	0	0	0	0	0	1	0	0	0	0	0	0	0	0	0	1	0	0	0	0	1	#_28        
 2036	 7	1	3	0	 563	0	0	0	0	0	0	0	0	0	0	0	0	0	0	1	1	0	1	0	0	0	0	0	1	1	0	1	4	6	2	 8	 5	 9	 3	 8	14	 7	 13	 19	 10	 17	 15	 15	  9	 10	  9	  9	 13	  4	  3	  8	 10	 3	  0	 2	 1	 0	 1	 0	 1	 0	 0	 0	 0	 0	 0	 0	 0	 0	 0	 0	 1	0	0	0	0	0	0	0	0	0	0	0	0	0	0	0	0	0	0	0	0	0	0	0	0	0	0	0	0	0	0	0	0	0	0	0	0	0	0	0	0	0	1	1	0	0	1	0	1	1	2	1	 4	 4	 6	 6	 6	14	 7	10	15	 22	 15	 21	 16	 13	 16	 14	 11	 12	 14	  8	 15	 8	 7	 7	 5	 9	 4	 7	 1	 4	 2	 1	 2	 0	 0	 0	 1	 1	 0	 0	 0	0	1	0	0	0	0	0	0	0	0	0	0	0	1	0	0	0	0	0	0	0	0	0	0	0	0	#_29        
 2037	 7	1	3	0	 563	0	0	0	0	0	0	0	0	0	0	0	1	0	0	0	0	0	0	0	0	0	0	0	0	0	0	1	1	3	4	 5	 8	 3	10	17	 7	13	 17	 10	 16	 16	 15	 14	 15	 11	 14	 10	  5	  5	  5	  2	  4	 2	  1	 0	 3	 1	 1	 0	 0	 0	 0	 1	 0	 0	 0	 0	 0	 0	 0	 0	 0	0	0	0	0	0	0	0	1	0	0	0	0	0	1	0	0	0	1	0	0	0	0	0	0	0	0	0	0	0	0	0	0	0	0	0	0	0	0	0	0	0	0	0	0	0	0	1	1	3	1	5	 3	 6	 3	 5	 5	11	 9	14	23	 22	 25	 19	 22	 14	 17	 13	 22	 18	  4	  6	  2	 4	 7	 8	 6	 4	 6	 1	 0	 1	 0	 1	 0	 1	 4	 0	 0	 0	 0	 1	 1	0	0	0	0	0	0	0	0	0	0	0	0	0	0	0	0	0	0	0	0	0	0	0	0	0	0	#_30        
 2038	 7	1	3	0	 563	0	0	0	0	1	0	0	0	0	0	0	0	0	0	0	0	0	0	1	0	0	0	0	1	1	1	2	4	3	2	 6	 4	 9	 7	 8	12	 9	 19	 12	 10	 13	 15	 19	 16	 12	 15	 10	  4	 11	  4	  3	  6	 2	  4	 2	 0	 0	 0	 1	 1	 0	 1	 0	 0	 0	 0	 0	 0	 0	 0	 0	 0	0	0	1	0	0	0	0	0	0	0	0	0	0	1	0	0	0	0	1	0	0	0	0	0	0	0	0	0	0	0	0	0	0	1	0	0	0	1	0	0	0	0	0	0	0	0	0	0	2	2	3	 1	 2	 5	 6	 5	 7	12	17	14	 17	 20	 18	 17	 24	 15	 13	 19	 11	 13	  5	 11	 6	 5	 7	 6	 4	 5	 1	 3	 4	 1	 2	 0	 1	 1	 1	 0	 0	 0	 0	 0	0	0	1	0	0	0	0	0	0	0	0	0	0	0	0	0	0	0	0	0	0	0	0	0	0	0	#_31        
 2039	 7	1	3	0	 563	0	0	0	0	0	0	0	2	0	1	0	0	0	0	0	0	0	0	0	0	0	0	0	0	0	0	2	1	0	2	 4	 7	 9	 5	21	13	 9	 16	 11	 16	 15	 13	 16	 14	  9	 16	 10	 11	  8	  9	  4	  2	 2	  1	 2	 1	 0	 0	 0	 0	 0	 0	 0	 1	 0	 0	 0	 1	 0	 0	 0	 0	0	0	0	0	0	0	0	0	0	0	0	0	0	0	0	0	1	0	0	0	0	0	0	0	0	0	0	0	0	0	0	0	0	0	0	0	0	0	0	0	0	1	0	0	0	0	1	0	1	1	3	 1	 2	 5	10	 6	 7	 9	15	13	 12	 15	 15	 20	 14	 19	 20	 19	  8	 15	 13	  7	 7	 9	 7	13	 4	 2	 3	 1	 1	 2	 0	 2	 1	 1	 0	 0	 0	 0	 1	 1	0	0	0	0	0	0	0	0	0	0	0	0	0	0	0	0	0	0	0	0	0	0	0	1	0	0	#_32        
 2040	 7	1	3	0	 563	0	0	0	0	0	0	0	0	0	0	0	0	0	0	0	0	0	0	0	0	0	0	0	0	0	1	2	1	3	2	 5	 2	 6	12	13	11	 7	 10	 18	 16	 20	 12	 13	 14	 15	 11	  7	  9	  7	  4	  2	  1	 1	  2	 1	 3	 1	 1	 0	 0	 0	 0	 0	 0	 0	 0	 0	 0	 0	 0	 0	 0	1	0	0	0	0	0	0	0	0	0	0	0	0	0	0	0	1	0	0	0	0	0	0	0	0	0	0	0	0	0	0	0	0	0	0	0	0	0	0	0	0	0	0	0	0	0	0	1	1	2	1	 2	 4	 3	 8	 8	 8	17	 8	11	 21	 17	 21	 27	 12	 17	 10	 11	  9	 16	  9	 20	13	11	 3	 5	 5	 8	 3	 3	 4	 0	 3	 2	 1	 0	 1	 0	 0	 0	 0	 0	0	0	0	0	0	0	0	0	0	0	0	0	0	0	1	0	0	1	0	0	0	0	0	0	0	0	#_33        
 2041	 7	1	3	0	 563	0	0	0	0	0	0	0	0	0	0	0	0	0	0	0	0	0	0	1	0	0	0	0	0	0	0	2	1	0	3	 2	 1	 6	 6	11	11	13	 16	 12	 20	  9	 14	 19	  8	 16	 14	 13	  8	  7	  5	  3	  4	 2	  2	 0	 1	 2	 0	 0	 1	 1	 0	 0	 0	 0	 0	 0	 0	 0	 0	 0	 0	0	0	0	0	0	0	0	0	0	0	0	0	0	0	0	0	1	0	0	0	0	0	0	0	0	0	0	0	0	0	0	0	0	0	0	0	0	0	1	0	0	0	0	0	0	0	0	1	1	0	2	 4	 2	 2	 1	 7	 6	 8	12	18	 15	 21	 20	 21	 22	 25	  9	 15	 17	 13	  8	 15	12	 7	 7	 5	 2	 5	 4	 3	 4	 1	 4	 0	 1	 0	 0	 1	 1	 0	 0	 0	1	0	0	2	1	0	1	0	0	0	0	0	0	0	0	0	0	0	0	0	0	0	0	0	0	0	#_34        
 2042	 7	1	3	0	 563	0	0	0	0	0	0	0	0	0	0	0	1	0	0	0	0	0	0	0	0	1	0	0	1	0	0	0	2	4	1	 7	 9	 5	12	12	 6	11	 13	 13	 15	 17	 10	 14	  7	 14	  8	  8	 11	  9	  3	  6	  3	 7	  1	 2	 1	 1	 0	 0	 1	 0	 0	 1	 0	 0	 0	 0	 0	 0	 0	 0	 0	0	0	0	2	0	1	0	0	0	0	0	0	0	0	0	0	0	0	0	1	0	0	0	0	0	0	1	0	0	0	0	0	0	0	0	0	0	0	0	0	0	0	0	0	0	1	0	0	2	0	0	 3	 8	 8	 7	11	 9	13	10	11	 18	 14	 15	 16	 14	 18	 19	 20	  8	 17	 14	  8	 6	 6	 7	 4	 6	 4	 5	 3	 1	 2	 2	 2	 2	 5	 0	 0	 0	 1	 0	 0	0	0	1	0	0	0	0	0	0	0	0	0	0	0	0	0	0	0	0	0	0	0	0	0	0	0	#_35        
 2043	 7	1	3	0	 563	0	0	0	0	0	0	0	0	0	0	0	0	0	0	0	1	0	0	0	0	0	0	0	0	1	1	0	2	1	1	 2	 4	 8	 8	 7	10	11	 11	  9	 17	 13	 14	 22	 22	 15	  8	 10	  8	  7	  4	  3	  4	 2	  3	 3	 1	 0	 1	 1	 0	 0	 0	 0	 0	 0	 1	 0	 0	 0	 0	 0	 0	0	0	0	0	0	0	0	0	0	0	0	0	1	0	0	1	0	0	0	0	0	0	1	0	0	0	0	0	0	0	0	0	0	0	0	0	0	0	0	0	0	0	0	0	0	0	0	0	0	2	0	 3	 5	 2	 5	10	 9	 7	13	21	 22	 17	 23	 12	 21	 22	 17	 13	 11	 14	 10	 11	 9	 7	 7	 4	 4	 7	 3	 2	 3	 1	 1	 2	 0	 0	 0	 0	 0	 0	 0	 0	0	0	0	0	0	1	1	0	0	0	0	0	0	0	0	0	0	2	0	0	0	0	0	0	0	0	#_36        
 2044	 7	1	3	0	 563	0	0	0	0	0	0	0	0	0	0	0	0	0	0	0	0	0	0	0	0	0	1	3	1	0	1	1	3	2	3	 5	 9	 3	 4	 9	13	15	 10	 12	 13	 17	 10	  7	 14	 14	 10	  7	  3	  9	  8	 11	  6	 3	  2	 1	 3	 0	 0	 0	 0	 0	 0	 0	 0	 0	 0	 0	 0	 0	 0	 1	 0	0	0	0	0	0	0	0	0	0	0	1	0	0	1	0	0	0	0	1	0	0	0	0	0	0	0	0	0	0	0	0	0	0	0	0	0	0	0	1	0	0	0	0	0	0	1	0	1	1	3	6	 4	11	 5	10	 6	14	12	11	 9	 14	 20	 17	 20	 21	 14	 19	 18	 11	 16	  9	  5	 5	 6	 9	 3	 6	 0	 3	 4	 1	 1	 0	 0	 3	 0	 0	 1	 0	 1	 0	 0	1	1	0	0	0	0	1	1	0	0	0	0	0	0	0	0	0	0	0	0	0	0	0	0	0	0	#_37        
 2045	 7	1	3	0	 563	0	0	0	0	0	0	0	0	0	0	0	0	0	0	0	0	0	0	0	0	0	1	0	1	1	1	0	1	2	7	 5	 2	 5	 6	 6	13	10	 13	 13	 18	 23	 15	 10	 17	 15	 16	 11	  5	  6	  4	  3	  2	 6	  3	 0	 1	 1	 0	 0	 0	 0	 0	 0	 0	 0	 0	 0	 0	 0	 0	 0	 0	0	0	0	0	0	0	0	0	0	0	0	0	0	0	0	0	0	0	0	1	0	1	0	0	1	0	0	0	0	0	0	0	0	0	0	0	0	0	0	0	0	0	0	1	0	0	0	1	1	3	3	 6	 2	 2	 5	 8	13	12	11	10	 13	 19	 31	 30	 17	 23	 10	 11	 22	 10	 12	  7	 8	 0	 1	 5	 3	 3	 3	 0	 2	 1	 0	 0	 1	 2	 2	 0	 0	 0	 2	 0	0	0	0	0	0	0	0	0	0	0	0	0	0	0	1	0	0	0	0	0	0	0	0	0	0	0	#_38        
 2046	 7	1	3	0	 563	0	0	0	0	0	0	0	0	1	0	0	0	0	0	0	0	0	0	0	0	0	0	0	0	0	0	0	0	0	0	 3	 3	 3	11	 8	12	10	  7	 15	 10	 12	 15	 18	 24	 12	 11	 11	 14	 11	  8	  6	  5	 4	  3	 2	 0	 1	 1	 0	 0	 2	 0	 0	 0	 0	 0	 0	 0	 0	 0	 0	 0	0	0	0	0	0	0	0	0	0	0	0	0	0	0	0	0	0	0	0	0	0	0	0	0	0	0	0	0	0	0	0	0	0	0	0	0	0	0	0	0	0	0	0	0	1	0	0	1	0	1	1	 0	 1	 2	 6	 1	 5	11	12	 9	 22	 20	 12	 13	 25	 23	 15	 15	 24	  9	 13	 12	12	 8	 8	 4	 3	 3	10	 2	 2	 4	 2	 1	 0	 2	 0	 1	 0	 0	 1	 0	1	0	0	0	0	0	0	0	0	0	0	1	0	0	0	0	0	0	0	0	0	0	0	0	0	1	#_39        
 2047	 7	1	3	0	 563	0	1	0	0	0	1	0	0	1	0	1	0	0	0	0	0	1	0	0	1	0	1	0	0	1	1	1	3	2	4	 5	 5	 9	 6	 7	 6	 9	  9	 11	  8	 10	  8	 16	 16	 13	 12	 10	 10	 12	 10	  8	  3	 6	  4	 1	 1	 2	 3	 1	 0	 0	 0	 1	 0	 0	 0	 0	 0	 0	 0	 0	 0	0	0	0	0	0	0	0	0	0	0	0	0	0	0	0	0	0	0	0	0	0	0	2	0	0	0	0	0	0	0	0	0	0	0	0	0	0	0	0	0	0	0	0	0	0	0	1	0	0	0	3	 3	 3	 6	 6	 5	 8	13	12	 9	 14	 10	 14	 13	 20	 11	 22	 10	 18	 10	 16	 13	 8	12	10	 8	 8	 5	 7	 7	 2	 3	 2	 0	 2	 2	 3	 1	 0	 0	 0	 0	0	0	0	0	0	0	0	0	0	0	0	0	0	0	0	0	0	0	0	0	0	0	0	0	0	0	#_40        
 2048	 7	1	3	0	 563	0	0	0	0	0	0	0	0	0	0	1	0	0	0	0	0	0	0	0	0	0	1	0	0	0	0	0	1	2	2	 4	 5	 6	11	 5	10	13	 13	  9	 21	 19	 16	 18	 19	 12	  9	 17	  9	  5	  5	  5	  1	 4	  0	 1	 0	 1	 0	 0	 0	 0	 0	 0	 0	 0	 0	 0	 0	 0	 0	 0	 0	0	0	0	0	0	0	0	0	0	1	0	0	0	0	0	0	0	0	0	0	0	1	0	0	1	0	0	0	0	0	0	0	0	0	0	0	0	0	0	0	0	0	0	1	0	0	0	1	0	2	3	 5	 5	 6	 7	 8	 5	11	15	12	 19	 19	  7	 19	 17	 18	 15	  9	 18	 23	  9	  9	 8	 6	 6	 2	 6	 4	 5	 0	 1	 4	 0	 1	 1	 0	 0	 2	 0	 1	 1	 0	0	0	0	1	0	0	1	0	0	0	0	0	0	0	0	0	0	0	1	0	1	0	0	0	0	0	#_41        
 2049	 7	1	3	0	 563	0	0	0	0	0	0	0	0	0	0	0	0	0	0	0	0	0	0	0	0	1	0	0	0	2	1	2	2	1	6	 8	 3	 7	12	13	12	10	 15	 12	 11	 15	 14	 12	 17	 15	  6	  8	  9	  9	  6	  4	  2	 2	  0	 0	 0	 1	 0	 1	 0	 0	 0	 0	 0	 0	 0	 0	 0	 0	 0	 0	 0	0	0	0	0	1	0	0	0	0	0	0	0	0	0	0	0	0	0	1	0	0	0	0	0	0	0	0	0	0	0	0	0	0	0	0	0	0	1	0	0	0	0	0	0	0	0	0	2	4	1	4	 3	 7	12	 7	11	15	 8	16	 9	 17	 17	 25	 16	 15	 12	 12	 14	 16	  6	 12	  4	14	14	 4	 3	 6	 1	 2	 3	 3	 0	 2	 0	 1	 0	 2	 0	 0	 0	 0	 0	0	0	0	0	0	0	1	0	0	0	0	0	0	0	0	0	0	0	0	0	0	0	0	0	0	0	#_42        
 2050	 7	1	3	0	 563	0	1	1	0	0	0	0	0	0	0	0	0	0	0	0	0	0	0	0	0	0	0	0	0	0	0	1	0	1	3	 7	 9	 5	 2	 5	17	 7	 12	 20	 17	 24	 18	 16	 16	 10	 13	  9	 11	  5	  2	  3	  1	 6	  0	 1	 0	 0	 0	 0	 0	 0	 0	 1	 0	 0	 0	 0	 0	 0	 0	 0	 0	0	1	0	0	0	0	0	0	0	0	0	0	0	0	0	0	0	0	0	0	0	0	0	1	0	0	0	1	1	0	0	0	1	0	0	0	0	0	0	0	0	1	0	1	0	0	0	0	0	0	0	 1	 3	 2	 5	 7	11	13	12	17	 13	 20	 23	 19	 20	 21	 14	 26	 16	 13	 10	  6	 8	 4	 5	 3	 3	 3	 6	 3	 0	 1	 1	 2	 0	 1	 0	 0	 0	 0	 0	 0	0	0	0	0	0	0	0	0	0	0	0	0	0	0	0	0	0	0	0	0	0	0	0	0	0	0	#_43        
 2051	 7	1	3	0	 563	1	0	0	0	0	0	0	0	0	0	0	0	0	0	0	0	0	1	0	0	0	0	0	0	0	1	0	1	1	1	 3	 1	 6	 2	 5	11	 6	  8	 16	 15	 17	 11	 14	 19	 12	 15	 13	 11	  7	 11	  4	  5	 4	  2	 2	 1	 0	 3	 0	 0	 0	 0	 1	 0	 0	 0	 0	 0	 0	 0	 0	 0	0	0	0	0	0	0	0	0	0	0	0	0	0	0	0	0	0	0	0	0	0	0	0	0	0	0	0	0	0	0	0	0	1	0	0	0	0	0	0	0	0	0	0	0	1	0	1	0	1	3	0	 1	 1	 3	 3	 5	 8	12	13	16	 18	 15	 15	 17	 18	 22	 18	 15	 17	 17	 19	 11	 7	 7	 7	 7	12	 1	 1	 3	 4	 2	 3	 0	 2	 1	 1	 0	 0	 0	 1	 0	1	0	0	1	0	0	0	0	0	0	0	0	0	0	0	0	0	0	0	0	0	0	0	0	0	0	#_44        
 2052	 7	1	3	0	 563	0	0	1	0	0	0	0	0	1	0	0	0	0	0	0	0	0	0	0	0	1	0	0	0	0	2	0	0	2	3	 4	 6	 2	15	 9	 9	13	 10	 15	 12	 10	 17	 13	 12	  9	  8	  6	  9	  8	  7	  4	  3	 0	  0	 1	 2	 1	 2	 0	 0	 2	 0	 0	 0	 1	 0	 0	 0	 0	 0	 0	 0	0	0	0	0	0	0	0	0	0	0	0	0	0	0	0	0	0	0	0	0	0	0	0	0	0	0	0	0	0	0	0	0	0	0	0	0	0	0	0	1	0	0	0	0	0	0	2	2	1	2	0	 5	 5	 5	 5	 3	11	10	 5	15	 17	 23	 19	 22	 17	 14	 15	 12	 17	 13	  5	 15	16	12	 8	 9	 5	 9	 2	 2	 1	 1	 3	 2	 2	 2	 0	 2	 1	 0	 1	 0	1	1	0	0	0	0	0	0	0	0	1	0	0	0	0	0	0	0	0	0	0	0	1	0	0	0	#_45        
 2053	 7	1	3	0	 563	0	0	0	0	0	0	1	0	0	0	0	0	0	0	0	0	0	0	0	0	0	0	0	0	1	1	0	3	5	3	 9	 6	12	10	13	12	 9	 10	 16	 12	  8	 13	 18	 15	 13	  6	  5	 14	  7	  9	  4	  3	 5	  6	 0	 1	 0	 0	 0	 0	 1	 0	 0	 0	 0	 0	 0	 0	 1	 0	 0	 0	0	0	0	0	0	0	0	0	0	0	0	0	0	0	0	0	0	0	0	0	0	0	1	0	0	0	0	1	0	0	0	0	0	0	0	0	0	0	0	0	0	1	0	1	1	0	0	2	1	3	1	 3	 5	 5	11	10	 8	13	15	16	 25	 15	 20	 19	 13	  9	 10	 18	 12	  8	 12	  7	 9	 3	 9	 6	 4	 2	 3	 4	 0	 1	 1	 0	 1	 0	 0	 0	 0	 0	 0	 0	0	0	0	0	0	1	0	0	0	0	0	0	1	0	0	0	0	0	0	0	0	0	0	0	0	0	#_46        
 2054	 7	1	3	0	 563	0	0	0	0	0	0	0	0	1	0	0	0	0	0	0	0	0	0	0	0	0	0	0	0	0	1	0	0	3	4	 6	 2	 6	 9	12	13	13	 19	 13	 17	 15	 19	 20	 15	  9	  7	 11	 13	  6	  1	  5	  2	 1	  2	 0	 1	 0	 0	 0	 1	 1	 0	 0	 0	 1	 0	 0	 0	 0	 0	 0	 0	0	0	1	0	0	0	0	0	0	0	0	0	0	0	0	0	0	0	0	0	0	0	0	0	0	0	1	0	1	0	0	0	0	1	0	0	0	0	0	0	0	0	0	0	0	0	0	1	0	1	1	 1	 1	 1	 8	10	12	12	 5	11	 18	 25	 23	 21	 22	 21	  7	 14	 22	  9	  4	 13	 8	10	 8	 3	 2	 2	 1	 2	 1	 1	 1	 0	 1	 3	 0	 0	 1	 1	 0	 0	0	0	0	0	1	0	0	0	0	0	0	0	1	0	0	0	0	0	0	0	0	0	0	0	0	0	#_47        
 2055	 7	1	3	0	 563	1	0	0	0	0	0	0	0	0	0	0	0	0	0	0	0	0	0	0	1	0	0	0	1	0	0	1	2	0	1	 1	 3	 5	 3	 7	12	 9	 13	 13	 22	  9	 17	 19	 14	 12	 10	 18	  6	  7	  7	  9	  6	 3	  3	 1	 2	 0	 0	 0	 0	 0	 0	 1	 1	 0	 0	 0	 0	 0	 0	 0	 0	0	0	0	0	0	0	0	0	0	0	0	0	0	0	0	0	0	0	0	0	0	1	0	0	0	0	0	0	0	0	0	0	0	0	0	0	0	0	1	0	0	0	0	0	0	1	0	0	1	2	0	 4	 1	 2	 7	 7	 7	 7	13	13	 16	 18	 16	 20	 18	 19	 17	 11	 11	 11	  7	 14	10	 8	15	 6	 6	 4	 5	 7	 5	 1	 5	 0	 1	 0	 0	 1	 1	 0	 0	 0	0	0	0	0	0	0	0	1	0	0	0	0	0	0	1	0	1	0	0	0	0	0	0	0	0	0	#_48        
 2056	 7	1	3	0	 563	0	0	0	0	1	0	0	0	0	0	0	0	0	0	0	1	0	0	0	0	0	0	0	1	0	0	0	0	1	2	 3	 2	 7	 5	 7	11	11	  7	 17	 12	 17	 19	  6	 12	 18	 17	 11	  8	  7	  4	  4	  4	 3	  3	 1	 0	 1	 1	 0	 0	 0	 0	 0	 0	 0	 0	 0	 0	 0	 0	 0	 0	0	1	0	1	0	0	1	0	0	0	0	0	0	0	0	0	0	1	1	0	0	0	0	0	0	0	0	0	0	0	0	0	0	0	0	0	1	0	0	0	0	0	0	0	0	0	0	0	0	0	1	 3	 4	 3	 6	 7	 8	10	 6	11	 14	 27	 14	 18	 16	 21	 13	 13	 20	 11	 23	 10	12	 6	 8	 5	 7	 8	 5	 3	 2	 4	 5	 2	 1	 1	 2	 0	 0	 0	 0	 2	0	0	0	0	0	0	0	0	0	0	0	0	0	0	1	0	0	0	0	0	0	0	0	0	0	0	#_49        
 2057	 7	1	3	0	 563	0	1	0	0	0	0	0	0	0	0	0	0	0	0	0	0	0	0	0	0	0	0	1	0	0	2	2	1	3	7	 2	 3	 3	 8	 9	 9	 9	 14	 12	  6	 16	 11	 18	 10	 16	 13	 10	 12	  5	  5	 10	  7	 3	  4	 1	 3	 1	 1	 1	 0	 0	 0	 0	 0	 0	 0	 0	 0	 0	 0	 0	 0	0	0	0	0	0	0	0	0	0	0	0	0	0	0	1	0	0	0	0	0	0	0	0	0	0	0	0	0	1	0	0	0	1	0	0	0	0	0	0	0	1	0	0	0	0	0	2	0	0	0	5	 0	 7	 9	 5	 5	 7	 7	 7	14	  9	 19	 19	 16	 14	 15	 19	 18	  8	  8	 20	 10	10	 7	 4	 9	 6	11	 4	 1	 4	 9	 3	 3	 0	 1	 1	 1	 0	 1	 1	 0	0	0	0	0	0	0	0	0	0	0	0	0	0	0	0	0	0	0	0	0	0	0	1	0	0	0	#_50        
 2058	 7	1	3	0	 563	0	0	0	1	0	0	0	0	0	0	0	0	1	0	0	0	0	1	0	0	0	0	1	0	1	2	0	1	1	4	 5	 5	 9	 8	10	 4	16	 14	  9	 17	 10	 15	 12	  9	 10	 12	 13	  7	  6	  4	  3	  1	 1	  3	 1	 0	 0	 2	 1	 0	 0	 0	 0	 0	 0	 0	 0	 1	 0	 1	 0	 0	1	0	0	0	0	0	0	0	0	0	0	0	0	0	0	0	0	0	0	0	0	0	0	0	0	0	0	1	1	0	0	0	0	0	0	0	0	0	0	0	0	0	1	0	1	0	0	0	0	5	1	 8	 5	10	 7	 2	 5	16	18	 9	 16	 22	 16	 15	 22	 21	 20	 20	 14	 10	 11	  8	 6	 9	 9	 4	 4	 4	 2	 5	 1	 1	 3	 3	 1	 0	 0	 2	 0	 0	 0	 0	0	0	0	0	0	0	0	0	0	0	0	0	0	0	0	0	0	0	0	0	0	0	0	0	0	1	#_51        
 2059	 7	1	3	0	 563	0	0	0	0	0	0	0	0	0	0	0	0	0	0	0	1	0	0	0	0	0	0	0	1	0	0	2	0	2	3	 4	 2	 9	 6	 7	10	10	 14	 15	 11	 18	 19	 13	 13	 17	 15	  4	 12	  5	  5	  4	  8	 5	  2	 3	 0	 0	 0	 2	 0	 0	 0	 0	 0	 0	 0	 0	 0	 1	 0	 0	 0	0	0	0	0	1	0	0	0	0	0	0	0	0	0	0	0	0	1	0	0	0	0	0	0	0	0	0	0	0	0	0	0	0	0	0	0	0	0	0	0	0	0	0	0	0	0	0	1	0	2	1	 1	 6	 3	 8	 8	11	14	 9	22	 23	 14	 11	 16	 26	 15	 14	  9	 14	 10	 15	 16	10	 6	 6	 3	 1	 3	 5	 3	 1	 2	 2	 0	 2	 0	 0	 1	 0	 1	 0	 0	1	0	0	0	0	0	0	0	0	0	0	0	0	0	0	0	1	0	0	0	1	0	0	0	0	0	#_52        
 2060	 7	1	3	0	 563	1	0	0	0	0	0	0	0	0	0	0	0	0	0	0	0	0	0	0	0	0	0	1	0	1	0	0	0	1	3	 4	 0	 4	 3	 6	 9	 7	 14	 13	 15	 17	 17	 17	 19	 16	  7	  8	  7	  6	 10	  5	  3	 6	  1	 2	 1	 0	 0	 0	 0	 0	 0	 0	 0	 0	 0	 0	 0	 0	 0	 1	 0	0	0	0	1	0	0	0	0	0	0	0	0	1	0	0	0	0	0	0	0	1	0	0	1	0	0	0	0	0	0	0	0	0	0	0	0	0	0	0	0	0	0	0	0	0	0	0	1	3	0	1	 1	 3	 7	 3	 5	10	 7	13	18	 13	 19	 16	 12	 23	 16	 22	 18	 15	 18	 17	 11	 8	 8	 7	 4	 2	 3	 7	 2	 2	 3	 3	 0	 4	 1	 1	 1	 0	 2	 0	 0	1	0	0	0	1	0	0	0	0	0	0	0	0	0	0	0	0	1	0	0	0	0	1	0	0	0	#_53        
 2061	 7	1	3	0	 563	0	0	0	0	0	0	0	0	0	0	0	0	0	0	0	0	0	0	0	0	0	0	0	0	0	1	0	3	1	4	 5	 6	 3	 6	 9	 8	10	 10	 19	 13	 17	 10	 18	 12	 15	  7	  9	  6	  9	  6	  5	  5	 4	  3	 1	 1	 4	 0	 1	 1	 0	 0	 0	 1	 0	 0	 0	 0	 0	 0	 0	 0	0	0	0	0	0	0	0	1	0	0	0	1	0	0	0	1	0	0	0	0	0	0	0	0	0	0	0	0	1	0	0	0	0	0	0	0	0	0	0	1	0	0	0	0	0	0	1	1	1	2	0	 4	 5	 6	10	10	 7	 6	 8	15	 18	 11	 15	 15	 24	 17	 10	 19	 18	 13	  7	  9	 9	12	11	 5	 7	 4	 6	 2	 4	 0	 3	 2	 1	 3	 0	 0	 1	 0	 0	 0	2	0	0	0	1	0	0	0	0	0	0	0	0	0	0	0	0	0	0	0	0	0	0	0	0	0	#_54        
 2062	 7	1	3	0	 563	0	0	0	0	0	0	0	0	0	0	0	0	0	0	1	0	0	0	0	0	1	0	0	0	1	1	0	2	1	1	 9	 8	 8	 5	12	14	14	  7	 17	  9	 13	 18	 18	 21	 13	  6	  8	  8	  9	  5	  3	  1	 1	  3	 1	 2	 1	 1	 1	 0	 1	 0	 0	 0	 0	 0	 0	 0	 0	 0	 0	 1	0	1	0	0	1	1	0	0	0	0	0	0	0	0	0	0	0	0	0	0	0	0	0	0	0	0	0	0	0	1	0	0	0	0	0	0	0	0	0	0	0	0	0	0	1	0	0	1	3	0	3	 0	 3	 8	 3	 8	11	10	16	12	 21	 12	 12	 17	 26	 14	 18	 19	 10	 15	 11	  9	 7	 7	 4	 6	 4	 6	 2	 3	 0	 2	 2	 2	 1	 0	 2	 0	 0	 0	 0	 0	0	0	0	0	1	0	0	0	0	0	0	0	0	0	0	0	0	0	0	0	1	0	0	0	0	0	#_55        
 2063	 7	1	3	0	 563	0	0	1	0	0	0	0	0	0	0	1	0	0	0	0	0	0	0	0	0	0	0	0	0	0	3	0	3	4	6	 5	 8	 7	11	11	11	13	 13	 10	 12	 21	 19	 11	 11	 10	 11	 12	 10	  6	  6	  3	  4	 3	  2	 0	 2	 3	 0	 0	 0	 0	 0	 0	 0	 0	 1	 1	 0	 0	 0	 0	 0	0	0	0	0	0	0	0	1	0	0	0	0	0	0	0	0	0	0	0	0	0	0	0	0	0	0	0	0	0	0	0	0	0	0	0	0	0	0	0	0	0	0	0	0	0	1	0	2	0	3	3	 6	 5	 4	 7	13	 5	10	 4	15	 14	 24	 20	 15	 17	 16	 16	 11	 13	 14	 11	  9	 8	 4	 6	 3	 6	 4	 2	 1	 1	 2	 3	 1	 1	 1	 1	 0	 2	 1	 1	 0	1	0	0	0	0	0	0	0	0	0	0	0	0	0	0	0	0	0	0	0	0	0	0	0	0	0	#_56        
 2064	 7	1	3	0	 563	0	0	0	0	0	0	0	0	0	0	0	0	0	0	0	0	0	0	0	0	0	0	0	0	0	1	2	2	3	4	 9	 5	 9	14	 5	14	13	 13	 15	 15	 17	 12	 15	 17	 17	  9	 14	 10	  3	  8	  3	  2	 1	  0	 0	 1	 2	 0	 0	 0	 0	 0	 0	 0	 0	 0	 0	 0	 0	 0	 0	 0	0	1	0	0	0	0	0	0	0	0	1	0	0	0	0	0	0	0	0	0	0	0	0	0	0	0	0	0	0	0	0	0	0	0	0	0	0	0	0	0	0	0	0	0	0	3	2	1	5	4	7	 7	 3	 8	11	 7	12	16	11	17	 15	 19	 12	 21	 19	 12	  9	 13	 10	  7	 11	  3	 4	 7	 2	 4	 5	 4	 3	 2	 2	 1	 3	 1	 1	 0	 0	 0	 0	 0	 0	 0	0	0	1	0	0	0	0	0	0	0	0	0	0	0	0	0	0	1	0	0	0	0	0	0	0	0	#_57        
 2065	 7	1	3	0	 563	0	0	0	1	0	0	0	0	0	0	0	0	0	0	0	1	0	0	0	0	0	0	0	0	0	1	0	1	0	1	 3	 4	 7	 9	 7	18	11	 16	 10	 22	 16	 28	 24	 10	 19	 12	 13	 12	  8	  3	  4	  4	 3	  2	 3	 0	 0	 0	 0	 0	 0	 0	 0	 0	 0	 0	 0	 0	 0	 0	 0	 0	0	0	0	1	1	0	0	0	0	0	0	0	0	0	0	0	0	0	0	0	0	0	0	0	0	0	0	0	0	0	0	1	0	0	0	0	0	0	0	0	0	0	0	0	0	0	0	0	0	2	0	 2	 2	 1	 2	 8	11	19	12	12	 12	 27	 18	 20	 25	 10	 20	  9	 14	  9	 10	  8	 5	 1	 5	 4	 2	 9	 1	 2	 1	 1	 0	 1	 0	 0	 0	 1	 0	 1	 0	 0	0	0	0	0	0	0	0	0	0	0	0	0	0	0	0	0	0	0	0	0	0	0	0	0	0	0	#_58        
 2066	 7	1	3	0	 563	0	0	0	0	0	1	0	0	0	0	0	0	0	0	0	0	0	0	0	0	0	0	1	0	1	1	1	1	0	3	 2	 7	 5	 7	 4	 3	 8	 10	  9	  9	 16	 15	 21	 11	 18	  8	 10	  6	  8	  4	 10	  8	 1	  2	 2	 1	 1	 1	 1	 1	 1	 0	 0	 0	 0	 0	 0	 0	 0	 0	 0	 0	0	0	0	1	0	0	0	0	0	0	0	0	0	1	0	0	0	0	0	0	0	0	0	0	0	0	0	0	0	0	0	0	0	0	0	0	0	0	0	0	0	0	0	2	0	0	1	0	0	3	3	 2	 4	 5	 2	 8	 6	11	 8	11	 12	 12	 17	 16	  9	 29	 11	 21	 23	 10	 16	 14	10	12	14	 7	 6	 7	 7	 7	 6	 0	 5	 2	 0	 0	 0	 1	 0	 0	 0	 0	0	0	0	0	1	0	0	0	0	0	0	0	0	0	0	0	0	0	0	0	1	0	0	0	0	0	#_59        
 2067	 7	1	3	0	 563	0	0	0	0	0	0	0	0	0	0	0	0	0	0	1	0	0	0	0	0	0	0	0	0	0	2	1	0	2	4	 5	 6	 7	 4	11	 9	11	 13	 16	 18	 13	 17	 12	 15	 11	 11	  8	 14	  6	  9	  8	  2	 1	  3	 1	 1	 1	 0	 0	 0	 1	 0	 0	 0	 0	 1	 0	 0	 0	 0	 0	 0	0	0	0	0	0	0	0	0	0	0	0	0	0	0	0	0	0	0	0	0	0	0	0	0	0	0	0	0	0	0	0	0	0	0	0	0	0	0	0	0	0	0	0	1	0	1	0	0	1	1	1	 8	 2	 5	 4	 5	 9	 4	11	14	 12	 21	 16	 14	 22	 13	 20	 17	 18	 12	 16	  9	 6	11	 2	 7	 4	 1	 2	 4	 4	 2	 4	 0	 1	 3	 2	 0	 2	 1	 0	 0	0	0	0	2	0	1	0	0	0	0	0	0	0	0	0	0	1	0	1	0	0	0	0	0	0	0	#_60        
 2068	 7	1	3	0	 563	0	0	0	0	0	0	0	0	0	0	0	0	0	0	0	0	0	0	0	0	0	0	0	0	1	0	3	1	5	2	 4	 3	10	 8	 8	12	16	 16	 22	 12	  8	 10	 12	 10	 11	  8	  8	 12	  5	  6	  3	  4	 1	  1	 4	 1	 1	 0	 0	 0	 0	 0	 1	 0	 0	 0	 0	 0	 0	 0	 0	 0	0	0	0	0	0	0	0	1	0	0	0	0	0	0	0	0	0	1	0	1	0	0	0	0	0	0	0	0	0	0	0	0	0	0	0	0	1	0	0	0	0	0	0	0	0	0	0	0	3	2	2	 2	 2	 6	 5	 7	15	14	15	20	 16	 14	 13	 20	 21	 16	 16	 15	  9	 11	 16	 10	 7	 7	 9	 9	 4	 3	 5	 6	 1	 3	 1	 0	 1	 0	 2	 0	 2	 0	 0	 0	0	0	0	0	0	0	0	0	0	0	0	0	0	0	0	0	0	0	0	0	0	0	0	0	0	0	#_61        
 2069	 7	1	3	0	 563	0	1	0	0	0	0	0	0	0	0	1	0	0	0	0	0	0	0	0	0	0	0	0	0	0	1	1	1	0	2	 2	 3	 8	 4	 4	 5	13	  3	 22	 12	 15	 18	 17	 24	  9	 13	  9	 13	  9	 14	  4	  5	 4	  5	 1	 0	 1	 0	 0	 0	 0	 0	 0	 0	 0	 0	 0	 0	 0	 0	 0	 0	0	0	0	0	0	0	0	0	0	0	0	0	0	0	0	0	0	0	0	0	0	0	0	0	0	0	0	0	0	0	0	0	0	0	0	0	0	0	0	0	0	0	0	0	1	0	0	0	1	0	2	 1	 2	 2	 5	 5	 8	 5	12	 6	 11	 15	 19	 18	 17	 19	 12	 24	 26	 18	 13	 12	 9	 8	 6	 5	 7	 5	 1	 5	 3	 4	 4	 0	 2	 1	 0	 0	 0	 0	 3	 0	2	0	0	0	0	0	0	0	0	0	0	0	0	0	0	0	0	0	0	0	0	0	0	0	0	0	#_62        
 2070	 7	1	3	0	 563	0	0	0	0	0	0	0	0	0	0	0	0	0	0	0	0	0	0	0	0	0	0	0	1	2	3	1	5	3	4	 8	 8	11	10	11	11	12	 10	 15	 12	  8	 13	 17	 10	  4	  7	  8	  3	  4	  5	  9	  4	 3	  5	 2	 2	 0	 0	 1	 0	 0	 1	 0	 0	 0	 0	 0	 0	 0	 0	 0	 1	0	0	0	0	0	0	0	0	0	0	0	1	0	0	0	0	0	1	0	0	0	1	1	0	0	0	0	0	0	0	0	1	0	0	0	0	0	0	0	0	0	0	0	0	0	1	0	2	4	6	7	 1	13	 5	 4	 5	 7	 6	10	 6	 15	 14	 10	 18	 17	 10	 24	 11	 15	 12	 14	 10	11	10	 5	 7	 8	 6	 8	 4	 4	 4	 2	 1	 1	 2	 0	 0	 2	 0	 1	 0	0	0	0	0	0	0	0	0	0	0	0	0	0	0	0	0	0	0	0	0	0	0	1	0	0	0	#_63        
 2071	 7	1	3	0	 563	0	0	0	0	0	0	0	0	0	0	0	0	0	0	0	0	0	0	0	0	0	0	0	0	0	0	0	1	2	2	 4	 5	 7	 3	 5	13	19	  9	 25	 20	 19	 18	 20	 20	 10	 18	  9	  7	  2	  7	  3	  3	 3	  1	 1	 3	 0	 0	 0	 0	 0	 0	 0	 0	 0	 0	 0	 0	 0	 0	 0	 0	0	0	0	0	1	0	0	0	0	0	0	1	0	0	0	0	1	1	0	0	0	0	0	2	0	0	0	0	0	0	0	0	0	0	0	0	0	0	0	0	0	0	0	0	0	0	0	0	2	0	1	 3	 5	 0	 5	 6	11	12	23	19	 18	 15	 17	 23	 22	 23	 16	 10	  8	 10	  5	 13	 9	 3	 8	 0	 1	 1	 1	 1	 1	 1	 0	 1	 0	 0	 0	 0	 0	 0	 0	 0	0	1	0	0	2	0	0	0	0	0	0	0	0	0	0	0	0	1	0	0	0	0	0	0	0	0	#_64        
 2072	 7	1	3	0	 563	0	0	0	0	0	0	0	0	0	0	0	0	0	0	0	0	0	0	1	1	0	0	0	0	1	0	2	0	1	2	 2	 3	 4	 7	 4	 9	16	  8	 11	 17	  6	 17	 11	 13	 13	 12	 10	 11	  5	  7	  5	  4	 7	  1	 6	 2	 1	 0	 0	 1	 0	 0	 0	 0	 0	 0	 0	 0	 0	 0	 0	 1	1	0	0	0	0	0	0	0	0	0	1	0	0	0	0	0	0	0	0	0	0	0	0	0	0	0	0	0	0	0	0	0	0	0	0	0	0	0	0	0	1	1	0	1	0	2	0	0	2	0	1	 3	 6	 6	 1	 2	12	13	 9	17	 13	  8	 11	 18	 28	 17	 18	 13	 17	 15	 21	 13	 9	 9	 5	 7	 7	 5	 9	 4	 2	 4	 3	 1	 1	 0	 0	 0	 1	 1	 0	 1	0	0	0	0	0	0	0	0	0	0	0	0	0	0	0	0	0	0	0	0	1	0	0	0	0	0	#_65        
 2073	 7	1	3	0	 563	0	0	0	0	0	0	0	0	0	0	0	0	0	0	0	0	0	0	0	0	0	0	0	0	0	0	1	6	2	3	 6	 6	 8	11	12	10	 8	 17	 17	 16	 16	 14	  9	 11	  8	 12	  9	  6	 11	  3	  4	  6	 2	  2	 1	 4	 2	 1	 1	 0	 0	 2	 0	 0	 0	 0	 0	 0	 0	 0	 0	 0	0	0	0	0	0	0	0	1	0	0	0	0	0	0	0	0	0	0	0	0	0	0	0	0	0	0	1	0	0	0	0	0	0	0	0	0	0	0	0	0	0	0	0	0	1	1	1	0	2	8	2	 8	 6	 4	 8	 6	 6	 8	14	13	 24	 17	 14	 13	 23	 13	  9	 13	  9	  9	  7	  7	10	11	 9	 7	 4	 7	 2	 7	 3	 2	 1	 0	 1	 4	 0	 0	 0	 0	 0	 0	0	0	0	0	0	0	0	0	0	0	0	0	0	0	0	0	0	0	0	0	0	0	0	0	0	0	#_66        
 2074	 7	1	3	0	 563	0	0	0	0	0	0	0	1	0	0	0	0	0	0	0	0	0	0	0	0	0	0	0	0	1	2	0	0	3	1	 4	 6	 5	 8	 5	15	10	 16	 10	 20	 20	 21	 16	 14	 12	 17	 11	  8	  2	  4	  3	  0	 1	  1	 1	 1	 0	 0	 0	 0	 0	 0	 1	 1	 0	 0	 0	 0	 1	 0	 0	 0	0	0	0	0	0	0	0	0	0	0	0	0	0	0	0	0	0	0	0	0	0	0	1	0	0	0	0	0	0	0	0	0	0	0	1	0	0	0	0	0	0	0	0	0	0	0	0	0	1	0	2	 0	 2	 8	 3	 7	 7	15	13	15	 20	 27	 20	 17	 24	 17	 18	 15	 12	  9	 13	 11	 8	 3	 5	 5	 2	 4	 1	 2	 1	 2	 0	 1	 1	 0	 1	 3	 1	 1	 0	 0	1	0	0	0	1	0	0	0	0	0	0	0	0	0	0	0	0	0	0	0	0	0	0	0	0	0	#_67        
 1983	 9	2	3	2	4658	0	0	0	1	1	1	2	1	0	1	0	1	0	1	0	0	0	1	2	2	2	0	0	1	0	0	0	0	1	1	 0	 1	 2	 2	 3	28	65	160	151	163	169	166	165	177	135	119	118	 99	114	 94	 95	 60	74	 62	60	51	41	37	32	22	23	29	20	16	13	10	15	14	 3	 6	 6	 1	3	3	5	1	2	1	2	1	0	2	0	0	0	0	3	0	0	0	0	1	0	0	1	0	1	0	0	2	0	0	0	0	0	0	1	0	0	0	0	0	0	0	0	2	2	0	2	0	0	0	0	 2	 0	 1	 0	 1	 1	 1	12	54	120	137	130	139	153	109	113	100	 83	 85	 99	 85	63	75	49	44	46	32	39	22	26	30	13	17	12	10	 9	14	10	 6	 7	 5	6	3	6	2	2	0	1	3	1	2	1	0	0	0	0	0	0	0	1	0	0	0	0	0	0	1	#_68        
 1984	 8	2	3	2	4658	0	0	1	0	0	0	0	0	2	2	0	0	0	0	1	1	0	1	0	1	1	0	0	0	0	0	0	1	1	0	 2	 0	 1	 0	 2	30	79	142	178	170	149	143	177	134	146	130	103	115	109	 79	 78	 93	76	 77	67	49	60	49	28	33	27	18	11	15	12	12	17	 8	 8	 7	 3	 1	2	0	3	4	2	1	1	0	2	0	0	0	0	1	1	3	2	0	1	0	0	0	0	0	1	0	0	0	1	1	0	0	2	0	0	1	2	1	0	0	0	0	1	2	3	0	0	0	1	0	0	 0	 1	 1	 0	 0	 1	 4	 9	50	109	142	150	121	137	127	 95	119	116	 80	 88	 78	61	62	50	34	38	29	36	33	23	26	22	24	11	12	11	11	 7	 9	 7	 6	3	4	4	2	3	1	2	2	1	0	1	1	0	0	0	0	1	1	0	1	0	0	0	1	0	1	#_69        
 1985	 9	2	3	2	4658	0	0	0	0	2	0	0	0	0	1	0	0	0	0	0	2	0	0	2	1	1	1	0	0	0	2	1	1	1	1	 0	 1	 1	 1	 4	16	72	154	170	173	172	156	176	134	147	143	111	132	107	 89	 77	 67	70	 48	53	61	36	40	36	25	30	24	27	17	23	 8	11	 5	 5	 7	 4	 8	4	2	3	2	2	1	2	0	1	1	1	1	0	0	1	1	2	0	0	0	1	0	0	0	0	1	0	0	0	0	0	1	1	1	0	1	0	0	0	0	1	0	1	0	1	0	0	1	0	0	1	 1	 0	 0	 3	 0	 0	 6	 9	53	134	155	128	145	103	128	127	109	 80	 92	 81	 72	69	58	48	37	33	43	27	30	28	11	24	17	10	13	15	10	12	11	 2	 4	5	3	1	3	7	2	2	0	0	2	0	2	1	3	0	0	0	0	0	0	3	1	0	2	0	1	#_70        
 1987	 8	2	3	2	4658	0	1	1	1	0	1	0	0	0	0	0	0	0	0	0	0	1	0	0	0	0	1	0	0	0	0	1	0	0	0	 0	 0	 0	 0	 2	12	42	103	114	124	139	126	121	118	114	109	126	128	101	 98	102	 75	92	 95	69	74	67	67	60	33	47	31	28	19	19	17	14	11	 9	 9	 6	10	6	5	2	5	0	0	1	1	1	0	1	1	1	1	2	0	0	0	0	0	0	1	1	0	0	1	2	0	0	0	0	1	0	0	0	1	1	0	0	1	0	2	1	0	0	1	0	0	2	2	0	 0	 2	 0	 1	 1	 2	 2	10	44	102	128	121	107	106	106	120	 92	 97	 84	 92	 82	75	62	66	77	59	55	50	53	31	32	39	21	26	28	11	18	 9	 9	 7	 7	5	5	7	4	3	3	1	3	0	2	0	0	1	1	0	0	0	0	0	0	0	2	3	1	1	0	#_71        
 1988	 9	2	3	2	4658	0	0	0	0	0	0	1	0	1	0	2	1	1	0	0	0	0	0	0	0	0	0	1	1	1	0	1	1	0	0	 0	 0	 0	 1	 3	21	77	135	149	157	141	152	154	154	135	102	103	 85	112	 76	 66	 69	60	 52	61	50	56	41	39	37	35	42	25	16	23	15	17	 7	14	14	 4	 9	6	5	3	0	4	8	4	1	2	2	1	3	0	2	1	0	1	0	1	1	0	1	1	2	1	0	0	1	1	2	0	1	0	2	0	0	0	0	0	0	0	0	0	0	0	1	0	0	0	0	1	 1	 1	 1	 0	 0	 2	 2	21	66	124	138	142	139	112	103	118	 86	 90	 69	 78	 77	64	50	56	57	52	45	40	41	42	38	38	29	22	19	17	10	10	14	 9	11	4	5	5	5	7	2	4	1	0	0	1	1	0	0	0	1	2	1	1	0	0	2	1	0	0	2	#_72        
 1989	 9	2	3	2	4658	0	0	0	1	0	0	1	0	0	2	0	1	0	0	0	2	0	1	1	2	2	1	1	0	0	0	0	0	0	1	 0	 1	 0	 0	 2	23	91	168	179	202	200	177	158	152	146	141	133	 83	 82	 85	 65	 54	58	 30	47	27	18	22	21	17	26	23	11	16	 8	 6	 9	 6	 6	 4	 6	 7	3	8	1	2	3	0	0	4	0	0	0	1	0	0	0	3	1	0	0	1	0	1	0	0	0	0	0	0	0	0	1	0	0	0	0	0	2	3	0	1	2	1	0	0	1	0	0	1	0	0	2	 0	 1	 0	 0	 0	 1	 5	18	74	154	204	194	174	135	164	114	124	 92	 75	 82	 67	44	43	46	28	39	28	21	16	 9	17	17	14	 8	 9	10	 6	 6	10	 8	 5	6	4	3	1	1	1	3	1	3	0	0	0	0	0	0	1	0	1	0	0	1	0	0	1	1	0	#_73        
 1990	 8	2	3	2	4658	0	0	1	0	0	1	0	0	1	0	1	0	0	0	0	0	0	0	1	0	0	0	0	1	1	0	1	0	1	0	 1	 0	 2	 0	 3	13	89	175	178	166	161	176	175	170	145	139	111	115	 99	 94	 80	 68	64	 50	49	44	33	35	22	26	20	11	12	17	10	 7	 8	 6	 3	10	 7	 3	1	4	1	2	4	1	2	1	0	1	2	1	0	0	1	1	0	0	3	0	0	0	0	1	0	1	2	0	0	1	0	0	1	0	0	0	0	2	0	1	0	0	1	0	0	0	1	0	0	0	0	 0	 2	 1	 1	 3	 3	 5	14	48	130	167	170	147	139	139	132	112	102	 89	 85	 69	65	54	49	40	23	31	31	25	21	14	18	 8	14	11	 5	 3	 6	 4	 6	 5	3	1	2	1	0	1	2	0	1	0	1	1	0	2	2	0	2	1	2	0	1	0	2	0	0	0	#_74        
 1991	 9	2	3	2	4658	1	0	1	0	1	1	0	0	0	1	0	1	0	0	1	0	1	1	1	1	3	0	0	1	1	0	0	0	0	1	 2	 0	 0	 0	 2	13	71	145	164	178	201	165	161	143	131	151	121	121	 86	 92	 80	 70	69	 61	50	41	34	35	38	36	16	21	21	14	11	 8	10	10	 6	 3	 5	 7	3	4	1	1	0	0	1	1	0	1	0	1	0	0	0	0	0	0	2	1	0	0	0	0	0	1	2	0	0	1	0	1	0	0	1	0	1	1	0	0	0	3	1	1	1	1	0	0	1	0	0	 0	 0	 0	 0	 0	 3	 0	14	61	125	144	137	133	138	127	105	 99	 98	 91	 91	 69	59	52	66	56	57	36	33	32	21	27	14	14	12	15	11	10	18	 7	 7	 3	6	1	1	2	5	0	0	1	2	2	0	1	2	0	0	0	0	2	2	2	0	0	0	0	1	1	#_75        
 1992	 9	2	3	2	4658	1	2	0	0	0	0	0	1	2	0	1	0	0	0	0	4	1	0	2	0	0	0	0	0	1	0	1	0	0	0	 1	 0	 1	 0	 5	23	56	 95	140	148	128	132	131	122	119	122	114	 84	114	114	116	 93	82	 73	71	48	69	60	53	42	29	27	19	23	14	16	12	 9	10	 6	 7	 3	4	3	3	4	3	1	1	0	0	2	0	0	0	1	1	0	1	2	0	1	1	1	0	0	2	1	0	1	0	0	0	0	1	0	2	0	0	0	0	0	2	0	0	0	0	1	2	0	1	0	0	 0	 0	 1	 0	 0	 1	 0	 7	51	109	122	129	101	122	121	100	107	108	 89	 87	102	72	84	61	65	57	42	60	26	35	28	24	27	16	27	15	14	 3	 6	 7	 8	5	3	7	1	3	2	0	1	1	3	2	1	0	1	0	2	0	0	0	0	1	1	1	0	0	0	#_76        
 1993	 9	2	3	2	4658	1	0	0	1	1	1	1	0	3	0	1	0	1	0	0	0	1	3	0	0	0	0	0	1	0	1	0	0	0	1	 0	 1	 1	 2	 3	 2	13	 46	170	193	210	196	211	196	163	147	133	121	108	 95	 73	 61	61	 65	43	55	36	45	27	25	22	11	19	21	12	11	 5	 7	12	 5	 5	 3	5	4	2	1	2	3	1	1	1	1	1	1	0	0	1	0	1	0	0	3	0	0	0	0	0	0	0	1	0	1	0	3	0	1	1	0	0	0	1	0	0	0	0	0	0	0	0	0	1	1	1	 1	 0	 1	 0	 0	 0	 0	 3	13	 57	140	181	178	154	132	122	112	111	 82	 61	 77	55	52	57	43	37	36	31	30	26	26	15	15	18	19	17	 8	 6	 6	 4	 5	4	5	2	0	4	5	5	4	1	1	1	0	0	2	0	0	0	0	0	0	0	1	1	0	0	0	#_77        
 1994	 9	2	3	2	4658	0	1	0	0	3	1	0	0	0	3	2	0	0	0	0	0	0	0	0	2	0	0	1	0	0	0	0	0	0	0	 0	 0	 0	 0	 0	 2	 4	 35	136	162	186	180	167	147	129	136	132	121	117	112	107	 78	68	 57	61	54	51	47	32	23	31	20	26	16	13	 8	10	 9	 5	 9	 3	 6	7	6	2	1	1	1	2	0	2	1	2	0	1	0	0	0	0	0	0	0	0	1	0	0	0	0	1	1	2	2	0	0	1	0	0	0	0	0	1	0	1	1	0	0	0	0	0	1	0	2	0	 0	 0	 1	 0	 0	 3	 0	 1	11	 59	127	159	167	140	150	145	 99	128	110	 90	 94	75	63	61	67	39	45	28	37	31	17	18	14	15	14	17	14	 9	 4	 7	 5	4	7	5	6	0	3	1	3	5	0	0	2	1	0	0	0	0	0	0	2	1	0	0	0	0	1	#_78        
 1995	 9	2	3	2	4658	1	2	1	0	1	0	0	0	0	0	1	0	0	0	0	0	0	1	0	0	0	0	3	0	0	1	0	0	0	1	 3	 1	 0	 0	 3	 0	10	 53	110	161	187	173	166	168	157	157	106	104	125	107	 90	 81	75	 83	71	62	50	37	42	31	28	26	18	18	20	10	13	 8	 6	 6	 3	 8	3	2	3	1	3	4	1	0	0	1	1	0	1	1	1	1	0	0	1	0	1	1	1	2	1	0	0	0	1	1	0	0	0	1	0	1	0	0	1	1	2	0	0	0	1	0	1	1	0	1	0	 0	 1	 0	 0	 0	 0	 0	 3	 8	 38	134	179	155	127	121	149	111	121	105	 87	 86	65	56	53	47	48	57	43	38	28	25	20	21	14	14	12	 5	10	 7	 6	 4	5	5	2	0	2	3	1	1	0	1	1	3	0	1	0	1	1	0	0	0	1	0	0	0	1	0	#_79        
 1996	 9	2	3	2	4658	0	0	1	1	1	0	0	0	0	0	1	0	0	1	0	0	2	1	2	0	0	0	0	0	0	1	1	0	1	0	 0	 0	 0	 0	 0	 2	10	 52	148	188	241	169	181	172	153	154	147	123	 98	 93	 89	 72	70	 75	54	39	34	33	30	23	32	12	12	22	13	11	12	 9	 7	 7	 3	 4	1	4	3	4	0	2	1	2	2	0	0	1	1	0	0	0	0	0	1	0	0	0	3	1	0	0	0	1	1	0	0	0	0	0	2	0	0	0	1	1	0	0	0	0	0	0	0	1	0	0	1	 1	 0	 1	 0	 1	 0	 2	 2	 2	 51	121	168	192	161	137	135	120	121	101	 91	 80	64	60	51	43	41	40	35	26	28	21	20	12	15	 8	 9	 7	 7	 8	 7	 1	5	6	1	0	0	1	0	1	0	1	2	0	0	2	1	1	0	0	0	2	1	0	2	1	0	0	#_80        
 1997	 8	2	3	2	4658	0	1	0	0	0	0	1	0	0	0	2	0	2	0	0	0	3	1	0	0	0	0	2	1	1	0	0	1	0	0	 2	 1	 1	 0	 1	 0	 8	 22	 74	157	200	209	185	189	189	167	131	164	 96	113	 89	 95	80	 79	63	50	50	39	36	31	24	27	19	15	13	10	 6	 5	 5	 9	 4	 5	6	4	5	2	3	2	1	0	0	1	1	0	0	0	1	1	0	2	1	0	0	1	1	0	0	2	0	0	1	0	0	0	0	3	0	0	0	0	0	1	1	0	1	0	0	0	0	0	0	0	0	 2	 1	 0	 0	 0	 1	 2	 1	 6	 22	 55	135	154	160	140	151	115	111	106	112	 83	66	72	59	57	38	46	30	27	23	24	17	19	13	 7	 6	11	12	10	 9	 9	4	0	4	2	1	2	1	2	0	2	2	1	0	0	0	0	1	1	0	1	0	0	1	0	0	2	#_81        
 1998	 9	2	3	2	4658	0	1	1	0	0	0	0	0	0	1	1	1	1	0	1	0	0	2	0	0	3	1	1	1	0	0	0	0	1	0	 0	 1	 0	 0	 0	 0	10	 24	 57	145	135	172	165	155	175	143	165	138	138	 95	 91	106	99	101	80	75	62	52	33	29	26	33	29	17	14	 9	 8	 8	10	 6	 6	 3	2	1	2	4	4	2	1	1	0	2	1	1	0	0	1	1	0	1	2	0	1	2	1	1	1	0	0	0	1	0	0	0	0	0	1	1	0	0	0	1	0	1	0	0	0	0	0	0	1	1	1	 1	 0	 1	 0	 1	 0	 0	 2	 3	 19	 44	101	136	156	148	138	140	113	109	 89	 86	80	77	66	70	46	52	48	53	32	16	28	24	17	18	14	 6	 3	 6	 7	 6	5	4	3	0	0	2	2	2	0	2	1	3	3	0	1	0	0	1	0	1	0	0	0	1	0	0	#_82        
 1999	 9	2	3	2	4658	1	0	0	0	1	2	1	0	2	1	0	1	0	1	0	1	0	0	1	0	0	0	0	0	0	0	1	0	1	0	 1	 0	 0	 0	 1	 5	10	 33	 90	180	246	231	220	215	195	160	151	139	121	105	100	 85	69	 43	34	43	34	30	26	23	25	12	15	12	13	11	10	 6	 4	 5	 3	 2	0	2	1	0	1	0	2	2	0	1	0	1	0	0	1	0	0	0	1	0	0	0	1	0	0	0	0	1	0	0	0	1	1	1	2	1	0	0	0	1	0	1	1	2	1	0	0	0	0	0	1	 0	 1	 0	 1	 0	 0	 2	 3	 3	 33	 78	141	174	186	156	141	126	109	100	 70	 72	82	68	47	42	36	28	23	30	33	14	20	13	 8	 9	 3	 5	 4	 6	 7	 6	5	3	2	0	2	4	2	2	0	2	0	0	2	0	0	1	0	0	1	0	1	0	0	1	1	0	#_83        
 2000	 9	2	3	2	4658	1	0	0	0	0	0	0	0	1	2	1	0	1	1	1	1	1	1	1	1	0	1	0	1	0	1	0	0	0	1	 0	 0	 0	 3	 0	 1	 0	 27	 70	115	139	163	173	185	150	155	155	133	133	105	103	 90	83	 82	67	73	56	48	51	33	31	24	18	18	19	 7	13	10	 9	 2	 7	 4	3	6	3	0	1	1	0	2	0	2	0	0	1	1	0	2	1	0	0	0	0	1	1	1	0	0	0	0	1	0	0	1	2	0	0	0	1	2	1	0	1	1	1	0	1	1	1	0	0	0	2	 1	 1	 0	 0	 0	 1	 1	 2	 4	 16	 62	 96	144	140	145	147	142	136	133	 97	 98	78	89	77	56	56	47	43	30	43	28	22	17	 8	 9	11	 8	10	 4	 6	 4	5	5	1	1	4	2	2	1	1	0	0	0	1	0	1	1	2	0	0	1	0	0	1	2	1	0	#_84        
 2001	 9	2	3	2	4658	0	0	0	0	1	1	0	1	0	0	0	1	0	1	0	0	1	0	1	0	2	3	0	0	0	0	1	0	0	0	 0	 0	 0	 0	 0	 2	 8	 19	 63	118	123	136	145	142	117	139	140	117	113	105	 95	104	79	 79	81	80	75	59	46	44	36	42	38	26	26	23	16	11	15	 8	11	 8	7	3	6	4	2	3	1	1	1	0	0	1	0	2	2	0	0	1	0	0	0	0	0	0	0	0	0	0	1	1	0	0	0	0	0	0	0	1	1	0	0	1	0	0	1	0	0	0	1	0	0	 0	 1	 3	 0	 0	 0	 1	 2	 6	  9	 53	 91	114	124	132	121	125	102	123	111	 97	96	82	82	76	68	59	62	42	50	33	43	39	22	16	21	16	14	10	13	10	5	4	5	7	5	1	4	1	0	1	1	2	2	1	0	0	0	1	1	0	1	3	0	0	0	1	#_85        
 2002	 9	2	3	2	4658	1	0	0	0	1	0	0	0	1	1	0	2	0	2	1	0	0	0	0	0	0	0	0	0	2	0	1	1	0	0	 0	 1	 0	 1	 3	 3	12	 33	114	178	213	224	197	222	206	174	178	124	115	104	 93	 62	54	 34	45	45	33	33	23	29	31	13	18	10	13	 6	12	 6	 4	 3	 4	 4	0	5	2	5	3	2	1	1	0	1	0	0	1	1	1	0	0	0	0	0	1	0	0	0	1	0	0	1	0	0	0	1	0	0	0	0	0	0	0	0	0	0	0	1	0	0	1	0	0	0	2	 0	 1	 0	 0	 1	 0	 0	 0	 6	 34	 84	125	202	183	157	146	117	119	 88	 73	 65	70	46	40	43	47	42	17	21	27	26	22	17	23	10	 8	 8	12	 9	 5	 3	8	1	6	1	4	3	2	1	1	2	2	1	1	1	0	0	3	0	0	0	1	1	0	0	1	0	#_86        
 2003	 9	2	3	2	4658	0	0	0	0	0	0	0	0	0	0	1	0	2	1	0	3	1	1	0	1	0	0	0	0	1	1	0	0	2	0	 2	 1	 0	 0	 0	 3	 3	 33	 78	141	203	207	210	179	177	161	136	130	113	104	102	 90	74	 46	58	52	45	38	43	26	23	18	10	13	 8	10	 2	11	 5	 7	 1	 2	2	3	3	0	0	0	2	3	0	0	1	1	0	1	0	1	0	0	2	1	2	1	0	1	0	0	1	1	0	0	0	0	1	0	1	0	0	0	1	0	1	1	0	0	0	0	1	1	0	1	0	 1	 0	 0	 0	 1	 1	 1	 3	 7	 27	 66	137	177	190	153	150	142	139	118	 83	 78	71	64	55	51	52	48	28	29	15	25	18	20	12	 9	14	 8	 7	 7	 3	 5	5	5	1	4	1	3	2	1	0	1	1	1	1	0	1	0	2	0	0	0	0	0	0	1	0	0	#_87        
 2004	 9	2	3	2	4658	2	0	1	0	0	0	1	0	0	0	0	0	0	0	0	1	2	1	3	0	0	0	1	0	0	0	0	0	2	0	 0	 1	 1	 0	 4	 0	11	 29	 82	153	184	199	217	187	166	181	143	138	107	110	102	 81	95	 57	55	47	30	41	29	33	20	22	19	15	15	 9	 8	 5	 7	 8	 3	 4	1	3	1	5	2	0	0	0	0	2	1	2	0	1	3	1	1	0	1	0	2	1	0	0	1	0	0	0	1	1	0	2	0	0	0	0	2	0	0	0	0	0	0	0	1	0	1	0	0	1	1	 0	 2	 0	 1	 0	 1	 0	 6	 5	 20	 68	131	163	164	166	146	131	111	109	 95	 61	70	79	67	61	46	29	35	31	35	25	29	15	14	12	 7	 4	 5	 7	 9	 3	2	5	2	2	1	0	1	3	0	2	1	0	3	0	1	0	0	0	0	0	0	1	1	0	0	0	#_88        
 2005	 9	2	3	2	4658	2	0	0	0	0	0	0	0	0	0	0	0	0	0	1	1	0	0	0	0	0	0	1	0	1	0	3	1	0	0	 0	 0	 0	 0	 0	 1	 7	 17	 62	132	157	203	194	169	158	131	151	123	113	120	103	 71	67	 78	64	61	37	27	32	24	28	24	24	14	11	17	12	 7	13	 6	 3	 6	1	2	6	1	1	3	0	1	2	0	2	0	0	1	2	2	0	0	1	0	1	2	0	0	0	0	0	1	0	0	1	0	0	0	0	0	0	2	1	0	2	0	0	0	1	0	2	0	1	1	0	 0	 0	 0	 0	 2	 2	 1	 1	 5	 27	 70	134	188	190	165	165	125	112	 95	108	 89	91	75	52	59	43	40	36	28	38	28	19	18	15	28	12	10	 9	 8	 7	 6	3	7	2	3	4	2	2	2	3	0	1	3	3	1	0	1	0	0	1	0	0	1	0	1	0	0	#_89        
 2006	 9	3	3	2	 283	0	0	0	0	0	0	0	0	0	0	0	0	0	0	0	0	0	0	0	0	0	0	0	0	0	0	0	0	0	0	 0	 0	 0	 0	 0	 0	 0	  1	  7	  7	  7	  6	 13	 19	 12	 10	  6	  7	  5	  8	  1	  8	 2	  2	 2	 2	 2	 0	 1	 0	 3	 1	 0	 1	 0	 0	 0	 1	 0	 0	 1	 0	0	0	0	0	0	0	0	0	0	0	0	0	0	0	0	0	0	0	0	0	0	0	0	0	0	0	0	0	0	1	0	0	0	0	1	0	0	0	0	0	0	0	0	0	0	0	1	0	0	0	0	 0	 0	 0	 0	 0	 0	 0	 0	 0	  0	  2	 13	 15	 21	  7	 10	 13	  6	 10	 10	  8	 5	 3	 0	 9	 1	 2	 3	 3	 0	 1	 0	 1	 0	 1	 0	 0	 0	 0	 0	 0	0	1	0	0	0	0	0	0	0	0	0	0	0	0	0	0	0	0	0	0	0	0	0	0	0	0	#_90        
 2007	 9	3	3	2	 283	0	0	0	0	0	0	0	0	0	0	0	0	0	0	0	0	0	0	0	0	0	0	0	0	0	0	0	0	0	0	 0	 0	 0	 0	 0	 0	 0	  0	  5	 13	 16	 11	 16	 11	 13	  9	  9	  5	  8	  3	  5	  2	 4	  2	 2	 4	 0	 0	 0	 0	 0	 0	 0	 1	 0	 0	 0	 0	 0	 0	 1	 0	0	0	0	0	0	0	1	0	0	0	0	0	0	0	0	0	0	0	0	0	0	0	1	0	0	0	0	0	0	0	0	0	0	0	0	0	0	0	1	0	0	0	0	0	0	0	0	0	0	0	0	 0	 0	 0	 0	 0	 0	 0	 0	 1	  1	 10	 10	 12	 16	  7	 16	 12	 17	  4	  7	  5	 5	 6	 2	 1	 1	 0	 3	 0	 0	 0	 2	 1	 0	 0	 0	 0	 0	 0	 0	 0	0	0	0	1	0	0	0	0	0	0	0	0	0	0	0	0	0	0	0	0	0	0	0	0	0	0	#_91        
 2008	 9	3	3	2	 283	0	0	0	0	0	0	1	0	0	0	1	0	0	0	0	0	0	0	0	0	0	0	0	1	0	0	0	0	0	0	 0	 0	 0	 0	 0	 0	 0	  0	  2	 15	 25	 11	 10	  8	  5	  7	  8	 12	  6	  4	  4	  3	 7	  2	 3	 2	 1	 0	 1	 2	 0	 0	 0	 0	 0	 0	 0	 0	 0	 0	 0	 0	0	0	0	0	0	0	0	0	0	0	0	0	0	0	0	1	0	0	1	0	0	0	0	0	0	0	0	1	0	0	0	0	0	0	0	0	0	0	0	0	0	0	0	0	0	0	0	0	0	0	0	 0	 0	 0	 0	 0	 0	 0	 1	 0	  0	  3	 12	 21	 13	 12	  6	  9	 13	  9	  7	  8	 1	 4	 2	 3	 4	 2	 1	 2	 0	 1	 1	 2	 0	 0	 0	 0	 0	 0	 0	 0	0	1	1	0	0	0	0	0	0	0	0	0	0	0	0	0	0	0	0	0	0	0	0	0	0	0	#_92        
 2009	 9	3	3	2	 283	0	0	0	0	0	0	0	0	0	0	0	0	0	0	0	0	0	0	0	0	0	0	0	0	0	0	0	0	0	0	 0	 1	 0	 0	 0	 0	 0	  0	  7	 12	 19	 13	 12	  9	 18	 16	  9	 20	  5	  3	  7	  0	 2	  1	 1	 2	 0	 0	 0	 0	 0	 0	 0	 0	 0	 0	 0	 0	 0	 0	 0	 0	0	0	0	0	0	0	0	0	1	0	0	0	0	0	0	0	0	0	0	0	0	0	0	0	0	0	0	0	0	0	0	0	0	0	0	0	0	0	0	0	0	0	0	0	0	0	0	0	0	0	0	 0	 0	 0	 0	 0	 0	 0	 0	 0	  0	  5	 16	 15	 12	 15	 11	 10	  7	  9	  8	  5	 2	 2	 3	 0	 1	 1	 0	 0	 0	 1	 2	 0	 0	 0	 0	 0	 0	 0	 0	 0	0	0	0	0	0	0	0	0	0	0	0	0	0	0	0	0	0	0	0	0	0	0	0	0	0	0	#_93        
 2014	 9	3	3	2	 283	0	0	0	0	0	0	0	0	0	0	0	0	0	0	0	0	0	0	0	0	0	0	0	0	0	0	0	0	0	0	 0	 0	 0	 0	 0	 0	 0	  1	  1	  5	 13	  9	 10	 10	 13	 15	  8	  9	  2	  4	  4	  4	 6	  6	 2	 3	 0	 0	 6	 3	 0	 0	 1	 0	 0	 0	 0	 0	 0	 0	 0	 0	0	0	0	0	0	0	0	0	0	0	0	0	0	0	0	1	0	0	0	0	0	0	0	0	0	0	0	0	0	0	0	0	0	0	0	0	0	0	0	0	0	0	0	0	0	0	1	0	0	0	0	 0	 1	 0	 0	 0	 0	 0	 0	 0	  0	  3	  8	 14	 14	 15	  8	  7	  9	  7	  5	 11	10	 5	 1	 8	 4	 2	 3	 2	 0	 0	 1	 1	 0	 0	 2	 0	 0	 0	 1	 1	0	0	0	0	0	0	1	0	0	0	0	0	0	1	0	0	0	0	0	0	0	1	0	0	0	0	#_94        
 2015	 5	3	3	2	 283	0	0	0	0	0	0	0	0	0	0	0	0	0	0	0	0	0	0	0	0	0	0	0	0	1	0	0	0	0	0	 0	 0	 0	 0	 0	 0	 0	  1	  6	 11	 10	 10	 14	 10	 20	 13	 11	  7	  5	  5	  4	  4	 1	  3	 4	 4	 4	 1	 1	 0	 0	 0	 0	 0	 0	 0	 0	 0	 0	 1	 0	 0	0	0	0	0	0	0	0	0	0	0	0	0	0	0	0	0	0	0	0	0	0	0	1	0	0	0	0	0	0	0	0	0	0	0	0	0	0	0	0	0	0	0	0	0	0	0	0	0	0	0	0	 0	 0	 0	 0	 0	 0	 0	 0	 0	  3	  3	 17	 12	 14	 11	 10	  5	 10	  6	  4	  8	 3	 4	 1	 2	 3	 3	 2	 2	 0	 1	 2	 1	 1	 0	 1	 1	 0	 0	 0	 0	0	0	0	0	0	0	1	0	0	0	0	0	0	0	0	0	0	0	0	0	0	0	0	0	0	0	#_95        
 2016	 7	3	3	2	 283	0	0	0	0	0	0	0	0	0	0	0	0	0	0	0	0	0	0	0	0	0	0	1	0	0	0	0	0	0	0	 0	 0	 0	 0	 0	 0	 0	  0	  2	 11	  9	 13	  8	 11	 16	  7	 10	  7	  4	  5	  3	  4	 4	  2	 5	 1	 1	 1	 1	 2	 0	 1	 0	 1	 0	 1	 0	 1	 0	 0	 0	 0	0	0	1	0	0	0	0	0	0	0	0	0	0	0	0	0	0	0	0	0	0	0	0	0	0	0	0	0	0	0	0	0	0	0	0	0	0	0	0	0	0	0	0	0	0	0	0	0	0	0	0	 0	 0	 0	 0	 0	 0	 0	 0	 0	  0	  1	 10	 11	 11	 14	 14	 15	 11	  6	  9	  5	 3	 7	 5	 5	 4	 3	 2	 6	 2	 2	 1	 2	 0	 1	 0	 0	 0	 0	 0	 0	0	0	0	0	0	0	0	0	0	0	0	0	0	0	0	0	0	0	0	0	0	0	0	0	0	0	#_96        
 2017	 7	3	3	2	 283	0	0	0	0	0	0	0	0	0	0	0	0	1	0	1	0	0	0	0	0	0	0	0	0	0	0	0	0	0	0	 0	 0	 0	 0	 0	 0	 1	  1	  4	  9	  8	 12	  8	  8	 10	  6	 10	  8	 13	  7	 10	  5	 4	  1	 4	 3	 1	 2	 2	 0	 2	 1	 0	 0	 0	 0	 0	 0	 0	 0	 0	 0	0	0	0	0	0	0	0	0	0	0	0	0	0	0	0	0	0	0	0	0	0	0	0	0	0	0	0	0	0	0	0	0	0	0	0	0	0	0	0	0	0	0	0	0	0	0	0	0	0	0	0	 0	 0	 0	 0	 0	 0	 0	 0	 0	  0	  4	  5	 10	 14	 18	  7	 12	  6	 12	 10	  5	 6	 7	 3	 7	 5	 1	 2	 1	 2	 0	 0	 2	 0	 0	 0	 1	 0	 0	 1	 0	0	0	0	0	0	0	0	0	0	0	0	0	0	0	0	0	0	0	0	0	0	0	0	0	0	0	#_97        
 2018	 7	3	3	2	 283	0	0	0	0	0	0	0	0	0	0	0	0	0	0	0	0	0	0	0	0	0	0	0	0	0	0	0	0	0	0	 0	 0	 0	 0	 0	 0	 0	  0	  4	  4	  9	  8	 14	  8	 14	  6	  9	 10	  8	  6	  2	  4	 3	  3	 2	 4	 3	 2	 0	 1	 0	 1	 0	 1	 0	 0	 0	 0	 0	 0	 1	 0	0	0	0	0	0	0	0	0	0	0	0	1	0	0	0	0	0	0	0	0	0	0	0	0	0	0	0	0	0	0	0	0	0	0	0	0	0	0	0	0	0	0	0	0	0	0	0	0	0	0	0	 0	 0	 0	 0	 0	 0	 0	 0	 0	  1	  4	  7	  4	 11	 15	 13	 15	  9	 10	 10	  7	 8	 7	 6	 6	 5	 2	 1	 2	 1	 2	 2	 0	 1	 1	 0	 1	 0	 0	 0	 0	0	1	0	0	0	1	0	0	0	0	0	0	0	0	0	0	0	0	0	0	1	0	0	0	1	0	#_98        
 2019	 7	3	3	2	 283	0	0	0	0	0	0	0	0	0	0	0	0	0	0	0	0	0	0	0	0	0	0	0	0	0	0	0	0	0	0	 0	 0	 0	 0	 0	 0	 0	  0	  1	  6	  7	 11	  7	  9	 11	 10	  8	  4	  5	  5	  4	  3	 8	  4	 4	 2	 3	 2	 3	 1	 1	 1	 4	 1	 0	 0	 1	 1	 0	 0	 0	 0	0	0	0	0	0	0	0	0	0	0	0	0	0	0	0	0	0	0	0	0	0	0	0	0	0	0	0	0	0	0	0	0	0	0	0	0	0	0	0	0	0	0	0	0	0	0	0	0	0	0	0	 0	 0	 0	 0	 0	 0	 0	 0	 2	  0	  2	  8	 11	  6	 13	 13	  9	 18	  9	  4	  9	 8	 8	 6	 3	 3	 3	 4	 6	 3	 0	 0	 3	 2	 0	 0	 2	 0	 0	 0	 0	0	0	0	0	0	0	0	0	1	0	0	0	0	0	0	0	0	0	0	0	0	0	0	0	0	0	#_99        
 2020	 9	3	3	2	 283	0	0	0	0	0	0	0	1	0	0	0	0	0	0	0	0	0	0	0	0	0	0	0	0	0	0	0	0	0	0	 0	 0	 0	 0	 0	 1	 0	  1	  4	  5	 13	 13	 13	 12	 11	 14	  7	  4	  7	  6	  4	  3	 4	  3	 2	 3	 0	 1	 1	 0	 2	 1	 2	 0	 0	 0	 0	 0	 1	 0	 0	 1	0	0	0	0	0	0	0	0	0	0	0	0	0	0	0	0	0	0	0	0	0	0	0	0	0	0	0	0	0	0	0	0	0	0	0	0	0	0	0	0	0	0	0	0	0	0	0	0	0	0	0	 1	 0	 0	 0	 0	 0	 0	 0	 0	  0	  5	 11	 13	 12	 13	 15	 13	 14	  6	  7	  4	 7	 2	 2	 5	 1	 5	 1	 1	 1	 0	 0	 0	 2	 1	 1	 0	 0	 0	 0	 0	0	0	0	0	0	0	0	0	0	0	0	0	0	0	0	0	0	0	0	0	0	0	0	0	0	0	#_100       
-9999	 0	0	0	0	   0	0	0	0	0	0	0	0	0	0	0	0	0	0	0	0	0	0	0	0	0	0	0	0	0	0	0	0	0	0	0	 0	 0	 0	 0	 0	 0	 0	  0	  0	  0	  0	  0	  0	  0	  0	  0	  0	  0	  0	  0	  0	  0	 0	  0	 0	 0	 0	 0	 0	 0	 0	 0	 0	 0	 0	 0	 0	 0	 0	 0	 0	 0	0	0	0	0	0	0	0	0	0	0	0	0	0	0	0	0	0	0	0	0	0	0	0	0	0	0	0	0	0	0	0	0	0	0	0	0	0	0	0	0	0	0	0	0	0	0	0	0	0	0	0	 0	 0	 0	 0	 0	 0	 0	 0	 0	  0	  0	  0	  0	  0	  0	  0	  0	  0	  0	  0	  0	 0	 0	 0	 0	 0	 0	 0	 0	 0	 0	 0	 0	 0	 0	 0	 0	 0	 0	 0	 0	0	0	0	0	0	0	0	0	0	0	0	0	0	0	0	0	0	0	0	0	0	0	0	0	0	0	#_terminator
0 #_N_agebins
#
#_MeanSize_at_Age_obs
0 #_use_MeanSize_at_Age_obs
0 #_N_environ_variables
0 #_N_sizefreq_methods
0 #_do_tags
0 #_morphcomp_data
0 #_use_selectivity_priors
#
999
